"Motif Name","Consensus","P-value","Log P-value","q-value (Benjamini)","# of Target Sequences with Motif(of 1379)","% of Target Sequences with Motif","# of Background Sequences with Motif(of 47992)","% of Background Sequences with Motif","FC","log FC","Significance(-logpvalXFC)","clusterId","finalGene"
"IRF2(IRF)/Erythroblas-IRF2-ChIP-Seq(GSE36985)/Homer","GAAASYGAAASY","1e-65","-1.499e+02","0.0000","124.0","8.99","575.9","1.20","7.49166666666667","0.874578445685604","56.8475989695643","53","IRF2"
"Pax7(Paired Homeobox)/Myoblast-Pax7-ChIP-Seq(GSE25064)/Homer","TAATCAATTA","1e-57","-1.313e+02","0.0000","124.0","8.99","684.6","1.43","6.28671328671329","0.798423654268167","45.5101482932855","95","PAX7"
"IRF8(IRF)/BMDM-IRF8-ChIP-Seq(GSE77884)/Homer","GRAASTGAAAST","1e-32","-7.374e+01","0.0000","143.0","10.37","1570.1","3.27","3.17125382262997","0.501231003728755","16.0393921193202","51","IRF8"
"c-Myc(bHLH)/LNCAP-cMyc-ChIP-Seq(Unpublished)/Homer","VCCACGTG","1e-29","-6.791e+01","0.0000","152.0","11.02","1844.6","3.85","2.86233766233766","0.456720865007266","13.2449050852107","13","MYC"
"Hand2(bHLH)/Mesoderm-Hand2-ChIP-Seq(GSE61475)/Homer","TGACANARRCCAGRC","1e-26","-6.058e+01","0.0000","147.0","10.66","1877.9","3.91","2.72634271099744","0.435580447294687","11.3250916296619","105","HAND2"
"ZNF416(Zf)/HEK293-ZNF416.GFP-ChIP-Seq(GSE58341)/Homer","WDNCTGGGCA","1e-26","-5.990e+01","0.0000","187.0","13.56","2768.7","5.77","2.35008665511265","0.371083876375313","9.64818078575814","41","ZNF416"
"IRF3(IRF)/BMDM-Irf3-ChIP-Seq(GSE67343)/Homer","AGTTTCAKTTTC","1e-24","-5.722e+01","0.0000","143.0","10.37","1859.5","3.88","2.67268041237113","0.426947030794834","10.246728739076","53","IRF3"
"Phox2a(Homeobox)/Neuron-Phox2a-ChIP-Seq(GSE31456)/Homer","YTAATYNRATTA","1e-24","-5.651e+01","0.0000","187.0","13.56","2852.8","5.95","2.27899159663866","0.357742723802495","8.58582537125988","59","PHOX2A"
"ZBTB18(Zf)/HEK293-ZBTB18.GFP-ChIP-Seq(GSE58341)/Homer","AACATCTGGA","1e-21","-4.901e+01","0.0000","182.0","13.20","2934.7","6.12","2.15686274509804","0.333822509060289","7.01027269026606","167","ZBTB18"
"MafA(bZIP)/Islet-MafA-ChIP-Seq(GSE30298)/Homer","TGCTGACTCA","1e-20","-4.776e+01","0.0000","222.0","16.10","3961.1","8.26","1.94915254237288","0.289845828711468","5.79691657422935","69","MAFA"
"PRDM15(Zf)/ESC-Prdm15-ChIP-Seq(GSE73694)/Homer","YCCDNTCCAGGTTTT","1e-19","-4.551e+01","0.0000","231.0","16.75","4270.5","8.90","1.88202247191011","0.274624804727951","5.21787128983107","125","PRDM15"
"Dlx3(Homeobox)/Kerainocytes-Dlx3-ChIP-Seq(GSE89884)/Homer","NDGTAATTAC","1e-16","-3.896e+01","0.0000","226.0","16.39","4384.5","9.14","1.79321663019694","0.253632757836668","4.05812412538668","43","DLX3"
"Bcl6(Zf)/Liver-Bcl6-ChIP-Seq(GSE31578)/Homer","NNNCTTTCCAGGAAA","1e-16","-3.865e+01","0.0000","224.0","16.24","4343.3","9.05","1.79447513812155","0.253937445699953","4.06299913119925","23","BCL6"
"Prop1(Homeobox)/GHFT1-PROP1.biotin-ChIP-Seq(GSE77302)/Homer","NTAATBNAATTA","1e-16","-3.780e+01","0.0000","220.0","15.95","4270.3","8.90","1.79213483146067","0.253370680748287","4.05393089197259","58","PROP1"
"CHR(?)/Hela-CellCycle-Expression/Homer","SRGTTTCAAA","1e-15","-3.636e+01","0.0000","198.0","14.36","3746.8","7.81","1.83866837387964","0.264503406028981","3.96755109043472","150","CHR"
"Lhx2(Homeobox)/HFSC-Lhx2-ChIP-Seq(GSE48068)/Homer","TAATTAGN","1e-13","-3.202e+01","0.0000","302.0","21.90","6830.9","14.24","1.53792134831461","0.186934125539281","2.43014363201065","44","LHX2"
"STAT4(Stat)/CD4-Stat4-ChIP-Seq(GSE22104)/Homer","NYTTCCWGGAAR","1e-13","-3.109e+01","0.0000","191.0","13.85","3770.3","7.86","1.76208651399491","0.246027227361059","3.19835395569377","23","STAT4"
"GSC(Homeobox)/FrogEmbryos-GSC-ChIP-Seq(DRA000576)/Homer","RGGATTAR","1e-12","-2.803e+01","0.0000","274.0","19.87","6238.1","13.00","1.52846153846154","0.184254514802978","2.21105417763574","38","GSC"
"Tcf21(bHLH)/ArterySmoothMuscle-Tcf21-ChIP-Seq(GSE61369)/Homer","NAACAGCTGG","1e-12","-2.766e+01","0.0000","267.0","19.36","6056.4","12.62","1.53407290015848","0.185845998064259","2.23015197677111","8","TCF21"
"BHLHA15(bHLH)/NIH3T3-BHLHB8.HA-ChIP-Seq(GSE119782)/Homer","NAMCAGCTGK","1e-11","-2.567e+01","0.0000","302.0","21.90","7203.2","15.01","1.45902731512325","0.164063422596848","1.80469764856533","8","BHLHA15"
"TCF4(bHLH)/SHSY5Y-TCF4-ChIP-Seq(GSE96915)/Homer","SMCATCTGKH","1e-11","-2.561e+01","0.0000","311.0","22.55","7476.8","15.59","1.44644002565747","0.160300431025138","1.76330474127651","8","TCF4"
"TATA-Box(TBP)/Promoter/Homer","CCTTTTAWAGSC","1e-9","-2.145e+01","0.0000","304.0","22.04","7547.3","15.73","1.40114431023522","0.146482867556461","1.31834580800814","164","TBP"
"LXH9(Homeobox)/Hct116-LXH9.V5-ChIP-Seq(GSE116822)/Homer","NGCTAATTAG","1e-9","-2.111e+01","0.0000","349.0","25.31","8953.1","18.66","1.35637727759914","0.132380505747773","1.19142455172996","44","LXH9"
"NeuroG2(bHLH)/Fibroblast-NeuroG2-ChIP-Seq(GSE75910)/Homer","ACCATCTGTT","1e-8","-2.065e+01","0.0000","303.0","21.97","7575.2","15.79","1.39138695376821","0.143447926912216","1.14758341529773","8","NEUROG2"
"Twist2(bHLH)/Myoblast-Twist2.Ty1-ChIP-Seq(GSE127998)/Homer","MCAGCTGBYH","1e-8","-2.051e+01","0.0000","351.0","25.45","9062.9","18.89","1.34727368978295","0.129455828750944","1.03564663000755","8","TWIST2"
"Lhx1(Homeobox)/EmbryoCarcinoma-Lhx1-ChIP-Seq(GSE70957)/Homer","NNYTAATTAR","1e-8","-2.014e+01","0.0000","316.0","22.92","8010.4","16.70","1.37245508982036","0.137498142147769","1.09998513718215","44","LHX1"
"KLF14(Zf)/HEK293-KLF14.GFP-ChIP-Seq(GSE58341)/Homer","RGKGGGCGKGGC","1e-8","-1.920e+01","0.0000","232.0","16.82","5546.6","11.56","1.45501730103806","0.162868157377383","1.30294525901906","35","KLF14"
"Olig2(bHLH)/Neuron-Olig2-ChIP-Seq(GSE30882)/Homer","RCCATMTGTT","1e-8","-1.909e+01","0.0000","380.0","27.56","10088.0","21.03","1.31050879695673","0.117439940549267","0.939519524394137","8","OLIG2"
"Lhx3(Homeobox)/Neuron-Lhx3-ChIP-Seq(GSE31456)/Homer","ADBTAATTAR","1e-8","-1.849e+01","0.0000","426.0","30.89","11606.4","24.19","1.27697395618024","0.106182039939571","0.849456319516568","43","LHX3"
"Isl1(Homeobox)/Neuron-Isl1-ChIP-Seq(GSE31456)/Homer","CTAATKGV","1e-7","-1.774e+01","0.0000","376.0","27.27","10082.0","21.02","1.29733587059943","0.113052426249406","0.791366983745845","83","ISL1"
"CRX(Homeobox)/Retina-Crx-ChIP-Seq(GSE20012)/Homer","GCTAATCC","1e-7","-1.706e+01","0.0000","428.0","31.04","11807.4","24.61","1.26127590410402","0.100810098883348","0.705670692183438","37","CRX"
"TRPS1(Zf)/MCF7-TRPS1-ChIP-Seq(GSE107013)/Homer","AGATAAGANN","1e-7","-1.690e+01","0.0000","406.0","29.44","11115.7","23.17","1.27060854553302","0.104011771875486","0.728082403128399","31","TRPS1"
"Tgif2(Homeobox)/mES-Tgif2-ChIP-Seq(GSE55404)/Homer","TGTCANYT","1e-7","-1.687e+01","0.0000","582.0","42.20","16895.8","35.22","1.19818285065304","0.0785230993304158","0.54966169531291","94","TGIF2"
"Tgif1(Homeobox)/mES-Tgif1-ChIP-Seq(GSE55404)/Homer","YTGWCADY","1e-6","-1.606e+01","0.0000","561.0","40.68","16282.4","33.94","1.19858573954037","0.07866910626905","0.4720146376143","94","TGIF1"
"Nkx6.1(Homeobox)/Islet-Nkx6.1-ChIP-Seq(GSE40975)/Homer","GKTAATGR","1e-6","-1.582e+01","0.0000","563.0","40.83","16376.4","34.14","1.19595782073814","0.0777158631442823","0.466295178865693","9","NKX6-1"
"Nkx2.1(Homeobox)/LungAC-Nkx2.1-ChIP-Seq(GSE43252)/Homer","RSCACTYRAG","1e-6","-1.534e+01","0.0000","448.0","32.49","12631.4","26.33","1.23395366502089","0.0912988522389147","0.547793113433488","11","NKX2-1"
"TR4(NR) DR1/Hela-TR4-ChIP-Seq(GSE24685)/Homer","GAGGTCAAAGGTCA","1e-6","-1.405e+01","0.0000","36.0","2.61","495.5","1.03","2.53398058252427","0.403803282633109","2.42281969579865","22","NR2C2(NR)"
"Ptf1a(bHLH)/Panc1-Ptf1a-ChIP-Seq(GSE47459)/Homer","ACAGCTGTTN","1e-5","-1.350e+01","0.0000","489.0","35.46","14184.5","29.57","1.19918836658776","0.0788874067387813","0.394437033693907","8","PTF1A"
"Hoxd13(Homeobox)/ChickenMSG-Hoxd13.Flag-ChIP-Seq(GSE86088)/Homer","NCYAATAAAA","1e-4","-9.735e+00","0.0006","381.0","27.63","11100.0","23.14","1.19403630077787","0.0770175303007806","0.308070121203122","32","HOXD13"
"Nanog(Homeobox)/mES-Nanog-ChIP-Seq(GSE11724)/Homer","RGCCATTAAC","1e-3","-7.789e+00","0.0044","692.0","50.18","21901.1","45.65","1.09923329682366","0.041089875108274","0.123269625324822","32","NANOG"
"Maz(Zf)/HepG2-Maz-ChIP-Seq(GSE31477)/Homer","GGGGGGGG","1e-3","-7.342e+00","0.0068","155.0","11.24","4162.2","8.68","1.29493087557604","0.11224658605655","0.336739758169651","102","MAZ"
"RXR(NR) DR1/3T3L1-RXR-ChIP-Seq(GSE13511)/Homer","TAGGGCAAAGGTCA","1e-2","-6.862e+00","0.0107","124.0","8.99","3256.6","6.79","1.3240058910162","0.121889917452727","0.243779834905454","22","RXRA(NR)"
"Tbx5(T-box)/HL1-Tbx5.biotin-ChIP-Seq(GSE21529)/Homer","AGGTGTCA","1e-2","-6.741e+00","0.0118","502.0","36.40","15591.4","32.50","1.12","0.0492180226701816","0.0984360453403631","39","TBX5"
"EAR2(NR)/K562-NR2F6-ChIP-Seq(Encode)/Homer","NRBCARRGGTCA","1e-2","-6.449e+00","0.0154","168.0","12.18","4663.9","9.72","1.25308641975309","0.0979810233705819","0.195962046741164","61","NR2F6(NR)"
"Sp5(Zf)/mES-Sp5.Flag-ChIP-Seq(GSE72989)/Homer","RGKGGGCGGAGC","1e-2","-6.428e+00","0.0154","134.0","9.72","3606.0","7.52","1.29255319148936","0.111448424334632","0.222896848669265","35","SP5"
"NFY(CCAAT)/Promoter/Homer","RGCCAATSRG","1e-2","-6.222e+00","0.0185","145.0","10.51","3968.3","8.27","1.27085852478839","0.104097206475696","0.208194412951391","166","NFYA"
"Rfx2(HTH)/LoVo-RFX2-ChIP-Seq(GSE49402)/Homer","GTTGCCATGGCAACM","1e-2","-6.162e+00","0.0192","25.0","1.81","456.5","0.95","1.90526315789474","0.279954969580337","0.559909939160673","33","RFX2"
"X-box(HTH)/NPC-H3K4me1-ChIP-Seq(GSE16256)/Homer","GGTTGCCATGGCAA","1e-2","-6.025e+00","0.0216","23.0","1.67","411.1","0.86","1.94186046511628","0.288218019904016","0.576436039808031","32","RFX2"
"COUP-TFII(NR)/Artia-Nr2f2-ChIP-Seq(GSE46497)/Homer","AGRGGTCA","1e-2","-5.998e+00","0.0217","225.0","16.32","6537.4","13.63","1.1973587674248","0.0782242985831688","0.156448597166338","60","NR2F2(NR)"
"Nur77(NR)/K562-NR4A1-ChIP-Seq(GSE31363)/Homer","TGACCTTTNCNT","1e-2","-5.938e+00","0.0226","46.0","3.34","1026.6","2.14","1.5607476635514","0.193332693462374","0.386665386924747","69","NR4A1(NR)"
"Klf4(Zf)/mES-Klf4-ChIP-Seq(GSE11431)/Homer","GCCACACCCA","1e-2","-5.854e+00","0.0241","44.0","3.19","975.1","2.03","1.57142857142857","0.196294645143968","0.392589290287936","34","KLF4"
"c-Jun-CRE(bZIP)/K562-cJun-ChIP-Seq(GSE31477)/Homer","ATGACGTCATCY","1e-2","-5.790e+00","0.0252","67.0","4.86","1637.9","3.41","1.42521994134897","0.153881890269796","0.307763780539591","96","JUN"
"RFX(HTH)/K562-RFX3-ChIP-Seq(SRA012198)/Homer","CGGTTGCCATGGCAAC","1e-2","-5.708e+00","0.0268","22.0","1.60","398.0","0.83","1.92771084337349","0.285041890279851","0.570083780559702","34","RFX3"
"Sp2(Zf)/HEK293-Sp2.eGFP-ChIP-Seq(Encode)/Homer","YGGCCCCGCCCC","1e-2","-5.498e+00","0.0325","165.0","11.97","4682.9","9.76","1.22643442622951","0.0886443327397189","0.177288665479438","35","SP2"
"WT1(Zf)/Kidney-WT1-ChIP-Seq(GSE90016)/Homer","MCTCCCMCRCAB","1e-2","-4.751e+00","0.0673","85.0","6.16","2264.7","4.72","1.30508474576271","0.115638713530338","0.231277427060675","19","WT1"
"Pitx1(Homeobox)/Chicken-Pitx1-ChIP-Seq(GSE38910)/Homer","TAATCCCN","1e-2","-4.739e+00","0.0673","677.0","49.09","22003.5","45.87","1.07019838674515","0.0294642919678869","0.0589285839357738","155","PITX1"
"Sp1(Zf)/Promoter/Homer","GGCCCCGCCCCC","1e-2","-4.709e+00","0.0677","33.0","2.39","733.0","1.53","1.56209150326797","0.193706470130539","0.387412940261078","35","SP1"
"ZNF675(Zf)/HEK293-ZNF675.GFP-ChIP-Seq(GSE58341)/Homer","ARGAGGMCAAAATGW","1e-2","-4.704e+00","0.0677","29.0","2.10","622.2","1.30","1.61538461538462","0.208275942427082","0.416551884854165","38","ZNF675"
"CRE(bZIP)/Promoter/Homer","CSGTGACGTCAC","1e-2","-4.628e+00","0.0709","59.0","4.28","1489.1","3.10","1.38064516129032","0.140082075178899","0.280164150357799","66","CREB1"
"COUP-TFII(NR)/K562-NR2F1-ChIP-Seq(Encode)/Homer","GKBCARAGGTCA","1e-1","-4.566e+00","0.0742","176.0","12.76","5161.6","10.76","1.18587360594796","0.0740384030547731","0.0740384030547731","60","NR2F2(NR)"
"Atf7(bZIP)/3T3L1-Atf7-ChIP-Seq(GSE56872)/Homer","NGRTGACGTCAY","1e-1","-4.528e+00","0.0758","92.0","6.67","2502.5","5.22","1.27777777777778","0.106455330914287","0.106455330914287","98","ATF7"
"Usf2(bHLH)/C2C12-Usf2-ChIP-Seq(GSE36030)/Homer","GTCACGTGGT","1e-1","-4.433e+00","0.0820","51.0","3.70","1267.4","2.64","1.40151515151515","0.146597797197164","0.146597797197164","99","USF2"
"KLF10(Zf)/HEK293-KLF10.GFP-ChIP-Seq(GSE58341)/Homer","GGGGGTGTGTCC","1e-1","-4.431e+00","0.0820","145.0","10.51","4184.5","8.72","1.2052752293578","0.0810862310956749","0.0810862310956749","70","KLF10"
"Rfx1(HTH)/NPC-H3K4me1-ChIP-Seq(GSE16256)/Homer","KGTTGCCATGGCAA","1e-1","-4.424e+00","0.0820","30.0","2.18","664.7","1.39","1.56834532374101","0.19544169335051","0.19544169335051","34","RFX1"
"Hoxa13(Homeobox)/ChickenMSG-Hoxa13.Flag-ChIP-Seq(GSE86088)/Homer","CYHATAAAAN","1e-1","-4.416e+00","0.0820","538.0","39.01","17294.4","36.05","1.08210818307906","0.0342706812563435","0.0342706812563435","32","HOXA13"
"Egr1(Zf)/K562-Egr1-ChIP-Seq(GSE32465)/Homer","TGCGTGGGYG","1e-1","-4.398e+00","0.0820","101.0","7.32","2796.2","5.83","1.25557461406518","0.0988425262993778","0.0988425262993778","19","EGR1"
"PPARa(NR) DR1/Liver-Ppara-ChIP-Seq(GSE47954)/Homer","VNAGGKCAAAGGTCA","1e-1","-4.023e+00","0.1144","121.0","8.77","3473.0","7.24","1.21132596685083","0.0832610271688936","0.0832610271688936","22","PPARA(NR)"
"KLF3(Zf)/MEF-Klf3-ChIP-Seq(GSE44748)/Homer","NRGCCCCRCCCHBNN","1e-1","-3.925e+00","0.1243","53.0","3.84","1367.8","2.85","1.34736842105263","0.129486364359021","0.129486364359021","35","KLF3"
"EKLF(Zf)/Erythrocyte-Klf1-ChIP-Seq(GSE20478)/Homer","NWGGGTGTGGCY","1e-1","-3.896e+00","0.1260","23.0","1.67","499.0","1.04","1.60576923076923","0.205683131848803","0.205683131848803","35","KLF1"
"PPARE(NR) DR1/3T3L1-Pparg-ChIP-Seq(GSE13511)/Homer","TGACCTTTGCCCCA","1e-1","-3.861e+00","0.1286","99.0","7.18","2796.1","5.83","1.23156089193825","0.0904558894832862","0.0904558894832862","22","PPARG(NR)"
"REST-NRSF(Zf)/Jurkat-NRSF-ChIP-Seq/Homer","GGMGCTGTCCATGGTGCTGA","1e-1","-3.684e+00","0.1514","4.0","0.29","38.5","0.08","3.625","0.559308010907012","0.559308010907012","50","REST"
"Rfx6(HTH)/Min6b1-Rfx6.HA-ChIP-Seq(GSE62844)/Homer","TGTTKCCTAGCAACM","1e-1","-3.506e+00","0.1785","124.0","8.99","3641.1","7.59","1.18445322793149","0.0735179158377484","0.0735179158377484","46","RFX6"
"ERRg(NR)/Kidney-ESRRG-ChIP-Seq(GSE104905)/Homer","GTGACCTTGRVN","1e-1","-3.490e+00","0.1788","105.0","7.61","3034.6","6.33","1.20221169036335","0.0799809467532177","0.0799809467532177","155","ERRG(NR)"
"MITF(bHLH)/MastCells-MITF-ChIP-Seq(GSE48085)/Homer","RTCATGTGAC","1e-1","-3.385e+00","0.1960","124.0","8.99","3659.2","7.63","1.17824377457405","0.0712351537783483","0.0712351537783483","139","MITF"
"TEAD1(TEAD)/HepG2-TEAD1-ChIP-Seq(Encode)/Homer","CYRCATTCCA","1e-1","-3.380e+00","0.1960","105.0","7.61","3049.5","6.36","1.19654088050314","0.0779275411221589","0.0779275411221589","28","TEAD1"
"Klf9(Zf)/GBM-Klf9-ChIP-Seq(GSE62211)/Homer","GCCACRCCCACY","1e-1","-3.354e+00","0.1969","47.0","3.41","1235.5","2.58","1.32170542635659","0.121134673029268","0.121134673029268","35","KLF9"
"Atf1(bZIP)/K562-ATF1-ChIP-Seq(GSE31477)/Homer","GATGACGTCA","1e-1","-3.336e+00","0.1978","134.0","9.72","3990.3","8.32","1.16826923076923","0.0675429386355507","0.0675429386355507","97","ATF1"
"JunD(bZIP)/K562-JunD-ChIP-Seq/Homer","ATGACGTCATCN","1e-1","-3.323e+00","0.1979","28.0","2.03","672.9","1.40","1.45","0.161368002234975","0.161368002234975","98","JUND"
"TEAD4(TEA)/Tropoblast-Tead4-ChIP-Seq(GSE37350)/Homer","CCWGGAATGY","1e-1","-3.242e+00","0.2118","90.0","6.53","2589.6","5.40","1.20925925925926","0.0825194214521054","0.0825194214521054","28","TEAD4"
"NF-E2(bZIP)/K562-NFE2-ChIP-Seq(GSE31477)/Homer","GATGACTCAGCA","1e-1","-3.204e+00","0.2172","9.0","0.65","157.8","0.33","1.96969696969697","0.294399416764968","0.294399416764968","17","NFE2"
"KLF5(Zf)/LoVo-KLF5-ChIP-Seq(GSE49402)/Homer","DGGGYGKGGC","1e-1","-3.180e+00","0.2197","132.0","9.57","3950.7","8.24","1.16140776699029","0.0649847260797278","0.0649847260797278","34","KLF5"
"ERE(NR) IR3/MCF7-ERa-ChIP-Seq(Unpublished)/Homer","VAGGTCACNSTGACC","1e-1","-3.175e+00","0.2197","33.0","2.39","829.6","1.73","1.38150289017341","0.140351797819342","0.140351797819342","18","ESR1(NR)"
"Ronin(THAP)/ES-Thap11-ChIP-Seq(GSE51522)/Homer","RACTACAACTCCCAGVAKGC","1e-1","-3.161e+00","0.2197","4.0","0.29","45.0","0.09","3.22222222222222","0.508155488459631","0.508155488459631","45","THAP11"
"KLF6(Zf)/PDAC-KLF6-ChIP-Seq(GSE64557)/Homer","MKGGGYGTGGCC","1e-1","-3.125e+00","0.2238","104.0","7.54","3053.3","6.36","1.18553459119497","0.0739142302213601","0.0739142302213601","35","KLF6"
"Sox17(HMG)/Endoderm-Sox17-ChIP-Seq(GSE61475)/Homer","CCATTGTTYB","1e-1","-3.062e+00","0.2355","103.0","7.47","3030.4","6.32","1.18196202531646","0.0726035235330137","0.0726035235330137","73","SOX17"
"Zac1(Zf)/Neuro2A-Plagl1-ChIP-Seq(GSE75942)/Homer","HAWGRGGCCM","1e-1","-3.040e+00","0.2380","239.0","17.33","7508.0","15.65","1.1073482428115","0.0442842208314497","0.0442842208314497","61","PLAGL1"
"ZNF467(Zf)/HEK293-ZNF467.GFP-ChIP-Seq(GSE58341)/Homer","TGGGGAAGGGCM","1e-1","-2.965e+00","0.2538","75.0","5.44","2148.7","4.48","1.21428571428571","0.0843208857000359","0.0843208857000358","139","ZNF467"
"Pknox1(Homeobox)/ES-Prep1-ChIP-Seq(GSE63282)/Homer","SCTGTCAVTCAV","1e-1","-2.889e+00","0.2707","37.0","2.68","972.6","2.03","1.32019704433498","0.120638756115576","0.120638756115576","120","PKNOX1"
"Atf2(bZIP)/3T3L1-Atf2-ChIP-Seq(GSE56872)/Homer","NRRTGACGTCAT","1e-1","-2.879e+00","0.2707","63.0","4.57","1779.2","3.71","1.23180592991914","0.0905422904548044","0.0905422904548043","96","ATF2"
"Pbx3(Homeobox)/GM12878-PBX3-ChIP-Seq(GSE32465)/Homer","SCTGTCAMTCAN","1e-1","-2.791e+00","0.2917","38.0","2.76","1011.1","2.11","1.30805687203791","0.116626626767525","0.116626626767525","119","PBX3"
"Sox2(HMG)/mES-Sox2-ChIP-Seq(GSE11431)/Homer","BCCATTGTTC","1e-1","-2.769e+00","0.2949","136.0","9.86","4151.6","8.65","1.13988439306358","0.056860807476397","0.056860807476397","74","SOX2"
"GFY-Staf(? Zf)/Promoter/Homer","RACTACAATTCCCAGAAKGC","1e-1","-2.712e+00","0.3089","6.0","0.44","98.1","0.20","2.2","0.342422680822206","0.342422680822206","46","GFY"
"Bach2(bZIP)/OCILy7-Bach2-ChIP-Seq(GSE44420)/Homer","TGCTGAGTCA","1e-1","-2.675e+00","0.3172","26.0","1.89","658.5","1.37","1.37956204379562","0.139741237016837","0.139741237016837","17","BACH2"
"NPAS2(bHLH)/Liver-NPAS2-ChIP-Seq(GSE39860)/Homer","KCCACGTGAC","1e-1","-2.633e+00","0.3272","137.0","9.93","4209.6","8.77","1.13226909920182","0.0539496551293407","0.0539496551293407","101","NPAS2"
"GATA3(Zf) DR4/iTreg-Gata3-ChIP-Seq(GSE20898)/Homer","AGATGKDGAGATAAG","1e-1","-2.608e+00","0.3319","16.0","1.16","370.7","0.77","1.50649350649351","0.177967264054437","0.177967264054437","144","GATA3"
"Sox4(HMG)/proB-Sox4-ChIP-Seq(GSE50066)/Homer","YCTTTGTTCC","1e-1","-2.605e+00","0.3319","131.0","9.50","4017.7","8.37","1.13500597371565","0.0549981472955878","0.0549981472955878","74","SOX4"
"CTCF(Zf)/CD4+-CTCF-ChIP-Seq(Barski_et_al.)/Homer","AYAGTGCCMYCTRGTGGCCA","1e-1","-2.572e+00","0.3371","35.0","2.54","939.9","1.96","1.29591836734694","0.112577645263462","0.112577645263462","83","CTCF"
"Oct11(POU Homeobox)/NCIH1048-POU2F3-ChIP-seq(GSE115123)/Homer","GATTTGCATA","1e-1","-2.512e+00","0.3542","50.0","3.63","1413.0","2.95","1.23050847457627","0.0900846090579495","0.0900846090579495","93","OCT11(POU2F3)"
"LXRE(NR) DR4/RAW-LXRb.biotin-ChIP-Seq(GSE21512)/Homer","RGGTTACTANAGGTCA","1e-1","-2.438e+00","0.3775","8.0","0.58","157.1","0.33","1.75757575757576","0.24491405368505","0.24491405368505","83","NR1H2(NR)"
"ZFX(Zf)/mES-Zfx-ChIP-Seq(GSE11431)/Homer","AGGCCTRG","1e-1","-2.435e+00","0.3775","89.0","6.45","2673.7","5.57","1.15798922800718","0.0637045194615388","0.0637045194615388","84","ZFX"
"TEAD3(TEA)/HepG2-TEAD3-ChIP-Seq(Encode)/Homer","TRCATTCCAG","1e-1","-2.415e+00","0.3787","116.0","8.41","3560.0","7.42","1.13342318059299","0.0543920905188851","0.0543920905188851","28","TEAD3"
"SCL(bHLH)/HPC7-Scl-ChIP-Seq(GSE13511)/Homer","AVCAGCTG","1e-1","-2.332e+00","0.4076","783.0","56.78","26388.9","55.01","1.03217596800582","0.0137537432400724","0.0137537432400724","8","TAL1"
"RORgt(NR)/EL4-RORgt.Flag-ChIP-Seq(GSE56019)/Homer","AAYTAGGTCA","1e-1","-2.318e+00","0.4076","23.0","1.67","595.4","1.24","1.34677419354839","0.129294785985348","0.129294785985348","4","RORC(NR)"
"RORgt(NR)/EL4-RORgt.Flag-ChIP-Seq(GSE56019)/Homer","AAYTAGGTCA","1e-1","-2.318e+00","0.4076","23.0","1.67","595.4","1.24","1.34677419354839","0.129294785985348","0.129294785985348","4","RORC(NR)"
"OCT:OCT(POU Homeobox IR1)/NPC-Brn2-ChIP-Seq(GSE35496)/Homer","ATGAATWATTCATGA","1e0","-2.262e+00","0.4244","6.0","0.44","111.5","0.23","1.91304347826087","0.281724840468594","0","37","BRN2(POU3F2)"
"Hoxc9(Homeobox)/Ainv15-Hoxc9-ChIP-Seq(GSE21812)/Homer","GGCCATAAATCA","1e0","-2.168e+00","0.4622","107.0","7.76","3309.9","6.90","1.12463768115942","0.0510126305209331","0","10","HOXC9"
"TEAD2(TEA)/Py2T-Tead2-ChIP-Seq(GSE55709)/Homer","CCWGGAATGY","1e0","-2.163e+00","0.4622","52.0","3.77","1518.8","3.17","1.18927444794953","0.0752820879880413","0","28","TEAD2"
"VDR(NR) DR3/GM10855-VDR+vitD-ChIP-Seq(GSE22484)/Homer","ARAGGTCANWGAGTTCANNN","1e0","-2.157e+00","0.4622","25.0","1.81","670.0","1.40","1.29285714285714","0.111550539190946","0","142","VDR(NR)"
"Rfx5(HTH)/GM12878-Rfx5-ChIP-Seq(GSE31477)/Homer","SCCTAGCAACAG","1e0","-2.146e+00","0.4622","36.0","2.61","1012.4","2.11","1.23696682464455","0.0923580520405883","0","46","RFX5"
"RUNX-AML(Runt)/CD4+-PolII-ChIP-Seq(Barski_et_al.)/Homer","GCTGTGGTTW","1e0","-2.126e+00","0.4644","105.0","7.61","3251.3","6.78","1.12241887905605","0.0501549629035095","0","41","RUNX1"
"Nrf2(bZIP)/Lymphoblast-Nrf2-ChIP-Seq(GSE37589)/Homer","HTGCTGAGTCAT","1e0","-2.102e+00","0.4712","7.0","0.51","144.0","0.30","1.7","0.230448921378274","0","17","NFE2L2"
"OCT:OCT(POU Homeobox)/NPC-OCT6-ChIP-Seq(GSE43916)/Homer","YATGCATATRCATRT","1e0","-2.097e+00","0.4712","17.0","1.23","431.5","0.90","1.36666666666667","0.135662602000073","0","171","OCT6(POU3F1)"
"BORIS(Zf)/K562-CTCFL-ChIP-Seq(GSE32465)/Homer","CNNBRGCGCCCCCTGSTGGC","1e0","-2.025e+00","0.4997","34.0","2.47","962.1","2.01","1.22885572139303","0.0895008958391769","0","83","CTCFL"
"Tlx?(NR)/NPC-H3K4me1-ChIP-Seq(GSE16256)/Homer","CTGGCAGSCTGCCA","1e0","-1.979e+00","0.5188","30.0","2.18","841.5","1.75","1.24571428571429","0.0954184449183104","0","131","NR2E1(NR)"
"RUNX2(Runt)/PCa-RUNX2-ChIP-Seq(GSE33889)/Homer","NWAACCACADNN","1e0","-1.958e+00","0.5254","119.0","8.63","3749.2","7.82","1.10358056265985","0.0428040426553616","0","43","RUNX2"
"CUX1(Homeobox)/K562-CUX1-ChIP-Seq(GSE92882)/Homer","TATCGATNAN","1e0","-1.945e+00","0.5275","129.0","9.35","4085.9","8.52","1.09741784037559","0.0403720161058176","0","75","CUX1"
"NF1(CTF)/LNCAP-NF1-ChIP-Seq(Unpublished)/Homer","CYTGGCABNSTGCCAR","1e0","-1.934e+00","0.5287","25.0","1.81","689.3","1.44","1.25694444444444","0.0993160827739348","0","132","NFIB"
"RARa(NR)/K562-RARa-ChIP-Seq(Encode)/Homer","TTGAMCTTTG","1e0","-1.908e+00","0.5381","362.0","26.25","11992.0","25.00","1.05","0.0211892990699381","0","160","RARA(NR)"
"OCT:OCT(POU Homeobox)/NPC-Brn1-ChIP-Seq(GSE35496)/Homer","ATGAATATTCATGAG","1e0","-1.882e+00","0.5477","2.0","0.15","24.9","0.05","3","0.477121254719662","0","3","OCT4(POU5F1)"
"TEAD(TEA)/Fibroblast-PU.1-ChIP-Seq(Unpublished)/Homer","YCWGGAATGY","1e0","-1.875e+00","0.5477","65.0","4.71","1981.7","4.13","1.14043583535109","0.0570708554724951","0","27","TEAD2"
"ZNF136(Zf)/HEK293-ZNF136.GFP-ChIP-Seq(GSE58341)/Homer","YTKGATAHAGTATTCTWGGTNGGCA","1e0","-1.846e+00","0.5585","11.0","0.80","269.4","0.56","1.42857142857143","0.154901959985743","0","168","ZNF136"
"GATA3(Zf) DR8/iTreg-Gata3-ChIP-Seq(GSE20898)/Homer","AGATSTNDNNDSAGATAASN","1e0","-1.841e+00","0.5585","15.0","1.09","389.8","0.81","1.34567901234568","0.128941479061974","0","167","GATA3"
"Ets1-distal(ETS)/CD4+-PolII-ChIP-Seq(Barski_et_al.)/Homer","MACAGGAAGT","1e0","-1.838e+00","0.5585","56.0","4.06","1693.1","3.53","1.15014164305949","0.0607513281893715","0","24","ETS1"
"Zfp281(Zf)/ES-Zfp281-ChIP-Seq(GSE81042)/Homer","CCCCTCCCCCAC","1e0","-1.833e+00","0.5585","16.0","1.16","420.0","0.88","1.31818181818182","0.11997531707675","0","156","ZFP281"
"Sox3(HMG)/NPC-Sox3-ChIP-Seq(GSE33059)/Homer","CCWTTGTY","1e0","-1.803e+00","0.5645","260.0","18.85","8546.4","17.81","1.05839416058394","0.0246474350785682","0","74","SOX3"
"RORa(NR)/Liver-Rora-ChIP-Seq(GSE101115)/Homer","AAWCTAGGTCARDNN","1e0","-1.789e+00","0.5677","22.0","1.60","609.5","1.27","1.25984251968504","0.100316261699968","0","4","RORA(NR)"
"Pax8(Paired Homeobox)/Thyroid-Pax8-ChIP-Seq(GSE26938)/Homer","GTCATGCHTGRCTGS","1e0","-1.788e+00","0.5677","33.0","2.39","957.1","2.00","1.195","0.0773679052841565","0","6","PAX8"
"Sox9(HMG)/Limb-SOX9-ChIP-Seq(GSE73225)/Homer","AGGVNCCTTTGT","1e0","-1.773e+00","0.5677","103.0","7.47","3256.9","6.79","1.10014727540501","0.041450827534897","0","102","SOX9"
"EBF(EBF)/proBcell-EBF-ChIP-Seq(GSE21978)/Homer","DGTCCCYRGGGA","1e0","-1.773e+00","0.5677","15.0","1.09","394.4","0.82","1.32926829268293","0.123612645556907","0","89","EBF1"
"HIC1(Zf)/Treg-ZBTB29-ChIP-Seq(GSE99889)/Homer","TGCCAGCB","1e0","-1.727e+00","0.5855","190.0","13.78","6193.2","12.91","1.06738962044926","0.0283229753051867","0","153","HIC1"
"Gata2(Zf)/K562-GATA2-ChIP-Seq(GSE18829)/Homer","BBCTTATCTS","1e0","-1.698e+00","0.5979","102.0","7.40","3239.8","6.75","1.0962962962963","0.0399279468999513","0","31","GATA2"
"PRDM10(Zf)/HEK293-PRDM10.eGFP-ChIP-Seq(Encode)/Homer","TGGTACATTCCA","1e0","-1.691e+00","0.5979","57.0","4.13","1750.0","3.65","1.13150684931507","0.0536571871999263","0","88","PRDM10"
"Sox15(HMG)/CPA-Sox15-ChIP-Seq(GSE62909)/Homer","RAACAATGGN","1e0","-1.667e+00","0.6075","158.0","11.46","5128.7","10.69","1.07202993451824","0.0302069124225932","0","74","SOX15"
"Six4(Homeobox)/MCF7-SIX4-ChIP-Seq(Encode)/Homer","TGWAAYCTGABACCB","1e0","-1.666e+00","0.6075","8.0","0.58","191.9","0.40","1.45","0.161368002234975","0","64","SIX4"
"Zic3(Zf)/mES-Zic3-ChIP-Seq(GSE37889)/Homer","GGCCYCCTGCTGDGH","1e0","-1.648e+00","0.6104","67.0","4.86","2086.8","4.35","1.11724137931035","0.0481470123076561","0","12","ZIC3"
"NPAS(bHLH)/Liver-NPAS-ChIP-Seq(GSE39860)/Homer","NVCACGTG","1e0","-1.625e+00","0.6194","244.0","17.69","8060.9","16.80","1.05297619047619","0.0224185511838603","0","13","NPAS2"
"Mef2b(MADS)/HEK293-Mef2b.V5-ChIP-Seq(GSE67450)/Homer","GCTATTTTTGGM","1e0","-1.625e+00","0.6194","137.0","9.93","4432.0","9.24","1.07467532467532","0.0312772772752745","0","45","MEF2B"
"Srebp2(bHLH)/HepG2-Srebp2-ChIP-Seq(GSE31477)/Homer","CGGTCACSCCAC","1e0","-1.594e+00","0.6299","15.0","1.09","408.8","0.85","1.28235294117647","0.108007572226331","0","68","SREBF2"
"GFY(?)/Promoter/Homer","ACTACAATTCCC","1e0","-1.521e+00","0.6727","6.0","0.44","140.8","0.29","1.51724137931034","0.181054678587231","0","45","GFY"
"CTCF-SatelliteElement(Zf?)/CD4+-CTCF-ChIP-Seq(Barski_et_al.)/Homer","TGCAGTTCCMVNWRTGGCCA","1e0","-1.518e+00","0.6727","3.0","0.22","56.1","0.12","1.83333333333333","0.263241434774581","0","20","CTCF-SatelliteElement"
"Pit1+1bp(Homeobox)/GCrat-Pit1-ChIP-Seq(GSE58009)/Homer","ATGCATAATTCA","1e0","-1.477e+00","0.6932","69.0","5.00","2185.6","4.56","1.09649122807018","0.0400051616715838","0","36","PIT1(POU1F1)"
"Sox10(HMG)/SciaticNerve-Sox3-ChIP-Seq(GSE35132)/Homer","CCWTTGTYYB","1e0","-1.472e+00","0.6932","231.0","16.75","7670.8","15.99","1.04752970606629","0.0201663476266293","0","74","SOX10"
"Twist(bHLH)/HMLE-TWIST1-ChIP-Seq(Chang_et_al)/Homer","VCAKCTGGNNNCCAGMTGBN","1e0","-1.443e+00","0.7068","18.0","1.31","516.0","1.08","1.21296296296296","0.0838475401688146","0","8","TWIST1"
"ZNF41(Zf)/HEK293-ZNF41.GFP-ChIP-Seq(GSE58341)/Homer","CCTCATGGTGYCYTWYTCCCTTGTG","1e0","-1.420e+00","0.7183","3.0","0.22","59.7","0.12","1.83333333333333","0.263241434774581","0","47","ZNF41"
"Foxo1(Forkhead)/RAW-Foxo1-ChIP-Seq(Fan_et_al.)/Homer","CTGTTTAC","1e0","-1.416e+00","0.7183","332.0","24.08","11153.9","23.25","1.03569892473118","0.0152335253598142","0","94","FOXO1"
"Erra(NR)/HepG2-Erra-ChIP-Seq(GSE31477)/Homer","CAAAGGTCAG","1e0","-1.349e+00","0.7609","222.0","16.10","7407.5","15.44","1.04274611398964","0.0181785800321324","0","170","ESRRA(NR)"
"Esrrb(NR)/mES-Esrrb-ChIP-Seq(GSE11431)/Homer","KTGACCTTGA","1e0","-1.335e+00","0.7661","80.0","5.80","2584.4","5.39","1.0760667903525","0.0318392283761986","0","154","ESRRB(NR)"
"Oct2(POU Homeobox)/Bcell-Oct2-ChIP-Seq(GSE21512)/Homer","ATATGCAAAT","1e0","-1.301e+00","0.7871","41.0","2.97","1286.4","2.68","1.10820895522388","0.0446216552884235","0","94","OCT2(POU2F2)"
"RUNX(Runt)/HPC7-Runx1-ChIP-Seq(GSE22178)/Homer","SAAACCACAG","1e0","-1.280e+00","0.7990","101.0","7.32","3307.4","6.89","1.06240928882438","0.0262918591507661","0","42","RUNX1"
"LEF1(HMG)/H1-LEF1-ChIP-Seq(GSE64758)/Homer","CCTTTGATST","1e0","-1.261e+00","0.8085","101.0","7.32","3312.6","6.91","1.05933429811867","0.0250330336841935","0","92","LEF1"
"Oct6(POU Homeobox)/NPC-Pou3f1-ChIP-Seq(GSE35496)/Homer","WATGCAAATGAG","1e0","-1.256e+00","0.8085","69.0","5.00","2232.6","4.65","1.0752688172043","0.0315170514460649","0","121","OCT6(POU3F1)"
"Atf4(bZIP)/MEF-Atf4-ChIP-Seq(GSE35681)/Homer","MTGATGCAAT","1e0","-1.249e+00","0.8085","57.0","4.13","1830.7","3.82","1.08115183246073","0.0338866887446923","0","140","ATF4"
"RORg(NR)/Liver-Rorc-ChIP-Seq(GSE101115)/Homer","WAABTAGGTCAV","1e0","-1.198e+00","0.8443","16.0","1.16","477.4","1.00","1.16","0.0644579892269184","0","4","RORG(NR)"
"PBX2(Homeobox)/K562-PBX2-ChIP-Seq(Encode)/Homer","RTGATTKATRGN","1e0","-1.189e+00","0.8463","159.0","11.53","5310.5","11.07","1.04155374887082","0.0176816864159762","0","10","PBX2"
"PAX5(Paired Homeobox)/GM12878-PAX5-ChIP-Seq(GSE32465)/Homer","GCAGCCAAGCRTGACH","1e0","-1.186e+00","0.8463","43.0","3.12","1373.8","2.86","1.09090909090909","0.0377885608893998","0","6","PAX5"
"Brn1(POU Homeobox)/NPC-Brn1-ChIP-Seq(GSE35496)/Homer","TATGCWAATBAV","1e0","-1.175e+00","0.8472","50.0","3.63","1610.2","3.36","1.08035714285714","0.0335673476462684","0","121","OCT8(POU3F3)"
"E2F7(E2F)/Hela-E2F7-ChIP-Seq(GSE32673)/Homer","VDTTTCCCGCCA","1e0","-1.158e+00","0.8559","8.0","0.58","223.6","0.47","1.23404255319149","0.0913301356272198","0","5","E2F7"
"Bcl11a(Zf)/HSPC-BCL11A-ChIP-Seq(GSE104676)/Homer","TYTGACCASWRG","1e0","-1.151e+00","0.8566","81.0","5.87","2663.4","5.55","1.05765765765766","0.0243451181249383","0","130","BCL11A"
"ARE(NR)/LNCAP-AR-ChIP-Seq(GSE27824)/Homer","RGRACASNSTGTYCYB","1e0","-1.142e+00","0.8591","25.0","1.81","780.3","1.63","1.11042944785276","0.0454909704652267","0","79","AR(NR)"
"PBX1(Homeobox)/MCF7-PBX1-ChIP-Seq(GSE28007)/Homer","GSCTGTCACTCA","1e0","-1.120e+00","0.8730","12.0","0.87","355.9","0.74","1.17567567567568","0.0702875328876423","0","119","PBX1"
"Srebp1a(bHLH)/HepG2-Srebp1a-ChIP-Seq(GSE31477)/Homer","RTCACSCCAY","1e0","-1.108e+00","0.8782","19.0","1.38","586.9","1.22","1.13114754098361","0.0535192557264882","0","67","SREBF1"
"Six1(Homeobox)/Myoblast-Six1-ChIP-Chip(GSE20150)/Homer","GKVTCADRTTWC","1e0","-1.097e+00","0.8820","35.0","2.54","1121.8","2.34","1.08547008547009","0.0356178592097953","0","65","SIX1"
"Oct4:Sox17(POU Homeobox HMG)/F9-Sox17-ChIP-Seq(GSE44553)/Homer","CCATTGTATGCAAAT","1e0","-1.087e+00","0.8857","21.0","1.52","655.7","1.37","1.10948905109489","0.0451230207883658","0","76","OCT4_SOX17"
"Bach1(bZIP)/K562-Bach1-ChIP-Seq(GSE31477)/Homer","AWWNTGCTGAGTCAT","1e0","-1.067e+00","0.8983","7.0","0.51","198.4","0.41","1.24390243902439","0.0947863193782009","0","17","BACH1"
"GATA:SCL(Zf bHLH)/Ter119-SCL-ChIP-Seq(GSE18720)/Homer","CRGCTGBNGNSNNSAGATAA","1e0","-1.060e+00","0.8990","18.0","1.31","559.7","1.17","1.11965811965812","0.0490854339096026","0","142","TAL1_GATA1"
"PAX3:FKHR-fusion(Paired Homeobox)/Rh4-PAX3:FKHR-ChIP-Seq(GSE19063)/Homer","ACCRTGACTAATTNN","1e0","-1.040e+00","0.9114","30.0","2.18","963.4","2.01","1.08457711442786","0.035260436184116","0","49","PAX3_FKHR_fusion"
"Chop(bZIP)/MEF-Chop-ChIP-Seq(GSE35681)/Homer","ATTGCATCAT","1e0","-1.022e+00","0.9222","44.0","3.19","1439.4","3.00","1.06333333333333","0.0266694283375187","0","141","DDIT3"
"THRb(NR)/HepG2-THRb.Flag-ChIP-Seq(Encode)/Homer","GGTCACCTGAGGTCA","1e0","-1.020e+00","0.9222","50.0","3.63","1644.0","3.43","1.05830903790087","0.024612504993342","0","82","THRB(NR)"
"MNT(bHLH)/HepG2-MNT-ChIP-Seq(Encode)/Homer","DGCACACGTG","1e0","-1.006e+00","0.9263","122.0","8.85","4107.2","8.56","1.0338785046729","0.0144695060206722","0","144","MNT"
"TCFL2(HMG)/K562-TCF7L2-ChIP-Seq(GSE29196)/Homer","ACWTCAAAGG","1e0","-9.946e-01","0.9312","13.0","0.94","401.3","0.84","1.11904761904762","0.048848567537817","0","91","TCFL2"
"Pax7(Paired Homeobox) long/Myoblast-Pax7-ChIP-Seq(GSE25064)/Homer","TAATCHGATTAC","1e0","-9.770e-01","0.9422","7.0","0.51","205.6","0.43","1.18604651162791","0.0741017205183499","0","60","PAX7"
"Pit1(Homeobox)/GCrat-Pit1-ChIP-Seq(GSE58009)/Homer","ATGMATATDC","1e0","-9.692e-01","0.9441","155.0","11.24","5255.4","10.95","1.02648401826484","0.0113521920569052","0","3","PIT1(POU1F1)"
"SpiB(ETS)/OCILY3-SPIB-ChIP-Seq(GSE56857)/Homer","AAAGRGGAAGTG","1e0","-9.690e-01","0.9441","27.0","1.96","874.7","1.82","1.07692307692308","0.0321846833714013","0","56","SPIB"
"Reverb(NR) DR2/RAW-Reverba.biotin-ChIP-Seq(GSE45914)/Homer","GTRGGTCASTGGGTCA","1e0","-9.641e-01","0.9441","11.0","0.80","338.4","0.71","1.12676056338028","0.0518316382728683","0","140","NR1D1(NR)"
"DMRT6(DM)/Testis-DMRT6-ChIP-Seq(GSE60440)/Homer","YDGHTACAWTGTADC","1e0","-9.173e-01","0.9773","27.0","1.96","883.6","1.84","1.06521739130435","0.0274382483469396","0","133","Dmrtb1(mouse)"
"MafK(bZIP)/C2C12-MafK-ChIP-Seq(GSE36030)/Homer","GCTGASTCAGCA","1e0","-9.120e-01","0.9773","26.0","1.89","850.2","1.77","1.06779661016949","0.0284885378114375","0","17","MAFK"
"Cux2(Homeobox)/Liver-Cux2-ChIP-Seq(GSE35985)/Homer","HNRAATCAAT","1e0","-9.048e-01","0.9784","78.0","5.66","2630.7","5.48","1.03284671532847","0.0140358727039022","0","58","CUX2"
"HOXA1(Homeobox)/mES-Hoxa1-ChIP-Seq(SRP084292)/Homer","TGATKGATGR","1e0","-9.038e-01","0.9784","49.0","3.55","1636.5","3.41","1.04105571847507","0.0174739740625964","0","10","HOXA1"
"ETS:E-box(ETS bHLH)/HPC7-Scl-ChIP-Seq(GSE22178)/Homer","AGGAARCAGCTG","1e0","-8.669e-01","1.0000","15.0","1.09","484.9","1.01","1.07920792079208","0.0331051241579811","0","98","ETS_E-box"
"RARg(NR)/ES-RARg-ChIP-Seq(GSE30538)/Homer","AGGTCAAGGTCA","1e0","-8.650e-01","1.0000","2.0","0.15","50.9","0.11","1.36363636363636","0.134698573897456","0","117","RARG(NR)"
"p53(p53)/Saos-p53-ChIP-Seq/Homer","RRCATGYCYRGRCATGYYYN","1e0","-8.620e-01","1.0000","9.0","0.65","282.3","0.59","1.10169491525424","0.0420613450007114","0","1","TP53"
"p53(p53)/Saos-p53-ChIP-Seq(GSE15780)/Homer","RRCATGYCYRGRCATGYYYN","1e0","-8.620e-01","1.0000","9.0","0.65","282.3","0.59","1.10169491525424","0.0420613450007114","0","1","TP53"
"Oct4(POU Homeobox)/mES-Oct4-ChIP-Seq(GSE11431)/Homer","ATTTGCATAW","1e0","-8.409e-01","1.0000","80.0","5.80","2719.3","5.67","1.02292768959436","0.00984493467003068","0","93","OCT4(POU5F1)"
"HNF4a(NR) DR1/HepG2-HNF4a-ChIP-Seq(GSE25021)/Homer","CARRGKBCAAAGTYCA","1e0","-8.252e-01","1.0000","47.0","3.41","1587.6","3.31","1.03021148036254","0.012926385216779","0","22","HNF4A(NR)"
"FXR(NR) IR1/Liver-FXR-ChIP-Seq(Chong_et_al.)/Homer","AGGTCANTGACCTB","1e0","-8.090e-01","1.0000","32.0","2.32","1075.2","2.24","1.03571428571429","0.0152399665567368","0","74","NR1H4(NR)"
"RAR:RXR(NR) DR5/ES-RAR-ChIP-Seq(GSE56893)/Homer","RGGTCADNNAGAGGTCAV","1e0","-8.005e-01","1.0000","3.0","0.22","87.0","0.18","1.22222222222222","0.0871501757189002","0","160","RAR_RXR(NR)"
"Pitx1:Ebox(Homeobox bHLH)/Hindlimb-Pitx1-ChIP-Seq(GSE41591)/Homer","YTAATTRAWWCCAGATGT","1e0","-7.953e-01","1.0000","39.0","2.83","1319.8","2.75","1.02909090909091","0.0124537416940276","0","8","PITX1"
"Phox2b(Homeobox)/CLBGA-PHOX2B-ChIP-Seq(GSE90683)/Homer","TTAATTNAATTA","1e0","-7.906e-01","1.0000","45.0","3.26","1527.3","3.18","1.0251572327044","0.0107904800835062","0","60","PHOX2B"
"HNF6(Homeobox)/Liver-Hnf6-ChIP-Seq(ERP000394)/Homer","NTATYGATCH","1e0","-7.873e-01","1.0000","92.0","6.67","3152.9","6.57","1.01522070015221","0.00656046435676814","0","158","ONECUT1"
"PSE(SNAPc)/K562-mStart-Seq/Homer","WAVTCACCMTAASYDAAAAG","1e0","-7.790e-01","1.0000","82.0","5.95","2809.8","5.86","1.01535836177474","0.00661934971045887","0","126","PSE"
"ZNF189(Zf)/HEK293-ZNF189.GFP-ChIP-Seq(GSE58341)/Homer","TGGAACAGMA","1e0","-7.773e-01","1.0000","76.0","5.51","2602.0","5.42","1.01660516605166","0.00715231231339807","0","108","ZNF189"
"Hoxb4(Homeobox)/ES-Hoxb4-ChIP-Seq(GSE34014)/Homer","TGATTRATGGCY","1e0","-7.724e-01","1.0000","34.0","2.47","1152.2","2.40","1.02916666666667","0.0124857115480597","0","10","HOXB4"
"FOXP1(Forkhead)/H9-FOXP1-ChIP-Seq(GSE31006)/Homer","NYYTGTTTACHN","1e0","-7.657e-01","1.0000","106.0","7.69","3645.2","7.60","1.01184210526316","0.00511274752063968","0","30","FOXP1"
"Egr2(Zf)/Thymocytes-Egr2-ChIP-Seq(GSE34254)/Homer","NGCGTGGGCGGR","1e0","-7.621e-01","1.0000","17.0","1.23","568.1","1.18","1.04237288135593","0.0180231041332726","0","19","EGR2"
"NF1-halfsite(CTF)/LNCaP-NF1-ChIP-Seq(Unpublished)/Homer","YTGCCAAG","1e0","-7.521e-01","1.0000","152.0","11.02","5246.2","10.94","1.0073126142596","0.00316427251835429","0","123","NF1"
"CEBP:CEBP(bZIP)/MEF-Chop-ChIP-Seq(GSE35681)/Homer","NTNATGCAAYMNNHTGMAAY","1e0","-7.500e-01","1.0000","17.0","1.23","570.2","1.19","1.03361344537815","0.0143581500468672","0","102","CEBP_CEBP"
"Max(bHLH)/K562-Max-ChIP-Seq(GSE31477)/Homer","RCCACGTGGYYN","1e0","-7.374e-01","1.0000","69.0","5.00","2373.0","4.95","1.01010101010101","0.00436480540245011","0","13","MAX"
"p63(p53)/Keratinocyte-p63-ChIP-Seq(GSE17611)/Homer","NNDRCATGYCYNRRCATGYH","1e0","-7.186e-01","1.0000","33.0","2.39","1130.8","2.36","1.01271186440678","0.00548589797803118","0","1","TP63"
"CEBP:AP1(bZIP)/ThioMac-CEBPb-ChIP-Seq(GSE21512)/Homer","DRTGTTGCAA","1e0","-7.136e-01","1.0000","123.0","8.92","4257.2","8.87","1.00563697857948","0.00244123454439668","0","87","CEBPA_JUN(AP-1)"
"ZNF143|STAF(Zf)/CUTLL-ZNF143-ChIP-Seq(GSE29600)/Homer","ATTTCCCAGVAKSCY","1e0","-7.109e-01","1.0000","29.0","2.10","993.8","2.07","1.01449275362319","0.00624894927700154","0","46","ZNF143"
"HOXA2(Homeobox)/mES-Hoxa2-ChIP-Seq(Donaldson_et_al.)/Homer","GYCATCMATCAT","1e0","-7.104e-01","1.0000","16.0","1.16","542.4","1.13","1.02654867256637","0.0113795457434988","0","10","HOXA2"
"HRE(HSF)/Striatum-HSF1-ChIP-Seq(GSE38000)/Homer","TTCTAGAABNTTCTA","1e0","-7.069e-01","1.0000","18.0","1.31","612.9","1.28","1.0234375","0.0100613260078959","0","148","HRE"
"USF1(bHLH)/GM12878-Usf1-ChIP-Seq(GSE32465)/Homer","SGTCACGTGR","1e0","-6.938e-01","1.0000","51.0","3.70","1762.0","3.67","1.00817438692098","0.00353565981490566","0","13","USF1"
"E2F1(E2F)/Hela-E2F1-ChIP-Seq(GSE22478)/Homer","CWGGCGGGAA","1e0","-6.905e-01","1.0000","13.0","0.94","441.9","0.92","1.02173913043478","0.00934002625414334","0","5","E2F1"
"ZNF7(Zf)/HepG2-ZNF7.Flag-ChIP-Seq(Encode)/Homer","CTGCCWVCTTTTRTA","1e0","-6.793e-01","1.0000","75.0","5.44","2602.9","5.43","1.00184162062615","0.000799070109333003","0","16","ZNF7"
"c-Myc(bHLH)/mES-cMyc-ChIP-Seq(GSE11431)/Homer","VVCCACGTGG","1e0","-6.724e-01","1.0000","42.0","3.05","1455.2","3.03","1.00660066006601","0.00285721084448086","0","13","MYC"
"ZNF669(Zf)/HEK293-ZNF669.GFP-ChIP-Seq(GSE58341)/Homer","GARTGGTCATCGCCC","1e0","-6.579e-01","1.0000","7.0","0.51","236.9","0.49","1.04081632653061","0.0173740960694227","0","74","ZNF669"
"ZNF317(Zf)/HEK293-ZNF317.GFP-ChIP-Seq(GSE58341)/Homer","GTCWGCTGTYYCTCT","1e0","-6.469e-01","1.0000","14.0","1.02","483.5","1.01","1.00990099009901","0.00427879797927499","0","129","ZNF317"
"NFkB-p65-Rel(RHD)/ThioMac-LPS-Expression(GSE23622)/Homer","GGAAATTCCC","1e0","-6.461e-01","1.0000","5.0","0.36","167.2","0.35","1.02857142857143","0.0122344564170117","0","53","NFKB1_RELA"
"BMAL1(bHLH)/Liver-Bmal1-ChIP-Seq(GSE39860)/Homer","GNCACGTG","1e0","-6.425e-01","1.0000","237.0","17.19","8263.2","17.22","0.998257839721254","-0.000757270430583491","0","13","ARNTL"
"JunB(bZIP)/DendriticCells-Junb-ChIP-Seq(GSE36099)/Homer","RATGASTCAT","1e0","-6.393e-01","1.0000","66.0","4.79","2303.9","4.80","0.997916666666667","-0.000905723961023995","0","17","JunB"
"MafF(bZIP)/HepG2-MafF-ChIP-Seq(GSE31477)/Homer","HWWGTCAGCAWWTTT","1e0","-6.376e-01","1.0000","44.0","3.19","1535.4","3.20","0.996875","-0.00135929526272487","0","86","MAFF"
"Mef2a(MADS)/HL1-Mef2a.biotin-ChIP-Seq(GSE21529)/Homer","CYAAAAATAG","1e0","-6.299e-01","1.0000","55.0","3.99","1922.5","4.01","0.99501246882793","-0.00217147693343404","0","44","MEF2A"
"Fosl2(bZIP)/3T3L1-Fosl2-ChIP-Seq(GSE56872)/Homer","NATGASTCABNN","1e0","-6.275e-01","1.0000","35.0","2.54","1223.9","2.55","0.996078431372549","-0.00170646381401706","0","17","FOSL2"
"Brachyury(T-box)/Mesoendoderm-Brachyury-ChIP-exo(GSE54963)/Homer","ANTTMRCASBNNNGTGYKAAN","1e0","-6.244e-01","1.0000","44.0","3.19","1539.2","3.21","0.993769470404984","-0.00271434934769095","0","41","TBXT"
"ZNF264(Zf)/HEK293-ZNF264.GFP-ChIP-Seq(GSE58341)/Homer","RGGGCACTAACY","1e0","-6.235e-01","1.0000","62.0","4.50","2169.5","4.52","0.995575221238938","-0.00192592103603839","0","65","ZNF264"
"THRa(NR)/C17.2-THRa-ChIP-Seq(GSE38347)/Homer","GGTCANYTGAGGWCA","1e0","-6.232e-01","1.0000","31.0","2.25","1084.4","2.26","0.995575221238938","-0.00192592103603839","0","82","THRA(NR)"
"TFE3(bHLH)/MEF-TFE3-ChIP-Seq(GSE75757)/Homer","GTCACGTGACYV","1e0","-6.224e-01","1.0000","13.0","0.94","452.4","0.94","1","0","0","13","TFE3"
"MYNN(Zf)/HEK293-MYNN.eGFP-ChIP-Seq(Encode)/Homer","TTCAAAWTAAAAGTC","1e0","-6.123e-01","1.0000","52.0","3.77","1823.2","3.80","0.992105263157895","-0.00344224641101726","0","159","MYNN"
"Foxa2(Forkhead)/Liver-Foxa2-ChIP-Seq(GSE25694)/Homer","CYTGTTTACWYW","1e0","-6.115e-01","1.0000","154.0","11.17","5388.0","11.23","0.994657168299198","-0.00232658314584877","0","30","FOXA2"
"GATA(Zf) IR4/iTreg-Gata3-ChIP-Seq(GSE20898)/Homer","NAGATWNBNATCTNN","1e0","-6.107e-01","1.0000","13.0","0.94","454.7","0.95","0.989473684210526","-0.00459575168914912","0","135","GATA3"
"Smad4(MAD)/ESC-SMAD4-ChIP-Seq(GSE29422)/Homer","VBSYGTCTGG","1e0","-6.006e-01","1.0000","234.0","16.97","8186.8","17.07","0.994141769185706","-0.00255167879705784","0","138","SMAD4"
"GRHL2(CP2)/HBE-GRHL2-ChIP-Seq(GSE46194)/Homer","AAACYKGTTWDACMRGTTTB","1e0","-5.916e-01","1.0000","51.0","3.70","1795.9","3.74","0.989304812834225","-0.00466987813348519","0","167","GRHL2"
"Foxf1(Forkhead)/Lung-Foxf1-ChIP-Seq(GSE77951)/Homer","WWATRTAAACAN","1e0","-5.886e-01","1.0000","216.0","15.66","7566.8","15.77","0.993024730500951","-0.00303993560697826","0","30","FOXF1"
"Gata1(Zf)/K562-GATA1-ChIP-Seq(GSE18829)/Homer","SAGATAAGRV","1e0","-5.875e-01","1.0000","74.0","5.37","2603.9","5.43","0.988950276243094","-0.00482554388929133","0","31","GATA1"
"LRF(Zf)/Erythroblasts-ZBTB7A-ChIP-Seq(GSE74977)/Homer","AAGACCCYYN","1e0","-5.762e-01","1.0000","117.0","8.48","4114.0","8.58","0.988344988344988","-0.00509143559199159","0","127","ZBTB7A"
"p53(p53)/mES-cMyc-ChIP-Seq(GSE11431)/Homer","ACATGCCCGGGCAT","1e0","-5.698e-01","1.0000","1.0","0.07","29.8","0.06","1.16666666666667","0.0669467896306132","0","1","TP53"
"FOXK2(Forkhead)/U2OS-FOXK2-ChIP-Seq(E-MTAB-2204)/Homer","SCHTGTTTACAT","1e0","-5.577e-01","1.0000","131.0","9.50","4614.5","9.62","0.987525987525988","-0.00545146674896515","0","30","FOXK2"
"Brn2(POU Homeobox)/NPC-Brn2-ChIP-Seq(GSE35496)/Homer","ATGAATATTC","1e0","-5.565e-01","1.0000","12.0","0.87","428.9","0.89","0.97752808988764","-0.00987075402629428","0","3","OCT7(POU3F2)"
"Arnt:Ahr(bHLH)/MCF7-Arnt-ChIP-Seq(Lo_et_al.)/Homer","TBGCACGCAA","1e0","-5.469e-01","1.0000","110.0","7.98","3884.3","8.10","0.985185185185185","-0.00648212752792028","0","77","ARNT(HIF1B)"
"E-box(bHLH)/Promoter/Homer","SSGGTCACGTGA","1e0","-5.417e-01","1.0000","9.0","0.65","323.4","0.67","0.970149253731343","-0.0131614460579708","0","13","EBOX_promoter"
"Six2(Homeobox)/NephronProgenitor-Six2-ChIP-Seq(GSE39837)/Homer","GWAAYHTGAKMC","1e0","-5.400e-01","1.0000","131.0","9.50","4624.0","9.64","0.985477178423236","-0.00635342861398303","0","63","SIX2"
"HINFP(Zf)/K562-HINFP.eGFP-ChIP-Seq(Encode)/Homer","TWVGGTCCGC","1e0","-5.395e-01","1.0000","31.0","2.25","1107.5","2.31","0.974025974025974","-0.0114294617807818","0","104","HINFP"
"RUNX1(Runt)/Jurkat-RUNX1-ChIP-Seq(GSE29180)/Homer","AAACCACARM","1e0","-5.392e-01","1.0000","143.0","10.37","5045.6","10.52","0.98574144486692","-0.00623698342867929","0","43","RUNX1"
"Meis1(Homeobox)/MastCells-Meis1-ChIP-Seq(GSE48085)/Homer","VGCTGWCAVB","1e0","-5.353e-01","1.0000","232.0","16.82","8162.1","17.01","0.988830099941211","-0.00487832215067569","0","174","MEIS1"
"ETS:RUNX(ETS Runt)/Jurkat-RUNX1-ChIP-Seq(GSE17954)/Homer","RCAGGATGTGGT","1e0","-5.166e-01","1.0000","6.0","0.44","218.3","0.46","0.956521739130435","-0.0193051551953867","0","116","RUNX1"
"PRDM9(Zf)/Testis-DMC1-ChIP-Seq(GSE35498)/Homer","ADGGYAGYAGCATCT","1e0","-5.137e-01","1.0000","56.0","4.06","2000.2","4.17","0.973621103117506","-0.0116100213965634","0","167","PRDM9"
"GLIS3(Zf)/Thyroid-Glis3.GFP-ChIP-Seq(GSE103297)/Homer","CTCCCTGGGAGGCCN","1e0","-5.121e-01","1.0000","120.0","8.70","4255.0","8.87","0.980834272829763","-0.00840436721310788","0","14","GLIS3"
"ZBTB12(Zf)/HEK293-ZBTB12.GFP-ChIP-Seq(GSE58341)/Homer","NGNTCTAGAACCNGV","1e0","-5.116e-01","1.0000","43.0","3.12","1541.2","3.21","0.97196261682243","-0.0123504383864293","0","148","ZBTB12"
"Nkx3.1(Homeobox)/LNCaP-Nkx3.1-ChIP-Seq(GSE28264)/Homer","AAGCACTTAA","1e0","-5.044e-01","1.0000","281.0","20.38","9899.9","20.64","0.987403100775194","-0.00550551328476616","0","11","NKX3-1"
"Znf263(Zf)/K562-Znf263-ChIP-Seq(GSE31477)/Homer","CVGTSCTCCC","1e0","-4.964e-01","1.0000","264.0","19.14","9311.3","19.41","0.986089644513138","-0.00608360194753803","0","80","ZNF263"
"ZNF711(Zf)/SHSY5Y-ZNF711-ChIP-Seq(GSE20673)/Homer","AGGCCTAG","1e0","-4.888e-01","1.0000","117.0","8.48","4162.7","8.68","0.976958525345622","-0.010123872919778","0","85","ZNF711"
"OCT:OCT-short(POU Homeobox)/NPC-OCT6-ChIP-Seq(GSE43916)/Homer","ATGCATWATGCATRW","1e0","-4.638e-01","1.0000","102.0","7.40","3648.6","7.61","0.972404730617608","-0.0121529370395966","0","35","OCT6(POU3F1)"
"Otx2(Homeobox)/EpiLC-Otx2-ChIP-Seq(GSE56098)/Homer","NYTAATCCYB","1e0","-4.464e-01","1.0000","108.0","7.83","3870.5","8.07","0.970260223048327","-0.013111772664127","0","37","OTX2"
"NFIL3(bZIP)/HepG2-NFIL3-ChIP-Seq(Encode)/Homer","VTTACGTAAYNNNNN","1e0","-4.412e-01","1.0000","114.0","8.27","4085.8","8.52","0.970657276995305","-0.0129340852141535","0","127","NFIL3"
"FOXA1(Forkhead)/MCF7-FOXA1-ChIP-Seq(GSE26831)/Homer","WAAGTAAACA","1e0","-4.405e-01","1.0000","201.0","14.58","7148.5","14.90","0.978523489932886","-0.00942874443031824","0","30","FOXA1"
"Tbx20(T-box)/Heart-Tbx20-ChIP-Seq(GSE29636)/Homer","GGTGYTGACAGS","1e0","-4.357e-01","1.0000","27.0","1.96","996.7","2.08","0.942307692307692","-0.0258072636062855","0","106","TBX20"
"Zic(Zf)/Cerebellum-ZIC1.2-ChIP-Seq(GSE60731)/Homer","CCTGCTGAGH","1e0","-4.279e-01","1.0000","107.0","7.76","3846.5","8.02","0.967581047381546","-0.0143126470259751","0","12","ZIC1"
"FOXA1(Forkhead)/LNCAP-FOXA1-ChIP-Seq(GSE27824)/Homer","WAAGTAAACA","1e0","-4.187e-01","1.0000","241.0","17.48","8571.7","17.87","0.97817571348629","-0.00958312420726002","0","30","FOXA1"
"ZNF652/HepG2-ZNF652.Flag-ChIP-Seq(Encode)/Homer","TTAACCCTTTVNKKN","1e0","-4.072e-01","1.0000","51.0","3.70","1868.4","3.89","0.951156812339332","-0.0217478772587128","0","109","ZNF652"
"Fox:Ebox(Forkhead bHLH)/Panc1-Foxa2-ChIP-Seq(GSE47459)/Homer","NNNVCTGWGYAAACASN","1e0","-4.057e-01","1.0000","154.0","11.17","5521.7","11.51","0.970460469157255","-0.0130221505141827","0","30","FOXA2"
"Gata6(Zf)/HUG1N-GATA6-ChIP-Seq(GSE51936)/Homer","YCTTATCTBN","1e0","-4.002e-01","1.0000","140.0","10.15","5031.4","10.49","0.967588179218303","-0.0143094459443261","0","31","GATA6"
"DMRT1(DM)/Testis-DMRT1-ChIP-Seq(GSE64892)/Homer","TWGHWACAWTGTWDC","1e0","-3.940e-01","1.0000","32.0","2.32","1191.2","2.48","0.935483870967742","-0.0289636959353166","0","134","DMRT1"
"Mef2d(MADS)/Retina-Mef2d-ChIP-Seq(GSE61391)/Homer","GCTATTTTTAGC","1e0","-3.914e-01","1.0000","27.0","1.96","1011.9","2.11","0.928909952606635","-0.0320263839412166","0","44","MEF2D"
"ZNF519(Zf)/HEK293-ZNF519.GFP-ChIP-Seq(GSE58341)/Homer","GAGSCCGAGC","1e0","-3.838e-01","1.0000","15.0","1.09","575.9","1.20","0.908333333333333","-0.0417547481070011","0","143","ZNF519"
"NF1:FOXA1(CTF Forkhead)/LNCAP-FOXA1-ChIP-Seq(GSE27824)/Homer","WNTGTTTRYTTTGGCA","1e0","-3.812e-01","1.0000","6.0","0.44","239.7","0.50","0.88","-0.0555173278498314","0","55","FOXA1_NF1"
"GFX(?)/Promoter/Homer","ATTCTCGCGAGA","1e0","-3.675e-01","1.0000","1.0","0.07","41.9","0.09","0.777777777777778","-0.109144469425068","0","136","GFX"
"bZIP:IRF(bZIP IRF)/Th17-BatF-ChIP-Seq(GSE39756)/Homer","NAGTTTCABTHTGACTNW","1e0","-3.663e-01","1.0000","68.0","4.93","2497.0","5.20","0.948076923076923","-0.0231564243575692","0","24","IRF4"
"HRE(HSF)/HepG2-HSF1-ChIP-Seq(GSE31477)/Homer","BSTTCTRGAABVTTCYAGAA","1e0","-3.583e-01","1.0000","11.0","0.80","433.9","0.90","0.888888888888889","-0.0511525224473813","0","149","HSF1(HRE)"
"MafB(bZIP)/BMM-Mafb-ChIP-Seq(GSE75722)/Homer","WNTGCTGASTCAGCANWTTY","1e0","-3.538e-01","1.0000","51.0","3.70","1894.7","3.95","0.936708860759494","-0.0283953715594652","0","17","MAFB"
"Foxo3(Forkhead)/U2OS-Foxo3-ChIP-Seq(E-MTAB-2701)/Homer","DGTAAACA","1e0","-3.527e-01","1.0000","169.0","12.26","6094.7","12.70","0.965354330708662","-0.0153132507735606","0","30","FOXO3"
"Tbox:Smad(T-box MAD)/ESCd5-Smad2_3-ChIP-Seq(GSE29422)/Homer","AGGTGHCAGACA","1e0","-3.488e-01","1.0000","20.0","1.45","770.2","1.61","0.900621118012422","-0.0454578737968748","0","172","SMAD2_SMAD3(T-box)"
"E2F6(E2F)/Hela-E2F6-ChIP-Seq(GSE31477)/Homer","GGCGGGAARN","1e0","-3.429e-01","1.0000","33.0","2.39","1249.0","2.60","0.919230769230769","-0.0365754470226802","0","5","E2F6"
"Hnf1(Homeobox)/Liver-Foxa2-Chip-Seq(GSE25694)/Homer","GGTTAAWCATTAA","1e0","-3.406e-01","1.0000","33.0","2.39","1249.5","2.60","0.919230769230769","-0.0365754470226802","0","124","HNF1A"
"n-Myc(bHLH)/mES-nMyc-ChIP-Seq(GSE11431)/Homer","VRCCACGTGG","1e0","-3.399e-01","1.0000","64.0","4.64","2369.8","4.94","0.939271255060729","-0.0272089683687661","0","13","MYCN"
"E2F3(E2F)/MEF-E2F3-ChIP-Seq(GSE71376)/Homer","BTKGGCGGGAAA","1e0","-3.369e-01","1.0000","40.0","2.90","1505.7","3.14","0.923566878980892","-0.0345316501742589","0","5","E2F3"
"AP-2gamma(AP2)/MCF7-TFAP2C-ChIP-Seq(GSE21234)/Homer","SCCTSAGGSCAW","1e0","-3.368e-01","1.0000","61.0","4.42","2264.0","4.72","0.936440677966102","-0.0285197292849959","0","115","TFAP2C"
"Elk1(ETS)/Hela-Elk1-ChIP-Seq(GSE31477)/Homer","HACTTCCGGY","1e0","-3.363e-01","1.0000","73.0","5.29","2694.4","5.62","0.941281138790036","-0.0262806435338753","0","24","ELK1"
"Atoh1(bHLH)/Cerebellum-Atoh1-ChIP-Seq(GSE22111)/Homer","VNRVCAGCTGGY","1e0","-3.363e-01","1.0000","146.0","10.59","5294.5","11.04","0.959239130434783","-0.018073113285695","0","8","ATOH1"
"Tcf3(HMG)/mES-Tcf3-ChIP-Seq(GSE11724)/Homer","ASWTCAAAGG","1e0","-3.338e-01","1.0000","31.0","2.25","1179.5","2.46","0.914634146341463","-0.0387525889920166","0","92","TCF7L1"
"NeuroD1(bHLH)/Islet-NeuroD1-ChIP-Seq(GSE30298)/Homer","GCCATCTGTT","1e0","-3.240e-01","1.0000","100.0","7.25","3668.8","7.65","0.947712418300654","-0.0233234285826239","0","8","NEUROD1"
"NFAT:AP1(RHD bZIP)/Jurkat-NFATC1-ChIP-Seq(Jolma_et_al.)/Homer","SARTGGAAAAWRTGAGTCAB","1e0","-3.216e-01","1.0000","17.0","1.23","668.3","1.39","0.884892086330935","-0.0531096888146972","0","17","NFAT_AP1_complex"
"HNF1b(Homeobox)/PDAC-HNF1B-ChIP-Seq(GSE64557)/Homer","GTTAATNATTAA","1e0","-3.214e-01","1.0000","32.0","2.32","1221.9","2.55","0.909803921568627","-0.0410521955430555","0","123","HNF1B"
"Mouse_Recombination_Hotspot(Zf)/Testis-DMC1-ChIP-Seq(GSE24438)/Homer","ACTYKNATTCGTGNTACTTC","1e0","-3.148e-01","1.0000","7.0","0.51","291.3","0.61","0.836065573770492","-0.0777596589128306","0","173","DMC1"
"Hnf6b(Homeobox)/LNCaP-Hnf6b-ChIP-Seq(GSE106305)/Homer","TATTGAYY","1e0","-3.095e-01","1.0000","127.0","9.21","4642.3","9.68","0.951446280991736","-0.0216157271115447","0","160","ONECUT2"
"ZNF322(Zf)/HEK293-ZNF322.GFP-ChIP-Seq(GSE58341)/Homer","GAGCCTGGTACTGWGCCTGR","1e0","-3.086e-01","1.0000","16.0","1.16","635.4","1.32","0.878787878787879","-0.0561159419789314","0","167","ZNF322"
"Jun-AP1(bZIP)/K562-cJun-ChIP-Seq(GSE31477)/Homer","GATGASTCATCN","1e0","-3.020e-01","1.0000","21.0","1.52","824.3","1.72","0.883720930232558","-0.0536848589627764","0","17","JUN"
"RAR:RXR(NR) DR5/ES-RAR-ChIP-Seq(GSE56893)/Homer","AGGTCAAGGTCA","1e0","-2.937e-01","1.0000","8.0","0.58","335.3","0.70","0.828571428571429","-0.0816700464513196","0","160","RAR_RXR(NR)"
"NRF(NRF)/Promoter/Homer","STGCGCATGCGC","1e0","-2.930e-01","1.0000","17.0","1.23","678.8","1.41","0.872340425531915","-0.0593140012159819","0","7","NRF1"
"Sox6(HMG)/Myotubes-Sox6-ChIP-Seq(GSE32627)/Homer","CCATTGTTNY","1e0","-2.909e-01","1.0000","236.0","17.11","8524.7","17.77","0.962858750703433","-0.0164374182642012","0","73","SOX6"
"Foxh1(Forkhead)/hESC-FOXH1-ChIP-Seq(GSE29422)/Homer","NNTGTGGATTSS","1e0","-2.883e-01","1.0000","84.0","6.09","3122.2","6.51","0.935483870967742","-0.0289636959353166","0","107","FOXH1"
"FOXM1(Forkhead)/MCF7-FOXM1-ChIP-Seq(GSE72977)/Homer","TRTTTACTTW","1e0","-2.876e-01","1.0000","189.0","13.71","6865.7","14.31","0.958071278825996","-0.0186021789702637","0","30","FOXM1"
"ZNF165(Zf)/WHIM12-ZNF165-ChIP-Seq(GSE65937)/Homer","AAGGKGRCGCAGGCA","1e0","-2.861e-01","1.0000","8.0","0.58","337.9","0.70","0.828571428571429","-0.0816700464513196","0","98","ZNF165"
"E2F4(E2F)/K562-E2F4-ChIP-Seq(GSE31477)/Homer","GGCGGGAAAH","1e0","-2.857e-01","1.0000","38.0","2.76","1458.9","3.04","0.907894736842105","-0.0419645015435361","0","5","E2F4"
"Tbx21(T-box)/GM12878-TBX21-ChIP-Seq(Encode)/Homer","AGGTGTGAAA","1e0","-2.843e-01","1.0000","154.0","11.17","5626.9","11.73","0.952259164535379","-0.0212448389999202","0","41","TBX21"
"Pax7(Paired Homeobox) longest/Myoblast-Pax7-ChIP-Seq(GSE25064)/Homer","NTAATTDGCYAATTANNWWD","1e0","-2.806e-01","1.0000","4.0","0.29","179.6","0.37","0.783783783783784","-0.105803726168039","0","44","PAX7"
"EWS:FLI1-fusion(ETS)/SK_N_MC-EWS:FLI1-ChIP-Seq(SRA014231)/Homer","VACAGGAAAT","1e0","-2.805e-01","1.0000","83.0","6.02","3092.7","6.45","0.933333333333333","-0.0299632233774433","0","24","EWSR1_FLI1_fusion"
"BATF(bZIP)/Th17-BATF-ChIP-Seq(GSE39756)/Homer","DATGASTCAT","1e0","-2.724e-01","1.0000","75.0","5.44","2810.8","5.86","0.928327645051195","-0.0322987163199107","0","17","BATF"
"OCT4-SOX2-TCF-NANOG(POU Homeobox HMG)/mES-Oct4-ChIP-Seq(GSE11431)/Homer","ATTTGCATAACAATG","1e0","-2.717e-01","1.0000","29.0","2.10","1134.6","2.37","0.886075949367089","-0.0525290512761846","0","93","OCT4-SOX2-TCF-NANOG"
"ELF3(ETS)/PDAC-ELF3-ChIP-Seq(GSE64557)/Homer","ANCAGGAAGT","1e0","-2.545e-01","1.0000","100.0","7.25","3725.8","7.77","0.933075933075933","-0.0300830122299205","0","24","ELF3"
"Atf3(bZIP)/GBM-ATF3-ChIP-Seq(GSE33912)/Homer","DATGASTCATHN","1e0","-2.518e-01","1.0000","75.0","5.44","2826.8","5.89","0.923599320882852","-0.0345163950889217","0","17","ATF3"
"Stat3(Stat)/mES-Stat3-ChIP-Seq(GSE11431)/Homer","CTTCCGGGAA","1e0","-2.513e-01","1.0000","40.0","2.90","1551.2","3.23","0.897832817337461","-0.0468045244321468","0","23","STAT3"
"NFAT(RHD)/Jurkat-NFATC1-ChIP-Seq(Jolma_et_al.)/Homer","ATTTTCCATT","1e0","-2.472e-01","1.0000","118.0","8.56","4378.9","9.13","0.937568455640745","-0.0279970128571457","0","17","NFATC1"
"Fra1(bZIP)/BT549-Fra1-ChIP-Seq(GSE46166)/Homer","NNATGASTCATH","1e0","-2.468e-01","1.0000","61.0","4.42","2322.6","4.84","0.913223140495868","-0.0394230922953205","0","17","FOSL1"
"CLOCK(bHLH)/Liver-Clock-ChIP-Seq(GSE39860)/Homer","GHCACGTG","1e0","-2.446e-01","1.0000","62.0","4.50","2361.0","4.92","0.914634146341463","-0.0387525889920166","0","13","CLOCK"
"Mef2c(MADS)/GM12878-Mef2c-ChIP-Seq(GSE32465)/Homer","DCYAAAAATAGM","1e0","-2.400e-01","1.0000","69.0","5.00","2618.7","5.46","0.915750915750916","-0.0382226383687184","0","45","MEF2C"
"Rbpj1(?)/Panc1-Rbpj1-ChIP-Seq(GSE47459)/Homer","HTTTCCCASG","1e0","-2.308e-01","1.0000","124.0","8.99","4610.9","9.61","0.935483870967742","-0.0289636959353166","0","113","RBPJ"
"STAT1(Stat)/HelaS3-STAT1-ChIP-Seq(GSE12782)/Homer","NATTTCCNGGAAAT","1e0","-2.266e-01","1.0000","25.0","1.81","1008.9","2.10","0.861904761904762","-0.0645407198647348","0","23","STAT1"
"ELF5(ETS)/T47D-ELF5-ChIP-Seq(GSE30407)/Homer","ACVAGGAAGT","1e0","-2.262e-01","1.0000","92.0","6.67","3463.5","7.22","0.923822714681441","-0.0344113636530901","0","24","ELF5"
"CEBP(bZIP)/ThioMac-CEBPb-ChIP-Seq(GSE21512)/Homer","ATTGCGCAAC","1e0","-2.208e-01","1.0000","85.0","6.16","3215.0","6.70","0.919402985074627","-0.036494090536401","0","165","CEBPB"
"IRF4(IRF)/GM12878-IRF4-ChIP-Seq(GSE32465)/Homer","ACTGAAACCA","1e0","-2.155e-01","1.0000","60.0","4.35","2310.8","4.82","0.902489626556016","-0.0445577812842123","0","169","IRF4"
"Pdx1(Homeobox)/Islet-Pdx1-ChIP-Seq(SRA008281)/Homer","YCATYAATCA","1e0","-2.154e-01","1.0000","163.0","11.82","6024.1","12.56","0.941082802547771","-0.0263721628559408","0","10","PDX1"
"ZBTB33(Zf)/GM12878-ZBTB33-ChIP-Seq(GSE32465)/Homer","GGVTCTCGCGAGAAC","1e0","-2.131e-01","1.0000","2.0","0.15","106.8","0.22","0.681818181818182","-0.166331421766525","0","136","ZBTB33"
"Gli2(Zf)/GM2-Gli2-ChIP-Chip(GSE112702)/Homer","YSTGGGTGGTCT","1e0","-2.115e-01","1.0000","14.0","1.02","596.4","1.24","0.82258064516129","-0.0848215134003175","0","2","GIL2"
"Fra2(bZIP)/Striatum-Fra2-ChIP-Seq(GSE43429)/Homer","GGATGACTCATC","1e0","-2.016e-01","1.0000","51.0","3.70","1991.3","4.15","0.891566265060241","-0.0498463726450977","0","17","FOSL2"
"ETS(ETS)/Promoter/Homer","AACCGGAAGT","1e0","-1.964e-01","1.0000","41.0","2.97","1625.3","3.39","0.876106194690265","-0.0574432488858698","0","24","ETS1"
"EWS:ERG-fusion(ETS)/CADO_ES1-EWS:ERG-ChIP-Seq(SRA014231)/Homer","ATTTCCTGTN","1e0","-1.930e-01","1.0000","101.0","7.32","3823.8","7.97","0.918444165621079","-0.0369472403377205","0","24","EWSR1_ERG_fusion"
"PU.1(ETS)/ThioMac-PU.1-ChIP-Seq(GSE21512)/Homer","AGAGGAAGTG","1e0","-1.919e-01","1.0000","51.0","3.70","1999.8","4.17","0.887290167865707","-0.0519343309067625","0","15","SPI1"
"bHLHE40(bHLH)/HepG2-BHLHE40-ChIP-Seq(GSE31477)/Homer","KCACGTGMCN","1e0","-1.885e-01","1.0000","33.0","2.39","1332.2","2.78","0.859712230215827","-0.0656468949699386","0","13","BHLHE40"
"GRE(NR) IR3/A549-GR-ChIP-Seq(GSE32465)/Homer","NRGVACABNVTGTYCY","1e0","-1.845e-01","1.0000","9.0","0.65","410.8","0.86","0.755813953488372","-0.121585094600712","0","80","NR3C1_GRE(NR)"
"ZSCAN22(Zf)/HEK293-ZSCAN22.GFP-ChIP-Seq(GSE58341)/Homer","SMCAGTCWGAKGGAGGAGGC","1e0","-1.845e-01","1.0000","5.0","0.36","245.4","0.51","0.705882352941176","-0.151267675330649","0","114","ZSCAN22"
"AMYB(HTH)/Testes-AMYB-ChIP-Seq(GSE44588)/Homer","TGGCAGTTGG","1e0","-1.837e-01","1.0000","223.0","16.17","8209.9","17.11","0.945061367621274","-0.0245399896346991","0","21","MYBL1"
"STAT5(Stat)/mCD4+-Stat5-ChIP-Seq(GSE12346)/Homer","RTTTCTNAGAAA","1e0","-1.834e-01","1.0000","23.0","1.67","957.3","2.00","0.835","-0.0783135245163979","0","23","STAT5A"
"ZNF341(Zf)/EBV-ZNF341-ChIP-Seq(GSE113194)/Homer","GGAACAGCCG","1e0","-1.834e-01","1.0000","65.0","4.71","2523.0","5.26","0.895437262357414","-0.0479648370248429","0","146","ZNF341"
"YY1(Zf)/Promoter/Homer","CAAGATGGCGGC","1e0","-1.821e-01","1.0000","15.0","1.09","649.7","1.35","0.807407407407407","-0.0929072705543824","0","35","YY1"
"PR(NR)/T47D-PR-ChIP-Seq(GSE31130)/Homer","VAGRACAKNCTGTBC","1e0","-1.819e-01","1.0000","262.0","19.00","9598.3","20.01","0.949525237381309","-0.0224934876833825","0","80","PGR(NR)"
"Nkx2.2(Homeobox)/NPC-Nkx2.2-ChIP-Seq(GSE61673)/Homer","BTBRAGTGSN","1e0","-1.775e-01","1.0000","236.0","17.11","8682.9","18.10","0.945303867403315","-0.0244285653280843","0","11","NKX2-2"
"Foxa3(Forkhead)/Liver-Foxa3-ChIP-Seq(GSE77670)/Homer","BSNTGTTTACWYWGN","1e0","-1.701e-01","1.0000","61.0","4.42","2388.5","4.98","0.887550200803213","-0.0518070734106257","0","29","FOXA3"
"p73(p53)/Trachea-p73-ChIP-Seq(PRJNA310161)/Homer","NRRRCAWGTCCDGRCATGYY","1e0","-1.699e-01","1.0000","3.0","0.22","162.3","0.34","0.647058823529412","-0.189056236220049","0","1","TP73"
"BMYB(HTH)/Hela-BMYB-ChIP-Seq(GSE27030)/Homer","NHAACBGYYV","1e0","-1.693e-01","1.0000","275.0","19.94","10082.8","21.02","0.948620361560419","-0.0229075577165865","0","21","MYBL2"
"Etv2(ETS)/ES-ER71-ChIP-Seq(GSE59402)/Homer","NNAYTTCCTGHN","1e0","-1.653e-01","1.0000","119.0","8.63","4509.2","9.40","0.918085106382979","-0.037117057884489","0","24","ETV2"
"CArG(MADS)/PUER-Srf-ChIP-Seq(Sullivan_et_al.)/Homer","CCATATATGGNM","1e0","-1.635e-01","1.0000","27.0","1.96","1123.5","2.34","0.837606837606838","-0.0769597860536668","0","98","SRF"
"NFE2L2(bZIP)/HepG2-NFE2L2-ChIP-Seq(Encode)/Homer","AWWWTGCTGAGTCAT","1e0","-1.597e-01","1.0000","3.0","0.22","165.1","0.34","0.647058823529412","-0.189056236220049","0","17","NFE2L2"
"Smad2(MAD)/ES-SMAD2-ChIP-Seq(GSE29422)/Homer","CTGTCTGG","1e0","-1.567e-01","1.0000","222.0","16.10","8220.6","17.14","0.939323220536756","-0.0271849415553296","0","137","SMAD2"
"bHLHE41(bHLH)/proB-Bhlhe41-ChIP-Seq(GSE93764)/Homer","KCACGTGMCN","1e0","-1.505e-01","1.0000","143.0","10.37","5398.9","11.25","0.921777777777778","-0.0353737660583404","0","13","bHLHE41"
"SCRT1(Zf)/HEK293-SCRT1.eGFP-ChIP-Seq(Encode)/Homer","GCAACAGGTG","1e0","-1.505e-01","1.0000","42.0","3.05","1701.9","3.55","0.859154929577465","-0.0659285137083083","0","110","SCRT1"
"PRDM1(Zf)/Hela-PRDM1-ChIP-Seq(GSE31477)/Homer","ACTTTCACTTTC","1e0","-1.503e-01","1.0000","63.0","4.57","2483.6","5.18","0.882239382239382","-0.0544135596753827","0","122","PRDM1"
"Gfi1b(Zf)/HPC7-Gfi1b-ChIP-Seq(GSE22178)/Homer","MAATCACTGC","1e0","-1.491e-01","1.0000","84.0","6.09","3257.6","6.79","0.896907216494845","-0.0472524816476264","0","54","GFI1B"
"GRE(NR) IR3/RAW264.7-GRE-ChIP-Seq(Unpublished)/Homer","VAGRACAKWCTGTYC","1e0","-1.469e-01","1.0000","22.0","1.60","943.2","1.97","0.812182741116751","-0.0903462435056681","0","78","GRE(NR)"
"AR-halfsite(NR)/LNCaP-AR-ChIP-Seq(GSE27824)/Homer","CCAGGAACAG","1e0","-1.453e-01","1.0000","389.0","28.21","14164.2","29.52","0.955623306233062","-0.0197132669956377","0","145","AR(NR)"
"Fli1(ETS)/CD8-FLI-ChIP-Seq(GSE20898)/Homer","NRYTTCCGGH","1e0","-1.401e-01","1.0000","151.0","10.95","5704.4","11.89","0.92094196804037","-0.0357677354425545","0","24","FLI1"
"AP-1(bZIP)/ThioMac-PU.1-ChIP-Seq(GSE21512)/Homer","VTGACTCATC","1e0","-1.398e-01","1.0000","85.0","6.16","3306.7","6.89","0.894049346879536","-0.0486385097432003","0","17","FOS"
"GLI3(Zf)/Limb-GLI3-ChIP-Chip(GSE11077)/Homer","CGTGGGTGGTCC","1e0","-1.390e-01","1.0000","6.0","0.44","305.3","0.64","0.6875","-0.1627272974977","0","2","GIL3"
"HLF(bZIP)/HSC-HLF.Flag-ChIP-Seq(GSE69817)/Homer","RTTATGYAAB","1e0","-1.378e-01","1.0000","117.0","8.48","4477.4","9.33","0.908896034297964","-0.0414857914897861","0","128","HLF"
"Elk4(ETS)/Hela-Elk4-ChIP-Seq(GSE31477)/Homer","NRYTTCCGGY","1e0","-1.376e-01","1.0000","77.0","5.58","3015.3","6.29","0.887122416534181","-0.0520164465076902","0","24","ELK4"
"Zfp57(Zf)/H1-ZFP57.HA-ChIP-Seq(GSE115387)/Homer","NANTGCSGCA","1e0","-1.343e-01","1.0000","29.0","2.10","1224.0","2.55","0.823529411764706","-0.0843208857000358","0","173","ZFP57"
"FOXA1:AR(Forkhead NR)/LNCAP-AR-ChIP-Seq(GSE27824)/Homer","AGTAAACAAAAAAGAACAND","1e0","-1.324e-01","1.0000","11.0","0.80","517.2","1.08","0.740740740740741","-0.130333768495006","0","28","FOXA1"
"PAX5(Paired Homeobox) condensed/GM12878-PAX5-ChIP-Seq(GSE32465)/Homer","GTCACGCTCSCTGM","1e0","-1.301e-01","1.0000","9.0","0.65","436.7","0.91","0.714285714285714","-0.146128035678238","0","32","PAX5"
"FOXK1(Forkhead)/HEK293-FOXK1-ChIP-Seq(GSE51673)/Homer","NVWTGTTTAC","1e0","-1.286e-01","1.0000","217.0","15.74","8097.2","16.88","0.932464454976303","-0.0303677142665905","0","30","FOXK1"
"Elf4(ETS)/BMDM-Elf4-ChIP-Seq(GSE88699)/Homer","ACTTCCKGKT","1e0","-1.242e-01","1.0000","121.0","8.77","4645.1","9.68","0.90599173553719","-0.0428757639423532","0","24","ELF4"
"GATA(Zf) IR3/iTreg-Gata3-ChIP-Seq(GSE20898)/Homer","NNNNNBAGATAWYATCTVHN","1e0","-1.227e-01","1.0000","17.0","1.23","765.4","1.60","0.76875","-0.114214871216527","0","38","GATA3"
"Hoxa10(Homeobox)/ChickenMSG-Hoxa10.Flag-ChIP-Seq(GSE86088)/Homer","GGYAATGAAA","1e0","-1.218e-01","1.0000","77.0","5.58","3037.7","6.33","0.881516587677725","-0.0547695110797764","0","32","HOXA10"
"Unknown-ESC-element(?)/mES-Nanog-ChIP-Seq(GSE11724)/Homer","CACAGCAGGGGG","1e0","-1.174e-01","1.0000","68.0","4.93","2711.0","5.65","0.872566371681416","-0.0592015285422086","0","12","Novel_ESC_element"
"EHF(ETS)/LoVo-EHF-ChIP-Seq(GSE49402)/Homer","AVCAGGAAGT","1e0","-1.119e-01","1.0000","168.0","12.18","6372.8","13.28","0.917168674698795","-0.0375507867351422","0","48","EHF"
"Tcf7(HMG)/GM12878-TCF7-ChIP-Seq(Encode)/Homer","CTTTGATGTGSB","1e0","-1.077e-01","1.0000","47.0","3.41","1937.7","4.04","0.844059405940594","-0.0736269861181073","0","93","TCF7"
"PAX6(Paired Homeobox)/Forebrain-Pax6-ChIP-Seq(GSE66961)/Homer","NGTGTTCAVTSAAGCGKAAA","1e0","-1.057e-01","1.0000","9.0","0.65","451.9","0.94","0.691489361702128","-0.160214496956843","0","61","PAX6"
"THRb(NR)/Liver-NR1A2-ChIP-Seq(GSE52613)/Homer","TRAGGTCA","1e0","-1.005e-01","1.0000","440.0","31.91","16085.6","33.53","0.951685058156874","-0.0215067492353096","0","61","THRB(NR)"
"Cdx2(Homeobox)/mES-Cdx2-ChIP-Seq(GSE14586)/Homer","GYMATAAAAH","1e0","-1.004e-01","1.0000","141.0","10.22","5419.6","11.30","0.904424778761062","-0.0436275476847258","0","103","CDX2"
"HIF-1a(bHLH)/MCF7-HIF1a-ChIP-Seq(GSE28352)/Homer","TACGTGCV","1e0","-1.002e-01","1.0000","37.0","2.68","1566.5","3.27","0.819571865443425","-0.0864129586314972","0","163","HIF1A"
"SF1(NR)/H295R-Nr5a1-ChIP-Seq(GSE44220)/Homer","CAAGGHCANV","1e0","-9.354e-02","1.0000","30.0","2.18","1304.6","2.72","0.801470588235294","-0.0961124104295938","0","162","NR5A1(NR)"
"ZNF768(Zf)/Rajj-ZNF768-ChIP-Seq(GSE111879)/Homer","RHHCAGAGAGGB","1e0","-9.345e-02","1.0000","1.0","0.07","84.4","0.18","0.388888888888889","-0.410174465089049","0","175","ZNF768"
"E2F(E2F)/Hela-CellCycle-Expression/Homer","TTSGCGCGAAAA","1e0","-9.151e-02","1.0000","2.0","0.15","141.4","0.29","0.517241379310345","-0.286306738843275","0","157","E2F"
"Tcfcp2l1(CP2)/mES-Tcfcp2l1-ChIP-Seq(GSE11431)/Homer","NRAACCRGTTYRAACCRGYT","1e0","-8.804e-02","1.0000","13.0","0.94","632.1","1.32","0.712121212121212","-0.147446077606151","0","1","TFCP2L1"
"ZNF415(Zf)/HEK293-ZNF415.GFP-ChIP-Seq(GSE58341)/Homer","GRTGMTRGAGCC","1e0","-8.804e-02","1.0000","52.0","3.77","2155.5","4.49","0.839643652561247","-0.0759049907975303","0","145","ZNF415"
"Nr5a2(NR)/Pancreas-LRH1-ChIP-Seq(GSE34295)/Homer","BTCAAGGTCA","1e0","-8.540e-02","1.0000","45.0","3.26","1893.3","3.95","0.825316455696202","-0.0833794955585212","0","71","NR5A2(NR)"
"DUX4(Homeobox)/Myoblasts-DUX4.V5-ChIP-Seq(GSE75791)/Homer","NWTAAYCYAATCAWN","1e0","-7.897e-02","1.0000","5.0","0.36","294.7","0.61","0.590163934426229","-0.22902733424348","0","26","DUX4"
"ZNF692(Zf)/HEK293-ZNF692.GFP-ChIP-Seq(GSE58341)/Homer","GTGGGCCCCA","1e0","-7.824e-02","1.0000","3.0","0.22","199.7","0.42","0.523809523809524","-0.280826609575694","0","84","ZNF692"
"GABPA(ETS)/Jurkat-GABPa-ChIP-Seq(GSE17954)/Homer","RACCGGAAGT","1e0","-7.821e-02","1.0000","108.0","7.83","4263.7","8.89","0.880764904386952","-0.0551399989122703","0","24","GABPA"
"PGR(NR)/EndoStromal-PGR-ChIP-Seq(GSE69539)/Homer","AAGAACATWHTGTTC","1e0","-7.493e-02","1.0000","24.0","1.74","1092.7","2.28","0.763157894736842","-0.117385598717854","0","80","PGR(NR)"
"Ascl1(bHLH)/NeuralTubes-Ascl1-ChIP-Seq(GSE55840)/Homer","NNVVCAGCTGBN","1e0","-6.441e-02","1.0000","190.0","13.78","7299.2","15.22","0.9053876478318","-0.0431654348629471","0","8","ASCL1"
"ELF1(ETS)/Jurkat-ELF1-ChIP-Seq(SRA014231)/Homer","AVCCGGAAGT","1e0","-6.061e-02","1.0000","56.0","4.06","2360.8","4.92","0.82520325203252","-0.0834390691901663","0","24","ELF1"
"ETV4(ETS)/HepG2-ETV4-ChIP-Seq(ENCODE)/Homer","ACCGGAAGTG","1e0","-6.030e-02","1.0000","128.0","9.28","5050.9","10.53","0.881291547958215","-0.0548803949666245","0","24","ETV4"
"Ap4(bHLH)/AML-Tfap4-ChIP-Seq(GSE45738)/Homer","NAHCAGCTGD","1e0","-5.984e-02","1.0000","214.0","15.52","8185.8","17.06","0.909730363423212","-0.0410873099093346","0","8","TFAP4"
"CDX4(Homeobox)/ZebrafishEmbryos-Cdx4.Myc-ChIP-Seq(GSE48254)/Homer","NGYCATAAAWCH","1e0","-5.921e-02","1.0000","177.0","12.84","6846.9","14.27","0.89978976874562","-0.0458589493818125","0","32","CDX4"
"ETS1(ETS)/Jurkat-ETS1-ChIP-Seq(GSE17954)/Homer","ACAGGAAGTG","1e0","-5.828e-02","1.0000","126.0","9.14","4983.9","10.39","0.879692011549567","-0.055669351823346","0","24","ETS1"
"NFkB-p65(RHD)/GM12787-p65-ChIP-Seq(GSE19485)/Homer","WGGGGATTTCCC","1e0","-5.689e-02","1.0000","39.0","2.83","1713.6","3.57","0.792717086834734","-0.100881780587903","0","53","NFKB1_RELA"
"E2A(bHLH) near_PU.1/Bcell-PU.1-ChIP-Seq(GSE21512)/Homer","NVCACCTGBN","1e0","-5.647e-02","1.0000","159.0","11.53","6200.0","12.92","0.892414860681115","-0.0494332063643663","0","8","TCF3"
"NRF1(NRF)/MCF7-NRF1-ChIP-Seq(Unpublished)/Homer","CTGCGCATGCGC","1e0","-5.605e-02","1.0000","5.0","0.36","313.5","0.65","0.553846153846154","-0.256610855875568","0","7","NRF1"
"ISRE(IRF)/ThioMac-LPS-Expression(GSE23622)/Homer","AGTTTCASTTTC","1e0","-5.575e-02","1.0000","7.0","0.51","406.2","0.85","0.6","-0.221848749616356","0","53","ISRE(STAT1/STAT2/IRF9)"
"ERG(ETS)/VCaP-ERG-ChIP-Seq(GSE14097)/Homer","ACAGGAAGTG","1e0","-5.542e-02","1.0000","186.0","13.49","7188.7","14.98","0.900534045393859","-0.0454998636915434","0","24","ERG"
"Duxbl(Homeobox)/NIH3T3-Duxbl.HA-ChIP-Seq(GSE119782)/Homer","TAAYCYAATCAA","1e0","-5.407e-02","1.0000","8.0","0.58","453.6","0.95","0.610526315789474","-0.21429561172591","0","27","DUX4"
"IRF1(IRF)/PBMC-IRF1-ChIP-Seq(GSE43036)/Homer","GAAAGTGAAAGT","1e0","-4.837e-02","1.0000","16.0","1.16","806.1","1.68","0.69047619047619","-0.160851292498944","0","53","IRF1"
"AP-2alpha(AP2)/Hela-AP2alpha-ChIP-Seq(GSE31477)/Homer","ATGCCCTGAGGC","1e0","-4.763e-02","1.0000","39.0","2.83","1734.2","3.61","0.78393351800554","-0.105720766381368","0","114","TFAP2A"
"HIF-1b(HLH)/T47D-HIF1b-ChIP-Seq(GSE59937)/Homer","RTACGTGC","1e0","-4.534e-02","1.0000","198.0","14.36","7669.7","15.99","0.898061288305191","-0.0466940238399532","0","80","ARNT(HIF1B)"
"IRF:BATF(IRF:bZIP)/pDC-Irf8-ChIP-Seq(GSE66899)/Homer","CTTTCANTATGACTV","1e0","-4.240e-02","1.0000","13.0","0.94","689.5","1.44","0.652777777777778","-0.185234638495551","0","25","BATF3_IRF8"
"PRDM14(Zf)/H1-PRDM14-ChIP-Seq(GSE22767)/Homer","RGGTCTCTAACY","1e0","-4.200e-02","1.0000","23.0","1.67","1108.9","2.31","0.722943722943723","-0.140895508744561","0","147","PRDM14"
"Smad3(MAD)/NPC-Smad3-ChIP-Seq(GSE36673)/Homer","TWGTCTGV","1e0","-4.079e-02","1.0000","359.0","26.03","13483.9","28.11","0.926004980434009","-0.0333866774982049","0","135","SMAD3"
"ZEB2(Zf)/SNU398-ZEB2-ChIP-Seq(GSE103048)/Homer","GNMCAGGTGTGC","1e0","-3.744e-02","1.0000","103.0","7.47","4209.4","8.77","0.851767388825542","-0.0696789915506418","0","8","ZEB2"
"FoxD3(forkhead)/ZebrafishEmbryo-Foxd3.biotin-ChIP-seq(GSE106676)/Homer","TGTTTAYTTAGC","1e0","-3.673e-02","1.0000","180.0","13.05","7058.7","14.71","0.887151597552685","-0.0520021610532303","0","30","FOXD3"
"Nkx2.5(Homeobox)/HL1-Nkx2.5.biotin-ChIP-Seq(GSE21529)/Homer","RRSCACTYAA","1e0","-3.592e-02","1.0000","256.0","18.56","9823.5","20.48","0.90625","-0.0427519804209499","0","11","NKX2-5"
"Stat3+il21(Stat)/CD4-Stat3-ChIP-Seq(GSE19198)/Homer","SVYTTCCNGGAARB","1e0","-3.232e-02","1.0000","52.0","3.77","2289.2","4.77","0.790356394129979","-0.102177028834321","0","23","STAT3"
"Gata4(Zf)/Heart-Gata4-ChIP-Seq(GSE35151)/Homer","NBWGATAAGR","1e0","-3.127e-02","1.0000","139.0","10.08","5581.7","11.63","0.866723989681857","-0.0621191826189419","0","30","GATA4"
"MYB(HTH)/ERMYB-Myb-ChIPSeq(GSE22095)/Homer","GGCVGTTR","1e0","-3.094e-02","1.0000","251.0","18.20","9677.7","20.17","0.90233019335647","-0.0446345102276907","0","21","MYB"
"EBF2(EBF)/BrownAdipose-EBF2-ChIP-Seq(GSE97114)/Homer","NABTCCCWDGGGAVH","1e0","-2.799e-02","1.0000","45.0","3.26","2032.0","4.24","0.768867924528302","-0.114148256524794","0","90","EBF2"
"NFkB-p50 p52(RHD)/Monocyte-p50-ChIP-Chip(Schreiber_et_al.)/Homer","GGGGGAATCCCC","1e0","-2.721e-02","1.0000","8.0","0.58","496.8","1.04","0.557692307692308","-0.253605345735843","0","54","NFKB1"
"HIF2a(bHLH)/785_O-HIF2a-ChIP-Seq(GSE34871)/Homer","GCACGTACCC","1e0","-2.433e-02","1.0000","61.0","4.42","2675.4","5.58","0.792114695340502","-0.101211929588487","0","81","EPAS1"
"RBPJ:Ebox(? bHLH)/Panc1-Rbpj1-ChIP-Seq(GSE47459)/Homer","GGGRAARRGRMCAGMTG","1e0","-2.396e-02","1.0000","21.0","1.52","1075.9","2.24","0.678571428571428","-0.16840443038939","0","8","RBPJ"
"FoxL2(Forkhead)/Ovary-FoxL2-ChIP-Seq(GSE60858)/Homer","WWTRTAAACAVG","1e0","-2.369e-02","1.0000","173.0","12.55","6889.9","14.36","0.873955431754875","-0.0585107140892245","0","30","FOXL2"
"GATA3(Zf)/iTreg-Gata3-ChIP-Seq(GSE20898)/Homer","AGATAASR","1e0","-2.201e-02","1.0000","209.0","15.16","8224.8","17.14","0.884480746791132","-0.0533116162911446","0","31","GATA3"
"Tbet(T-box)/CD8-Tbet-ChIP-Seq(GSE33802)/Homer","AGGTGTGAAM","1e0","-2.082e-02","1.0000","150.0","10.88","6063.3","12.64","0.860759493670886","-0.0651181785842051","0","41","TBX21"
"Bapx1(Homeobox)/VertebralCol-Bapx1-ChIP-Seq(GSE36672)/Homer","TTRAGTGSYK","1e0","-1.835e-02","1.0000","257.0","18.64","10010.9","20.87","0.893148059415429","-0.0490765410474915","0","11","NKX3-2"
"MyoG(bHLH)/C2C12-MyoG-ChIP-Seq(GSE36024)/Homer","AACAGCTG","1e0","-1.652e-02","1.0000","171.0","12.40","6883.8","14.35","0.86411149825784","-0.0634302159077761","0","8","MYOG"
"Tcf12(bHLH)/GM12878-Tcf12-ChIP-Seq(GSE32465)/Homer","VCAGCTGYTG","1e0","-1.582e-02","1.0000","144.0","10.44","5888.9","12.28","0.850162866449511","-0.0704978681389055","0","8","TCF12"
"Nr5a2(NR)/mES-Nr5a2-ChIP-Seq(GSE19019)/Homer","BTCAAGGTCA","1e0","-1.529e-02","1.0000","25.0","1.81","1282.7","2.67","0.677902621722846","-0.168832686495391","0","72","NR5A2(NR)"
"ETV1(ETS)/GIST48-ETV1-ChIP-Seq(GSE22441)/Homer","AACCGGAAGT","1e0","-1.434e-02","1.0000","162.0","11.75","6575.7","13.71","0.857038657913931","-0.0669995881817576","0","24","ETV1"
"Hoxd10(Homeobox)/ChickenMSG-Hoxd10.Flag-ChIP-Seq(GSE86088)/Homer","GGCMATGAAA","1e0","-1.405e-02","1.0000","165.0","11.97","6690.3","13.95","0.858064516129032","-0.0664800572032056","0","32","HOXD10"
"Zfp809(Zf)/ES-Zfp809-ChIP-Seq(GSE70799)/Homer","GGGGCTYGKCTGGGA","1e0","-1.374e-02","1.0000","7.0","0.51","488.0","1.02","0.5","-0.301029995663981","0","131","Zfp809(mouse)"
"HEB(bHLH)/mES-Heb-ChIP-Seq(GSE53233)/Homer","VCAGCTGBNN","1e0","-1.321e-02","1.0000","227.0","16.46","8985.1","18.73","0.878804057661506","-0.0561079464989863","0","8","TCF12"
"Hoxa9(Homeobox)/ChickenMSG-Hoxa9.Flag-ChIP-Seq(GSE86088)/Homer","RGCAATNAAA","1e0","-1.119e-02","1.0000","417.0","30.24","15870.2","33.08","0.914147521160822","-0.0389837140513402","0","32","HOXA9"
"PU.1:IRF8(ETS:IRF)/pDC-Irf8-ChIP-Seq(GSE66899)/Homer","GGAAGTGAAAST","1e0","-9.845e-03","1.0000","15.0","1.09","883.2","1.84","0.592391304347826","-0.227391325068913","0","52","IRF8"
"EBF1(EBF)/Near-E2A-ChIP-Seq(GSE21512)/Homer","GTCCCCWGGGGA","1e0","-7.481e-03","1.0000","51.0","3.70","2418.3","5.04","0.734126984126984","-0.13422881237853","0","118","EBF1"
"STAT6(Stat)/CD4-Stat6-ChIP-Seq(GSE22104)/Homer","ABTTCYYRRGAA","1e0","-7.261e-03","1.0000","48.0","3.48","2300.5","4.80","0.725","-0.139661993429006","0","112","STAT6"
"MyoD(bHLH)/Myotube-MyoD-ChIP-Seq(GSE21614)/Homer","RRCAGCTGYTSY","1e0","-6.923e-03","1.0000","127.0","9.21","5381.0","11.22","0.820855614973262","-0.0857332267232936","0","8","MYOD1"
"ZEB1(Zf)/PDAC-ZEB1-ChIP-Seq(GSE64557)/Homer","VCAGGTRDRY","1e0","-4.400e-03","1.0000","183.0","13.27","7558.6","15.76","0.842005076142132","-0.074685290289101","0","8","ZEB1"
"Barx1(Homeobox)/Stomach-Barx1.3xFlag-ChIP-Seq(GSE69483)/Homer","AAACMATTAN","1e0","-4.243e-03","1.0000","71.0","5.15","3280.2","6.84","0.752923976608187","-0.123248872678925","0","25","BARX1"
"PU.1-IRF(ETS:IRF)/Bcell-PU.1-ChIP-Seq(GSE21512)/Homer","MGGAAGTGAAAC","1e0","-3.576e-03","1.0000","127.0","9.21","5477.7","11.42","0.806479859894921","-0.0934064737129802","0","53","SPI1"
"E2A(bHLH)/proBcell-E2A-ChIP-Seq(GSE21978)/Homer","DNRCAGCTGY","1e0","-3.369e-03","1.0000","170.0","12.33","7114.3","14.83","0.83142279163857","-0.0801780744326504","0","8","TCF3"
"Slug(Zf)/Mesoderm-Snai2-ChIP-Seq(GSE61475)/Homer","SNGCACCTGCHS","1e0","-3.300e-03","1.0000","43.0","3.12","2173.0","4.53","0.688741721854305","-0.161943607994389","0","8","SNAI2"
"STAT6(Stat)/Macrophage-Stat6-ChIP-Seq(GSE38377)/Homer","TTCCKNAGAA","1e0","-3.281e-03","1.0000","44.0","3.19","2215.9","4.62","0.69047619047619","-0.160851292498944","0","111","STAT6"
"Hoxd12(Homeobox)/ChickenMSG-Hoxd12.Flag-ChIP-Seq(GSE86088)/Homer","HDGYAATGAAAN","1e0","-3.238e-03","1.0000","287.0","20.81","11446.5","23.86","0.872170997485331","-0.0593983591226961","0","32","HOXD12"
"SPDEF(ETS)/VCaP-SPDEF-ChIP-Seq(SRA014231)/Homer","ASWTCCTGBT","1e0","-3.025e-03","1.0000","120.0","8.70","5232.9","10.91","0.7974335472044","-0.0983054979697234","0","47","SPDEF"
"HOXB13(Homeobox)/ProstateTumor-HOXB13-ChIP-Seq(GSE56288)/Homer","TTTTATKRGG","1e0","-2.252e-03","1.0000","182.0","13.20","7627.3","15.90","0.830188679245283","-0.0808231931146016","0","32","HOXB13"
"Tbx6(T-box)/ESC-Tbx6-ChIP-Seq(GSE93524)/Homer","DAGGTGTBAA","1e0","-2.132e-03","1.0000","120.0","8.70","5279.8","11.01","0.790190735694823","-0.102268066353133","0","40","TBX6"
"Unknown(Homeobox)/Limb-p300-ChIP-Seq/Homer","SSCMATWAAA","1e0","-1.953e-03","1.0000","100.0","7.25","4514.3","9.41","0.770456960680127","-0.113251616856263","0","32","Unknown"
"Hoxa11(Homeobox)/ChickenMSG-Hoxa11.Flag-ChIP-Seq(GSE86088)/Homer","TTTTATGGCM","1e0","-8.030e-04","1.0000","408.0","29.59","16082.6","33.52","0.882756563245823","-0.0541590447976059","0","32","HOXA11"
"Myf5(bHLH)/GM-Myf5-ChIP-Seq(GSE24852)/Homer","BAACAGCTGT","1e0","-7.100e-04","1.0000","110.0","7.98","5028.9","10.48","0.761450381679389","-0.118358391296978","0","8","MYF5"
"Ascl2(bHLH)/ESC-Ascl2-ChIP-Seq(GSE97712)/Homer","SSRGCAGCTGCH","1e0","-3.860e-04","1.0000","130.0","9.43","5883.2","12.26","0.769168026101142","-0.113978777445068","0","8","ASCL2"
"Hoxd11(Homeobox)/ChickenMSG-Hoxd11.Flag-ChIP-Seq(GSE86088)/Homer","VGCCATAAAA","1e0","-2.700e-04","1.0000","398.0","28.86","15910.1","33.16","0.870325693606755","-0.0603181951207605","0","31","HOXD11"
"Eomes(T-box)/H9-Eomes-ChIP-Seq(GSE26097)/Homer","ATTAACACCT","1e0","-3.100e-05","1.0000","300.0","21.75","12656.9","26.38","0.824488248673237","-0.0838155299196903","0","41","EOMES"
"Tbr1(T-box)/Cortex-Tbr1-ChIP-Seq(GSE71384)/Homer","AAGGTGTKAA","1e0","-1.300e-05","1.0000","202.0","14.65","9075.1","18.92","0.77431289640592","-0.111083507375646","0","41","TBR1"
"DUX(Homeobox)/C2C12-Dux-ChIP-Seq(GSE87279)/Homer","BCWGATTCAATCAAN","1e0","0.000e+00","1.0000","0.0","0.00","25.9","0.05","0","0","0","152","DUX4"
"ZFP3(Zf)/HEK293-ZFP3.GFP-ChIP-Seq(GSE58341)/Homer","GGGTTTTGAAGGATGARTAGGAGTT","1e0","0.000e+00","1.0000","0.0","0.00","46.7","0.10","0","0","0","121","ZFP3"
"ZNF16(Zf)/HEK293-ZNF16.GFP-ChIP-Seq(GSE58341)/Homer","MACCTTCYATGGCTCCCTAKTGCCY","1e0","0.000e+00","1.0000","0.0","0.00","12.5","0.03","0","0","0","65","ZNF16"
"EBNA1(EBV-virus)/Raji-EBNA1-ChIP-Seq(GSE30709)/Homer","GGYAGCAYDTGCTDCCCNNN","1e0","0.000e+00","1.0000","0.0","0.00","21.0","0.04","0","0","0","151","EBNA1(EBV-virus)"
"ZNF528(Zf)/HEK293-ZNF528.GFP-ChIP-Seq(GSE58341)/Homer","AGAAATGACTTCCCT","1e0","0.000e+00","1.0000","0.0","0.00","6.5","0.01","0","0","0","62","ZNF528"
"ZNF382(Zf)/HEK293-ZNF382.GFP-ChIP-Seq(GSE58341)/Homer","GNCTGTASTRNTGBCTCHTT","1e0","0.000e+00","1.0000","0.0","0.00","103.0","0.21","0","0","0","88","ZNF382"
"ZKSCAN1(Zf)/HepG2-ZKSCAN1-ChIP-Seq(Encode)/Homer","GCACAYAGTAGGKCY","1e0","0.000e+00","1.0000","0.0","0.00","34.8","0.07","0","0","0","123","ZKSCAN1"
"T1ISRE(IRF)/ThioMac-Ifnb-Expression/Homer","ACTTTCGTTTCT","1e0","0.000e+00","1.0000","0.0","0.00","85.6","0.18","0","0","0","49","SRF(SRE)"
