"Motif Name","Consensus","P-value","Log P-value","q-value (Benjamini)","# of Target Sequences with Motif(of 1878)","% of Target Sequences with Motif","# of Background Sequences with Motif(of 45214)","% of Background Sequences with Motif","FC","log FC","Significance(-logpvalXFC)","clusterId","finalGene"
"REST-NRSF(Zf)/Jurkat-NRSF-ChIP-Seq/Homer","GGMGCTGTCCATGGTGCTGA","1e-83","-1.927e+02","0.0000","77.0","4.10","63.3","0.14","29.2857142857143","1.4666558210415","121.732433146444","50","REST"
"KLF14(Zf)/HEK293-KLF14.GFP-ChIP-Seq(GSE58341)/Homer","RGKGGGCGKGGC","1e-28","-6.510e+01","0.0000","526.0","27.99","8178.2","17.58","1.59215017064846","0.201984027728409","5.65555277639546","35","KLF14"
"Maz(Zf)/HepG2-Maz-ChIP-Seq(GSE31477)/Homer","GGGGGGGG","1e-22","-5.158e+01","0.0000","408.0","21.71","6231.9","13.39","1.62135922330097","0.209879246442411","4.61734342173304","102","MAZ"
"TR4(NR) DR1/Hela-TR4-ChIP-Seq(GSE24685)/Homer","GAGGTCAAAGGTCA","1e-21","-5.039e+01","0.0000","101.0","5.38","803.0","1.73","3.10982658959538","0.492736172537594","10.3474596232895","22","NR2C2(NR)"
"COUP-TFII(NR)/Artia-Nr2f2-ChIP-Seq(GSE46497)/Homer","AGRGGTCA","1e-19","-4.514e+01","0.0000","480.0","25.55","7963.9","17.12","1.49240654205607","0.173887144129597","3.30385573846235","60","NR2F2(NR)"
"COUP-TFII(NR)/K562-NR2F1-ChIP-Seq(Encode)/Homer","GKBCARAGGTCA","1e-18","-4.360e+01","0.0000","411.0","21.87","6582.0","14.15","1.54558303886926","0.189092343177328","3.4036621771919","60","NR2F2(NR)"
"EAR2(NR)/K562-NR2F6-ChIP-Seq(Encode)/Homer","NRBCARRGGTCA","1e-18","-4.321e+01","0.0000","376.0","20.01","5880.9","12.64","1.58306962025316","0.199500014689845","3.59100026441721","61","NR2F6(NR)"
"TEAD1(TEAD)/HepG2-TEAD1-ChIP-Seq(Encode)/Homer","CYRCATTCCA","1e-15","-3.462e+01","0.0000","210.0","11.18","2912.7","6.26","1.78594249201278","0.251867470339975","3.77801205509962","28","TEAD1"
"Sp5(Zf)/mES-Sp5.Flag-ChIP-Seq(GSE72989)/Homer","RGKGGGCGGAGC","1e-14","-3.241e+01","0.0000","306.0","16.29","4868.9","10.46","1.55736137667304","0.192389399777254","2.69345159688155","35","SP5"
"Sox10(HMG)/SciaticNerve-Sox3-ChIP-Seq(GSE35132)/Homer","CCWTTGTYYB","1e-13","-3.106e+01","0.0000","398.0","21.18","6843.4","14.71","1.43983684568321","0.158313283043936","2.05807267957117","74","SOX10"
"Rfx2(HTH)/LoVo-RFX2-ChIP-Seq(GSE49402)/Homer","GTTGCCATGGCAACM","1e-13","-3.067e+01","0.0000","69.0","3.67","599.1","1.29","2.84496124031008","0.45407635395284","5.90299260138692","33","RFX2"
"Sox3(HMG)/NPC-Sox3-ChIP-Seq(GSE33059)/Homer","CCWTTGTY","1e-13","-3.001e+01","0.0000","418.0","22.25","7322.1","15.74","1.4135959339263","0.150325287293905","1.95422873482076","74","SOX3"
"HNF4a(NR) DR1/HepG2-HNF4a-ChIP-Seq(GSE25021)/Homer","CARRGKBCAAAGTYCA","1e-12","-2.968e+01","0.0000","140.0","7.45","1768.9","3.80","1.96052631578947","0.292372676131483","3.50847211357779","22","HNF4A(NR)"
"CTCF(Zf)/CD4+-CTCF-ChIP-Seq(Barski_et_al.)/Homer","AYAGTGCCMYCTRGTGGCCA","1e-12","-2.861e+01","0.0000","79.0","4.20","776.5","1.67","2.51497005988024","0.400532819250317","4.80639383100381","83","CTCF"
"PPARa(NR) DR1/Liver-Ppara-ChIP-Seq(GSE47954)/Homer","VNAGGKCAAAGGTCA","1e-12","-2.844e+01","0.0000","280.0","14.90","4498.8","9.67","1.54084798345398","0.187759794329272","2.25311753195127","22","PPARA(NR)"
"TEAD3(TEA)/HepG2-TEAD3-ChIP-Seq(Encode)/Homer","TRCATTCCAG","1e-11","-2.712e+01","0.0000","221.0","11.76","3367.7","7.24","1.62430939226519","0.210668755542973","2.3173563109727","28","TEAD3"
"TEAD2(TEA)/Py2T-Tead2-ChIP-Seq(GSE55709)/Homer","CCWGGAATGY","1e-11","-2.711e+01","0.0000","123.0","6.55","1531.6","3.29","1.99088145896657","0.299045402041809","3.2894994224599","28","TEAD2"
"TEAD(TEA)/Fibroblast-PU.1-ChIP-Seq(Unpublished)/Homer","YCWGGAATGY","1e-11","-2.704e+01","0.0000","127.0","6.76","1603.3","3.45","1.95942028985507","0.292127600868362","3.21340360955198","27","TEAD2"
"NFY(CCAAT)/Promoter/Homer","RGCCAATSRG","1e-11","-2.612e+01","0.0000","259.0","13.78","4166.4","8.95","1.53966480446927","0.187426182255695","2.06168800481265","166","NFYA"
"Sp2(Zf)/HEK293-Sp2.eGFP-ChIP-Seq(Encode)/Homer","YGGCCCCGCCCC","1e-11","-2.544e+01","0.0000","354.0","18.84","6179.9","13.28","1.41867469879518","0.15188282342486","1.67071105767346","35","SP2"
"X-box(HTH)/NPC-H3K4me1-ChIP-Seq(GSE16256)/Homer","GGTTGCCATGGCAA","1e-10","-2.515e+01","0.0000","57.0","3.03","501.6","1.08","2.80555555555556","0.448018873015355","4.48018873015355","32","RFX2"
"Foxo3(Forkhead)/U2OS-Foxo3-ChIP-Seq(E-MTAB-2701)/Homer","DGTAAACA","1e-10","-2.513e+01","0.0000","236.0","12.56","3741.7","8.04","1.56218905472637","0.193733590652726","1.93733590652726","30","FOXO3"
"RFX(HTH)/K562-RFX3-ChIP-Seq(SRA012198)/Homer","CGGTTGCCATGGCAAC","1e-10","-2.423e+01","0.0000","61.0","3.25","572.2","1.23","2.64227642276423","0.421978249539476","4.21978249539476","34","RFX3"
"Foxo1(Forkhead)/RAW-Foxo1-ChIP-Seq(Fan_et_al.)/Homer","CTGTTTAC","1e-10","-2.393e+01","0.0000","498.0","26.50","9422.3","20.25","1.30864197530864","0.11682084638612","1.1682084638612","94","FOXO1"
"TEAD4(TEA)/Tropoblast-Tead4-ChIP-Seq(GSE37350)/Homer","CCWGGAATGY","1e-10","-2.312e+01","0.0000","187.0","9.95","2844.3","6.11","1.62847790507365","0.211781870503171","2.11781870503171","28","TEAD4"
"KLF5(Zf)/LoVo-KLF5-ChIP-Seq(GSE49402)/Homer","DGGGYGKGGC","1e-9","-2.267e+01","0.0000","314.0","16.71","5469.0","11.75","1.42212765957447","0.152938583285636","1.37644724957073","34","KLF5"
"Sox2(HMG)/mES-Sox2-ChIP-Seq(GSE11431)/Homer","BCCATTGTTC","1e-9","-2.235e+01","0.0000","224.0","11.92","3612.8","7.76","1.5360824742268","0.186414534146029","1.67773080731426","74","SOX2"
"Rfx1(HTH)/NPC-H3K4me1-ChIP-Seq(GSE16256)/Homer","KGTTGCCATGGCAA","1e-9","-2.168e+01","0.0000","79.0","4.20","900.3","1.93","2.17616580310881","0.337691981390127","3.03922783251114","34","RFX1"
"Sox17(HMG)/Endoderm-Sox17-ChIP-Seq(GSE61475)/Homer","CCATTGTTYB","1e-9","-2.166e+01","0.0000","167.0","8.89","2506.2","5.39","1.64935064935065","0.217312995783475","1.95581696205127","73","SOX17"
"Egr1(Zf)/K562-Egr1-ChIP-Seq(GSE32465)/Homer","TGCGTGGGYG","1e-9","-2.140e+01","0.0000","238.0","12.67","3939.0","8.47","1.49586776859504","0.174893204552734","1.57403884097461","19","EGR1"
"Usf2(bHLH)/C2C12-Usf2-ChIP-Seq(GSE36030)/Homer","GTCACGTGGT","1e-9","-2.116e+01","0.0000","103.0","5.48","1325.1","2.85","1.92280701754386","0.283935698475859","2.55542128628273","99","USF2"
"Tgif1(Homeobox)/mES-Tgif1-ChIP-Seq(GSE55404)/Homer","YTGWCADY","1e-9","-2.114e+01","0.0000","775.0","41.25","16044.2","34.48","1.19634570765661","0.0778566957332687","0.700710261599419","94","TGIF1"
"MITF(bHLH)/MastCells-MITF-ChIP-Seq(GSE48085)/Homer","RTCATGTGAC","1e-8","-2.030e+01","0.0000","238.0","12.67","3989.3","8.57","1.47841306884481","0.169795792960243","1.35836634368195","139","MITF"
"Sox6(HMG)/Myotubes-Sox6-ChIP-Seq(GSE32627)/Homer","CCATTGTTNY","1e-8","-2.002e+01","0.0000","364.0","19.37","6692.3","14.38","1.34700973574409","0.129370734672247","1.03496587737798","73","SOX6"
"PPARE(NR) DR1/3T3L1-Pparg-ChIP-Seq(GSE13511)/Homer","TGACCTTTGCCCCA","1e-8","-1.954e+01","0.0000","250.0","13.30","4275.5","9.19","1.44722524483134","0.160536129580975","1.2842890366478","22","PPARG(NR)"
"Sox4(HMG)/proB-Sox4-ChIP-Seq(GSE50066)/Homer","YCTTTGTTCC","1e-8","-1.932e+01","0.0000","213.0","11.34","3519.4","7.56","1.5","0.176091259055681","1.40873007244545","74","SOX4"
"Six1(Homeobox)/Myoblast-Six1-ChIP-Chip(GSE20150)/Homer","GKVTCADRTTWC","1e-8","-1.920e+01","0.0000","77.0","4.10","919.4","1.98","2.07070707070707","0.316118666458204","2.52894933166563","65","SIX1"
"Tgif2(Homeobox)/mES-Tgif2-ChIP-Seq(GSE55404)/Homer","TGTCANYT","1e-8","-1.919e+01","0.0000","797.0","42.42","16732.4","35.96","1.17964404894327","0.0717509811193519","0.574007848954815","94","TGIF2"
"Foxa2(Forkhead)/Liver-Foxa2-ChIP-Seq(GSE25694)/Homer","CYTGTTTACWYW","1e-8","-1.865e+01","0.0000","205.0","10.91","3385.7","7.28","1.49862637362637","0.175693371275305","1.40554697020244","30","FOXA2"
"FOXP1(Forkhead)/H9-FOXP1-ChIP-Seq(GSE31006)/Homer","NYYTGTTTACHN","1e-7","-1.806e+01","0.0000","150.0","7.98","2305.0","4.95","1.61212121212121","0.207397692417161","1.45178384692012","30","FOXP1"
"FOXK1(Forkhead)/HEK293-FOXK1-ChIP-Seq(GSE51673)/Homer","NVWTGTTTAC","1e-7","-1.796e+01","0.0000","288.0","15.33","5164.7","11.10","1.38108108108108","0.140219176067718","0.981534232474024","30","FOXK1"
"Rfx5(HTH)/GM12878-Rfx5-ChIP-Seq(GSE31477)/Homer","SCCTAGCAACAG","1e-7","-1.674e+01","0.0000","87.0","4.63","1155.5","2.48","1.86693548387097","0.271129310191737","1.89790517134216","46","RFX5"
"BORIS(Zf)/K562-CTCFL-ChIP-Seq(GSE32465)/Homer","CNNBRGCGCCCCCTGSTGGC","1e-7","-1.656e+01","0.0000","89.0","4.74","1196.1","2.57","1.8443579766537","0.265845218342791","1.86091652839953","83","CTCFL"
"Zfp281(Zf)/ES-Zfp281-ChIP-Seq(GSE81042)/Homer","CCCCTCCCCCAC","1e-7","-1.655e+01","0.0000","62.0","3.30","723.5","1.55","2.12903225806452","0.328182241707596","2.29727569195317","156","ZFP281"
"KLF10(Zf)/HEK293-KLF10.GFP-ChIP-Seq(GSE58341)/Homer","GGGGGTGTGTCC","1e-7","-1.645e+01","0.0000","346.0","18.41","6521.0","14.01","1.3140613847252","0.11861565321824","0.830309572527681","70","KLF10"
"PBX2(Homeobox)/K562-PBX2-ChIP-Seq(Encode)/Homer","RTGATTKATRGN","1e-7","-1.639e+01","0.0000","205.0","10.91","3491.2","7.50","1.45466666666667","0.162763487196642","1.13934441037649","10","PBX2"
"Klf9(Zf)/GBM-Klf9-ChIP-Seq(GSE62211)/Homer","GCCACRCCCACY","1e-6","-1.602e+01","0.0000","114.0","6.07","1680.3","3.61","1.6814404432133","0.2256814891696","1.3540889350176","35","KLF9"
"KLF6(Zf)/PDAC-KLF6-ChIP-Seq(GSE64557)/Homer","MKGGGYGTGGCC","1e-6","-1.599e+01","0.0000","237.0","12.61","4184.2","8.99","1.40266963292547","0.146955394839853","0.881732369039117","35","KLF6"
"FoxL2(Forkhead)/Ovary-FoxL2-ChIP-Seq(GSE60858)/Homer","WWTRTAAACAVG","1e-6","-1.596e+01","0.0000","209.0","11.12","3596.7","7.73","1.4385510996119","0.157925293327714","0.947551759966282","30","FOXL2"
"FOXA1(Forkhead)/LNCAP-FOXA1-ChIP-Seq(GSE27824)/Homer","WAAGTAAACA","1e-6","-1.569e+01","0.0000","257.0","13.68","4628.0","9.95","1.3748743718593","0.138263016638372","0.829578099830232","30","FOXA1"
"Atf7(bZIP)/3T3L1-Atf7-ChIP-Seq(GSE56872)/Homer","NGRTGACGTCAY","1e-6","-1.545e+01","0.0000","153.0","8.14","2469.7","5.31","1.53295668549906","0.185529883807732","1.11317930284639","98","ATF7"
"Foxa3(Forkhead)/Liver-Foxa3-ChIP-Seq(GSE77670)/Homer","BSNTGTTTACWYWGN","1e-6","-1.507e+01","0.0000","92.0","4.90","1295.8","2.79","1.75627240143369","0.244591876754916","1.4675512605295","29","FOXA3"
"FOXK2(Forkhead)/U2OS-FOXK2-ChIP-Seq(E-MTAB-2204)/Homer","SCHTGTTTACAT","1e-6","-1.474e+01","0.0000","189.0","10.06","3240.2","6.96","1.44540229885057","0.159988741109346","0.959932446656079","30","FOXK2"
"Sox15(HMG)/CPA-Sox15-ChIP-Seq(GSE62909)/Homer","RAACAATGGN","1e-6","-1.462e+01","0.0000","229.0","12.19","4090.3","8.79","1.386803185438","0.14201483054461","0.85208898326766","74","SOX15"
"Meis1(Homeobox)/MastCells-Meis1-ChIP-Seq(GSE48085)/Homer","VGCTGWCAVB","1e-6","-1.441e+01","0.0000","463.0","24.64","9307.5","20.00","1.232","0.0906107078284066","0.54366424697044","174","MEIS1"
"c-Jun-CRE(bZIP)/K562-cJun-ChIP-Seq(GSE31477)/Homer","ATGACGTCATCY","1e-6","-1.406e+01","0.0000","100.0","5.32","1479.9","3.18","1.67295597484277","0.223484512310616","1.34090707386369","96","JUN"
"Nur77(NR)/K562-NR4A1-ChIP-Seq(GSE31363)/Homer","TGACCTTTNCNT","1e-6","-1.393e+01","0.0000","73.0","3.89","980.0","2.11","1.8436018957346","0.265667146028015","1.59400287616809","69","NR4A1(NR)"
"TFE3(bHLH)/MEF-TFE3-ChIP-Seq(GSE75757)/Homer","GTCACGTGACYV","1e-5","-1.355e+01","0.0000","40.0","2.13","422.3","0.91","2.34065934065934","0.369338211117644","1.84669105558822","13","TFE3"
"Foxf1(Forkhead)/Lung-Foxf1-ChIP-Seq(GSE77951)/Homer","WWATRTAAACAN","1e-5","-1.354e+01","0.0000","221.0","11.76","3981.5","8.56","1.37383177570093","0.137933557062966","0.689667785314832","30","FOXF1"
"THRb(NR)/Liver-NR1A2-ChIP-Seq(GSE52613)/Homer","TRAGGTCA","1e-5","-1.345e+01","0.0000","834.0","44.39","18173.7","39.06","1.13645673323093","0.0555529060735311","0.277764530367655","61","THRB(NR)"
"Hoxb4(Homeobox)/ES-Hoxb4-ChIP-Seq(GSE34014)/Homer","TGATTRATGGCY","1e-5","-1.344e+01","0.0000","66.0","3.51","866.5","1.86","1.88709677419355","0.275794172247908","1.37897086123954","10","HOXB4"
"USF1(bHLH)/GM12878-Usf1-ChIP-Seq(GSE32465)/Homer","SGTCACGTGR","1e-5","-1.335e+01","0.0000","132.0","7.03","2136.9","4.59","1.53159041394336","0.185142639482563","0.925713197412814","13","USF1"
"WT1(Zf)/Kidney-WT1-ChIP-Seq(GSE90016)/Homer","MCTCCCMCRCAB","1e-5","-1.332e+01","0.0000","204.0","10.86","3631.4","7.80","1.39230769230769","0.143735222562348","0.718676112811738","19","WT1"
"FOXM1(Forkhead)/MCF7-FOXM1-ChIP-Seq(GSE72977)/Homer","TRTTTACTTW","1e-5","-1.321e+01","0.0000","213.0","11.34","3829.4","8.23","1.3778857837181","0.139213219344618","0.69606609672309","30","FOXM1"
"BMAL1(bHLH)/Liver-Bmal1-ChIP-Seq(GSE39860)/Homer","GNCACGTG","1e-5","-1.316e+01","0.0000","457.0","24.32","9275.8","19.94","1.21965897693079","0.0862384166250604","0.431192083125302","13","ARNTL"
"Six4(Homeobox)/MCF7-SIX4-ChIP-Seq(Encode)/Homer","TGWAAYCTGABACCB","1e-5","-1.289e+01","0.0000","25.0","1.33","208.3","0.45","2.95555555555556","0.470639127191742","2.35319563595871","64","SIX4"
"FOXA1(Forkhead)/MCF7-FOXA1-ChIP-Seq(GSE26831)/Homer","WAAGTAAACA","1e-5","-1.253e+01","0.0000","205.0","10.91","3698.5","7.95","1.37232704402516","0.137457621931872","0.687288109659358","30","FOXA1"
"RXR(NR) DR1/3T3L1-RXR-ChIP-Seq(GSE13511)/Homer","TAGGGCAAAGGTCA","1e-5","-1.246e+01","0.0000","260.0","13.84","4894.7","10.52","1.31558935361217","0.119120350303019","0.595601751515094","22","RXRA(NR)"
"E-box(bHLH)/Promoter/Homer","SSGGTCACGTGA","1e-5","-1.245e+01","0.0000","37.0","1.97","394.8","0.85","2.31764705882353","0.3650473004473","1.8252365022365","13","EBOX_promoter"
"NPAS(bHLH)/Liver-NPAS-ChIP-Seq(GSE39860)/Homer","NVCACGTG","1e-5","-1.183e+01","0.0000","413.0","21.98","8381.6","18.01","1.22043309272626","0.0865139752679384","0.432569876339692","13","NPAS2"
"Lhx3(Homeobox)/Neuron-Lhx3-ChIP-Seq(GSE31456)/Homer","ADBTAATTAR","1e-5","-1.180e+01","0.0000","330.0","17.56","6498.2","13.97","1.25697924123121","0.0993281054559018","0.496640527279509","43","LHX3"
"Hoxd11(Homeobox)/ChickenMSG-Hoxd11.Flag-ChIP-Seq(GSE86088)/Homer","VGCCATAAAA","1e-5","-1.179e+01","0.0000","478.0","25.44","9885.1","21.24","1.19774011299435","0.0783625945669448","0.391812972834724","31","HOXD11"
"Atf2(bZIP)/3T3L1-Atf2-ChIP-Seq(GSE56872)/Homer","NRRTGACGTCAT","1e-5","-1.175e+01","0.0000","115.0","6.12","1863.4","4.00","1.53","0.184691430817599","0.923457154087994","96","ATF2"
"ERRg(NR)/Kidney-ESRRG-ChIP-Seq(GSE104905)/Homer","GTGACCTTGRVN","1e-4","-1.131e+01","0.0001","216.0","11.50","4010.9","8.62","1.33410672853828","0.125190574528899","0.500762298115596","155","ERRG(NR)"
"HOXA1(Homeobox)/mES-Hoxa1-ChIP-Seq(SRP084292)/Homer","TGATKGATGR","1e-4","-1.114e+01","0.0001","83.0","4.42","1255.3","2.70","1.63703703703704","0.214058505190105","0.856234020760418","10","HOXA1"
"HOXB13(Homeobox)/ProstateTumor-HOXB13-ChIP-Seq(GSE56288)/Homer","TTTTATKRGG","1e-4","-1.100e+01","0.0001","220.0","11.71","4118.6","8.85","1.32316384180791","0.121613624374538","0.486454497498151","32","HOXB13"
"Pdx1(Homeobox)/Islet-Pdx1-ChIP-Seq(SRA008281)/Homer","YCATYAATCA","1e-4","-1.074e+01","0.0001","211.0","11.23","3939.5","8.47","1.3258559622196","0.122496345930751","0.489985383723003","10","PDX1"
"Jun-AP1(bZIP)/K562-cJun-ChIP-Seq(GSE31477)/Homer","GATGASTCATCN","1e-4","-1.054e+01","0.0001","58.0","3.09","802.0","1.72","1.79651162790698","0.254430032517286","1.01772013006914","17","JUN"
"Six2(Homeobox)/NephronProgenitor-Six2-ChIP-Seq(GSE39837)/Homer","GWAAYHTGAKMC","1e-4","-9.997e+00","0.0002","193.0","10.27","3597.3","7.73","1.32858990944373","0.123390949678953","0.493563798715813","63","SIX2"
"NFIL3(bZIP)/HepG2-NFIL3-ChIP-Seq(Encode)/Homer","VTTACGTAAYNNNNN","1e-4","-9.930e+00","0.0003","139.0","7.40","2446.4","5.26","1.40684410646388","0.148245975577237","0.592983902308948","127","NFIL3"
"Hoxc9(Homeobox)/Ainv15-Hoxc9-ChIP-Seq(GSE21812)/Homer","GGCCATAAATCA","1e-4","-9.861e+00","0.0003","107.0","5.69","1786.8","3.84","1.48177083333333","0.17078104202754","0.683124168110161","10","HOXC9"
"Fox:Ebox(Forkhead bHLH)/Panc1-Foxa2-ChIP-Seq(GSE47459)/Homer","NNNVCTGWGYAAACASN","1e-4","-9.387e+00","0.0004","227.0","12.08","4386.3","9.43","1.28101802757158","0.107555241547785","0.430220966191139","30","FOXA2"
"FoxD3(forkhead)/ZebrafishEmbryo-Foxd3.biotin-ChIP-seq(GSE106676)/Homer","TGTTTAYTTAGC","1e-4","-9.224e+00","0.0005","198.0","10.54","3759.4","8.08","1.30445544554455","0.115429250101942","0.461717000407766","30","FOXD3"
"Bach2(bZIP)/OCILy7-Bach2-ChIP-Seq(GSE44420)/Homer","TGCTGAGTCA","1e-3","-9.188e+00","0.0005","51.0","2.71","713.7","1.53","1.77124183006536","0.248277860056807","0.744833580170421","17","BACH2"
"KLF3(Zf)/MEF-Klf3-ChIP-Seq(GSE44748)/Homer","NRGCCCCRCCCHBNN","1e-3","-9.089e+00","0.0006","111.0","5.91","1906.3","4.10","1.44146341463415","0.15880362416152","0.47641087248456","35","KLF3"
"BATF(bZIP)/Th17-BATF-ChIP-Seq(GSE39756)/Homer","DATGASTCAT","1e-3","-9.047e+00","0.0006","134.0","7.13","2390.4","5.14","1.38715953307393","0.14212641085659","0.426379232569769","17","BATF"
"FXR(NR) IR1/Liver-FXR-ChIP-Seq(Chong_et_al.)/Homer","AGGTCANTGACCTB","1e-3","-8.981e+00","0.0006","83.0","4.42","1341.0","2.88","1.53472222222222","0.186029781589861","0.558089344769583","74","NR1H4(NR)"
"RARa(NR)/K562-RARa-ChIP-Seq(Encode)/Homer","TTGAMCTTTG","1e-3","-8.880e+00","0.0007","573.0","30.49","12428.0","26.71","1.14152002995133","0.0574835363440078","0.172450609032023","160","RARA(NR)"
"Znf263(Zf)/K562-Znf263-ChIP-Seq(GSE31477)/Homer","CVGTSCTCCC","1e-3","-8.677e+00","0.0008","572.0","30.44","12429.2","26.71","1.13964807188319","0.0567707600771624","0.170312280231487","80","ZNF263"
"ZNF467(Zf)/HEK293-ZNF467.GFP-ChIP-Seq(GSE58341)/Homer","TGGGGAAGGGCM","1e-3","-8.475e+00","0.0010","179.0","9.53","3396.6","7.30","1.30547945205479","0.115770040517871","0.347310121553612","139","ZNF467"
"Atf3(bZIP)/GBM-ATF3-ChIP-Seq(GSE33912)/Homer","DATGASTCATHN","1e-3","-8.242e+00","0.0012","135.0","7.18","2459.5","5.29","1.35727788279773","0.132668772207115","0.398006316621344","17","ATF3"
"Atf1(bZIP)/K562-ATF1-ChIP-Seq(GSE31477)/Homer","GATGACGTCA","1e-3","-8.079e+00","0.0014","193.0","10.27","3734.0","8.03","1.27895392278954","0.106854898318597","0.320564694955792","97","ATF1"
"Erra(NR)/HepG2-Erra-ChIP-Seq(GSE31477)/Homer","CAAAGGTCAG","1e-3","-7.807e+00","0.0019","450.0","23.95","9650.3","20.74","1.15477338476374","0.0624967656975599","0.18749029709268","170","ESRRA(NR)"
"JunB(bZIP)/DendriticCells-Junb-ChIP-Seq(GSE36099)/Homer","RATGASTCAT","1e-3","-7.705e+00","0.0021","118.0","6.28","2129.9","4.58","1.37117903930131","0.137094165733327","0.411282497199981","17","JunB"
"Hoxa11(Homeobox)/ChickenMSG-Hoxa11.Flag-ChIP-Seq(GSE86088)/Homer","TTTTATGGCM","1e-3","-7.627e+00","0.0022","453.0","24.11","9742.5","20.94","1.15138490926457","0.0612205330346301","0.18366159910389","32","HOXA11"
"AP-1(bZIP)/ThioMac-PU.1-ChIP-Seq(GSE21512)/Homer","VTGACTCATC","1e-3","-7.617e+00","0.0022","156.0","8.30","2955.0","6.35","1.30708661417323","0.116304367084098","0.348913101252295","17","FOS"
"GSC(Homeobox)/FrogEmbryos-GSC-ChIP-Seq(DRA000576)/Homer","RGGATTAR","1e-3","-7.603e+00","0.0022","201.0","10.70","3948.9","8.49","1.2603062426384","0.100476087441257","0.301428262323771","38","GSC"
"HLF(bZIP)/HSC-HLF.Flag-ChIP-Seq(GSE69817)/Homer","RTTATGYAAB","1e-3","-7.513e+00","0.0024","138.0","7.34","2570.4","5.52","1.32971014492754","0.123756982186872","0.371270946560615","128","HLF"
"Fosl2(bZIP)/3T3L1-Fosl2-ChIP-Seq(GSE56872)/Homer","NATGASTCABNN","1e-3","-7.317e+00","0.0029","76.0","4.04","1273.7","2.74","1.47445255474453","0.168630802290217","0.505892406870651","17","FOSL2"
"MafA(bZIP)/Islet-MafA-ChIP-Seq(GSE30298)/Homer","TGCTGACTCA","1e-3","-7.254e+00","0.0030","224.0","11.92","4493.9","9.66","1.23395445134576","0.0912991289887243","0.273897386966173","69","MAFA"
"Tbx20(T-box)/Heart-Tbx20-ChIP-Seq(GSE29636)/Homer","GGTGYTGACAGS","1e-3","-7.236e+00","0.0031","74.0","3.94","1236.7","2.66","1.4812030075188","0.170614585194507","0.511843755583521","106","TBX20"
"Nkx3.1(Homeobox)/LNCaP-Nkx3.1-ChIP-Seq(GSE28264)/Homer","AAGCACTTAA","1e-3","-7.158e+00","0.0033","443.0","23.58","9564.5","20.56","1.14688715953307","0.0595206904358322","0.178562071307497","11","NKX3-1"
"LXH9(Homeobox)/Hct116-LXH9.V5-ChIP-Seq(GSE116822)/Homer","NGCTAATTAG","1e-3","-7.046e+00","0.0036","269.0","14.32","5534.8","11.90","1.20336134453782","0.080396056579306","0.241188169737918","44","LXH9"
"PAX5(Paired Homeobox)/GM12878-PAX5-ChIP-Seq(GSE32465)/Homer","GCAGCCAAGCRTGACH","1e-3","-7.009e+00","0.0037","89.0","4.74","1557.4","3.35","1.41492537313433","0.15073353463724","0.452200603911719","6","PAX5"
"Dlx3(Homeobox)/Kerainocytes-Dlx3-ChIP-Seq(GSE89884)/Homer","NDGTAATTAC","1e-3","-6.986e+00","0.0038","107.0","5.69","1938.8","4.17","1.36450839328537","0.134976211421314","0.404928634263941","43","DLX3"
"Sox9(HMG)/Limb-SOX9-ChIP-Seq(GSE73225)/Homer","AGGVNCCTTTGT","1e-3","-6.950e+00","0.0039","173.0","9.21","3378.1","7.26","1.26859504132231","0.103323009496755","0.309969028490266","102","SOX9"
"CRE(bZIP)/Promoter/Homer","CSGTGACGTCAC","1e-3","-6.920e+00","0.0039","87.0","4.63","1520.7","3.27","1.41590214067278","0.151033238357667","0.453099715073001","66","CREB1"
"Fra1(bZIP)/BT549-Fra1-ChIP-Seq(GSE46166)/Homer","NNATGASTCATH","1e-2","-6.855e+00","0.0042","110.0","5.85","2010.2","4.32","1.35416666666667","0.131672119267268","0.263344238534537","17","FOSL1"
"Otx2(Homeobox)/EpiLC-Otx2-ChIP-Seq(GSE56098)/Homer","NYTAATCCYB","1e-2","-6.834e+00","0.0042","128.0","6.81","2399.5","5.16","1.31976744186047","0.120497410285574","0.240994820571148","37","OTX2"
"RAR:RXR(NR) DR5/ES-RAR-ChIP-Seq(GSE56893)/Homer","RGGTCADNNAGAGGTCAV","1e-2","-6.826e+00","0.0042","15.0","0.80","145.1","0.31","2.58064516129032","0.411728293157671","0.823456586315342","160","RAR_RXR(NR)"
"ZNF7(Zf)/HepG2-ZNF7.Flag-ChIP-Seq(Encode)/Homer","CTGCCWVCTTTTRTA","1e-2","-6.695e+00","0.0048","105.0","5.59","1913.3","4.11","1.36009732360097","0.133569986010354","0.267139972020708","16","ZNF7"
"CLOCK(bHLH)/Liver-Clock-ChIP-Seq(GSE39860)/Homer","GHCACGTG","1e-2","-6.570e+00","0.0054","145.0","7.72","2789.0","5.99","1.28881469115192","0.110190477946425","0.220380955892849","13","CLOCK"
"PAX5(Paired Homeobox) condensed/GM12878-PAX5-ChIP-Seq(GSE32465)/Homer","GTCACGCTCSCTGM","1e-2","-6.517e+00","0.0056","31.0","1.65","423.0","0.91","1.81318681318681","0.258442551892813","0.516885103785625","32","PAX5"
"Hoxd13(Homeobox)/ChickenMSG-Hoxd13.Flag-ChIP-Seq(GSE86088)/Homer","NCYAATAAAA","1e-2","-6.014e+00","0.0092","283.0","15.06","5965.3","12.82","1.17472698907956","0.0699369466818832","0.139873893363766","32","HOXD13"
"LXRE(NR) DR4/RAW-LXRb.biotin-ChIP-Seq(GSE21512)/Homer","RGGTTACTANAGGTCA","1e-2","-6.013e+00","0.0092","15.0","0.80","158.2","0.34","2.35294117647059","0.371611069949688","0.743222139899377","83","NR1H2(NR)"
"IRF2(IRF)/Erythroblas-IRF2-ChIP-Seq(GSE36985)/Homer","GAAASYGAAASY","1e-2","-5.953e+00","0.0096","23.0","1.22","294.3","0.63","1.93650793650794","0.287019281221166","0.574038562442333","53","IRF2"
"Sp1(Zf)/Promoter/Homer","GGCCCCGCCCCC","1e-2","-5.905e+00","0.0100","55.0","2.93","911.8","1.96","1.49489795918367","0.174611548997633","0.349223097995267","35","SP1"
"Reverb(NR) DR2/RAW-Reverba.biotin-ChIP-Seq(GSE45914)/Homer","GTRGGTCASTGGGTCA","1e-2","-5.888e+00","0.0101","35.0","1.86","517.4","1.11","1.67567567567568","0.224189965431259","0.448379930862517","140","NR1D1(NR)"
"SpiB(ETS)/OCILY3-SPIB-ChIP-Seq(GSE56857)/Homer","AAAGRGGAAGTG","1e-2","-5.766e+00","0.0113","54.0","2.87","897.2","1.93","1.48704663212435","0.172324587726219","0.344649175452437","56","SPIB"
"Egr2(Zf)/Thymocytes-Egr2-ChIP-Seq(GSE34254)/Homer","NGCGTGGGCGGR","1e-2","-5.529e+00","0.0142","46.0","2.45","746.9","1.61","1.52173913043478","0.182340208332683","0.364680416665366","19","EGR2"
"Arnt:Ahr(bHLH)/MCF7-Arnt-ChIP-Seq(Lo_et_al.)/Homer","TBGCACGCAA","1e-2","-5.504e+00","0.0144","210.0","11.18","4342.3","9.33","1.19828510182208","0.0785601598039045","0.157120319607809","77","ARNT(HIF1B)"
"ETS:RUNX(ETS Runt)/Jurkat-RUNX1-ChIP-Seq(GSE17954)/Homer","RCAGGATGTGGT","1e-2","-5.442e+00","0.0152","22.0","1.17","289.3","0.62","1.88709677419355","0.275794172247908","0.551588344495815","116","RUNX1"
"Fra2(bZIP)/Striatum-Fra2-ChIP-Seq(GSE43429)/Homer","GGATGACTCATC","1e-2","-5.412e+00","0.0155","99.0","5.27","1867.4","4.01","1.3142144638404","0.118666242592364","0.237332485184728","17","FOSL2"
"Tcf7(HMG)/GM12878-TCF7-ChIP-Seq(Encode)/Homer","CTTTGATGTGSB","1e-2","-5.346e+00","0.0164","80.0","4.26","1462.3","3.14","1.35668789808917","0.132479951029504","0.264959902059008","93","TCF7"
"Cdx2(Homeobox)/mES-Cdx2-ChIP-Seq(GSE14586)/Homer","GYMATAAAAH","1e-2","-5.316e+00","0.0168","121.0","6.44","2356.7","5.06","1.27272727272727","0.104735350520013","0.209470701040026","103","CDX2"
"bHLHE40(bHLH)/HepG2-BHLHE40-ChIP-Seq(GSE31477)/Homer","KCACGTGMCN","1e-2","-5.093e+00","0.0209","86.0","4.58","1607.5","3.45","1.32753623188406","0.123046382930595","0.24609276586119","13","BHLHE40"
"Esrrb(NR)/mES-Esrrb-ChIP-Seq(GSE11431)/Homer","KTGACCTTGA","1e-2","-5.038e+00","0.0219","168.0","8.94","3433.4","7.38","1.21138211382114","0.0832811569728761","0.166562313945752","154","ESRRB(NR)"
"Pitx1(Homeobox)/Chicken-Pitx1-ChIP-Seq(GSE38910)/Homer","TAATCCCN","1e-2","-5.014e+00","0.0222","739.0","39.33","17002.4","36.54","1.07635467980296","0.0319554033932278","0.0639108067864555","155","PITX1"
"Pbx3(Homeobox)/GM12878-PBX3-ChIP-Seq(GSE32465)/Homer","SCTGTCAMTCAN","1e-2","-4.983e+00","0.0227","66.0","3.51","1186.6","2.55","1.37647058823529","0.138766936031869","0.277533872063738","119","PBX3"
"MNT(bHLH)/HepG2-MNT-ChIP-Seq(Encode)/Homer","DGCACACGTG","1e-2","-4.973e+00","0.0228","230.0","12.24","4859.0","10.44","1.17241379310345","0.0690809191432991","0.138161838286598","144","MNT"
"RORgt(NR)/EL4-RORgt.Flag-ChIP-Seq(GSE56019)/Homer","AAYTAGGTCA","1e-2","-4.961e+00","0.0228","31.0","1.65","472.5","1.02","1.61764705882353","0.208883772451989","0.417767544903977","4","RORC(NR)"
"RORgt(NR)/EL4-RORgt.Flag-ChIP-Seq(GSE56019)/Homer","AAYTAGGTCA","1e-2","-4.961e+00","0.0228","31.0","1.65","472.5","1.02","1.61764705882353","0.208883772451989","0.417767544903977","4","RORC(NR)"
"PU.1-IRF(ETS:IRF)/Bcell-PU.1-ChIP-Seq(GSE21512)/Homer","MGGAAGTGAAAC","1e-2","-4.959e+00","0.0228","220.0","11.71","4630.6","9.95","1.17688442211055","0.0707338143266378","0.141467628653276","53","SPI1"
"IRF1(IRF)/PBMC-IRF1-ChIP-Seq(GSE43036)/Homer","GAAAGTGAAAGT","1e-2","-4.937e+00","0.0229","27.0","1.44","396.8","0.85","1.69411764705882","0.228943566380957","0.457887132761914","53","IRF1"
"CEBP(bZIP)/ThioMac-CEBPb-ChIP-Seq(GSE21512)/Homer","ATTGCGCAAC","1e-2","-4.913e+00","0.0233","114.0","6.07","2233.9","4.80","1.26458333333333","0.10194745369967","0.203894907399341","165","CEBPB"
"CDX4(Homeobox)/ZebrafishEmbryos-Cdx4.Myc-ChIP-Seq(GSE48254)/Homer","NGYCATAAAWCH","1e-2","-4.829e+00","0.0252","170.0","9.05","3499.1","7.52","1.20345744680851","0.0804307386135611","0.160861477227122","32","CDX4"
"AMYB(HTH)/Testes-AMYB-ChIP-Seq(GSE44588)/Homer","TGGCAGTTGG","1e-2","-4.787e+00","0.0260","344.0","18.31","7546.5","16.22","1.1288532675709","0.0526374944265593","0.105274988853119","21","MYBL1"
"Lhx2(Homeobox)/HFSC-Lhx2-ChIP-Seq(GSE48068)/Homer","TAATTAGN","1e-2","-4.758e+00","0.0266","181.0","9.63","3757.2","8.07","1.19330855018587","0.0767527524024641","0.153505504804928","44","LHX2"
"ZSCAN22(Zf)/HEK293-ZSCAN22.GFP-ChIP-Seq(GSE58341)/Homer","SMCAGTCWGAKGGAGGAGGC","1e-2","-4.753e+00","0.0266","30.0","1.60","460.5","0.99","1.61616161616162","0.208484788058375","0.41696957611675","114","ZSCAN22"
"Hoxd12(Homeobox)/ChickenMSG-Hoxd12.Flag-ChIP-Seq(GSE86088)/Homer","HDGYAATGAAAN","1e-2","-4.751e+00","0.0266","304.0","16.18","6610.5","14.21","1.13863476425053","0.0563844393487837","0.112768878697567","32","HOXD12"
"Hoxa9(Homeobox)/ChickenMSG-Hoxa9.Flag-ChIP-Seq(GSE86088)/Homer","RGCAATNAAA","1e-2","-4.737e+00","0.0266","505.0","26.88","11387.4","24.47","1.09848794442174","0.0407952950299985","0.081590590059997","32","HOXA9"
"Max(bHLH)/K562-Max-ChIP-Seq(GSE31477)/Homer","RCCACGTGGYYN","1e-2","-4.724e+00","0.0268","140.0","7.45","2830.5","6.08","1.22532894736842","0.0882526934755579","0.176505386951116","13","MAX"
"ZNF669(Zf)/HEK293-ZNF669.GFP-ChIP-Seq(GSE58341)/Homer","GARTGGTCATCGCCC","1e-2","-4.678e+00","0.0278","20.0","1.06","273.9","0.59","1.79661016949153","0.254453853622626","0.508907707245252","74","ZNF669"
"Pknox1(Homeobox)/ES-Prep1-ChIP-Seq(GSE63282)/Homer","SCTGTCAVTCAV","1e-2","-4.656e+00","0.0283","61.0","3.25","1099.8","2.36","1.3771186440678","0.138971358008768","0.277942716017536","120","PKNOX1"
"RORg(NR)/Liver-Rorc-ChIP-Seq(GSE101115)/Homer","WAABTAGGTCAV","1e-1","-4.533e+00","0.0317","24.0","1.28","352.2","0.76","1.68421052631579","0.226396377367077","0.226396377367077","4","RORG(NR)"
"JunD(bZIP)/K562-JunD-ChIP-Seq/Homer","ATGACGTCATCN","1e-1","-4.458e+00","0.0340","38.0","2.02","631.6","1.36","1.48529411764706","0.171812461076406","0.171812461076406","98","JUND"
"Klf4(Zf)/mES-Klf4-ChIP-Seq(GSE11431)/Homer","GCCACACCCA","1e-1","-4.389e+00","0.0361","87.0","4.63","1678.4","3.61","1.28254847645429","0.108073789112295","0.108073789112295","34","KLF4"
"HOXA2(Homeobox)/mES-Hoxa2-ChIP-Seq(Donaldson_et_al.)/Homer","GYCATCMATCAT","1e-1","-4.223e+00","0.0424","30.0","1.60","480.1","1.03","1.55339805825243","0.191282757950753","0.191282757950753","10","HOXA2"
"ISRE(IRF)/ThioMac-LPS-Expression(GSE23622)/Homer","AGTTTCASTTTC","1e-1","-4.209e+00","0.0427","14.0","0.75","177.5","0.38","1.97368421052632","0.29527766677489","0.29527766677489","53","ISRE(STAT1/STAT2/IRF9)"
"Bapx1(Homeobox)/VertebralCol-Bapx1-ChIP-Seq(GSE36672)/Homer","TTRAGTGSYK","1e-1","-4.102e+00","0.0472","419.0","22.30","9435.9","20.28","1.09960552268245","0.0412369123868623","0.0412369123868623","11","NKX3-2"
"HRE(HSF)/Striatum-HSF1-ChIP-Seq(GSE38000)/Homer","TTCTAGAABNTTCTA","1e-1","-3.860e+00","0.0597","33.0","1.76","556.2","1.20","1.46666666666667","0.166331421766525","0.166331421766525","148","HRE"
"Mef2c(MADS)/GM12878-Mef2c-ChIP-Seq(GSE32465)/Homer","DCYAAAAATAGM","1e-1","-3.855e+00","0.0597","57.0","3.03","1062.1","2.28","1.32894736842105","0.123507781501851","0.123507781501851","45","MEF2C"
"bHLHE41(bHLH)/proB-Bhlhe41-ChIP-Seq(GSE93764)/Homer","KCACGTGMCN","1e-1","-3.845e+00","0.0598","267.0","14.21","5868.6","12.61","1.1268834258525","0.0518789913543882","0.0518789913543882","13","bHLHE41"
"Zic(Zf)/Cerebellum-ZIC1.2-ChIP-Seq(GSE60731)/Homer","CCTGCTGAGH","1e-1","-3.789e+00","0.0629","206.0","10.96","4447.8","9.56","1.14644351464435","0.0593526618722503","0.0593526618722503","12","ZIC1"
"RORa(NR)/Liver-Rora-ChIP-Seq(GSE101115)/Homer","AAWCTAGGTCARDNN","1e-1","-3.779e+00","0.0631","28.0","1.49","458.1","0.98","1.52040816326531","0.181960192719779","0.181960192719779","4","RORA(NR)"
"NFE2L2(bZIP)/HepG2-NFE2L2-ChIP-Seq(Encode)/Homer","AWWWTGCTGAGTCAT","1e-1","-3.721e+00","0.0664","12.0","0.64","153.2","0.33","1.93939393939394","0.287666034106","0.287666034106","17","NFE2L2"
"ZNF189(Zf)/HEK293-ZNF189.GFP-ChIP-Seq(GSE58341)/Homer","TGGAACAGMA","1e-1","-3.711e+00","0.0667","138.0","7.34","2885.1","6.20","1.18387096774194","0.0733043704178166","0.0733043704178166","108","ZNF189"
"NPAS2(bHLH)/Liver-NPAS2-ChIP-Seq(GSE39860)/Homer","KCCACGTGAC","1e-1","-3.690e+00","0.0677","234.0","12.45","5115.0","10.99","1.13284804367607","0.0541716590082645","0.0541716590082645","101","NPAS2"
"p53(p53)/Saos-p53-ChIP-Seq(GSE15780)/Homer","RRCATGYCYRGRCATGYYYN","1e-1","-3.650e+00","0.0695","25.0","1.33","403.8","0.87","1.52873563218391","0.184332388348467","0.184332388348467","1","TP53"
"p53(p53)/Saos-p53-ChIP-Seq/Homer","RRCATGYCYRGRCATGYYYN","1e-1","-3.650e+00","0.0695","25.0","1.33","403.8","0.87","1.52873563218391","0.184332388348467","0.184332388348467","1","TP53"
"STAT5(Stat)/mCD4+-Stat5-ChIP-Seq(GSE12346)/Homer","RTTTCTNAGAAA","1e-1","-3.607e+00","0.0721","37.0","1.97","652.0","1.40","1.40714285714286","0.148338190483355","0.148338190483355","23","STAT5A"
"Srebp2(bHLH)/HepG2-Srebp2-ChIP-Seq(GSE31477)/Homer","CGGTCACSCCAC","1e-1","-3.531e+00","0.0773","29.0","1.54","489.2","1.05","1.46666666666667","0.166331421766525","0.166331421766525","68","SREBF2"
"CRX(Homeobox)/Retina-Crx-ChIP-Seq(GSE20012)/Homer","GCTAATCC","1e-1","-3.485e+00","0.0804","404.0","21.50","9186.1","19.74","1.08915906788247","0.0370913115819875","0.0370913115819875","37","CRX"
"PRDM1(Zf)/Hela-PRDM1-ChIP-Seq(GSE31477)/Homer","ACTTTCACTTTC","1e-1","-3.451e+00","0.0828","92.0","4.90","1866.1","4.01","1.22194513715711","0.0870517074083314","0.0870517074083313","122","PRDM1"
"IRF8(IRF)/BMDM-IRF8-ChIP-Seq(GSE77884)/Homer","GRAASTGAAAST","1e-1","-3.432e+00","0.0839","53.0","2.82","1003.4","2.16","1.30555555555556","0.11579535716843","0.11579535716843","51","IRF8"
"Lhx1(Homeobox)/EmbryoCarcinoma-Lhx1-ChIP-Seq(GSE70957)/Homer","NNYTAATTAR","1e-1","-3.418e+00","0.0845","184.0","9.79","3983.0","8.56","1.14369158878505","0.0583089271259845","0.0583089271259845","44","LHX1"
"MYB(HTH)/ERMYB-Myb-ChIPSeq(GSE22095)/Homer","GGCVGTTR","1e-1","-3.402e+00","0.0854","390.0","20.76","8866.8","19.06","1.08919202518363","0.0371044528741127","0.0371044528741127","21","MYB"
"ZNF519(Zf)/HEK293-ZNF519.GFP-ChIP-Seq(GSE58341)/Homer","GAGSCCGAGC","1e-1","-3.378e+00","0.0869","41.0","2.18","748.3","1.61","1.35403726708075","0.131630617572755","0.131630617572755","143","ZNF519"
"Nanog(Homeobox)/mES-Nanog-ChIP-Seq(GSE11724)/Homer","RGCCATTAAC","1e-1","-3.369e+00","0.0872","838.0","44.60","19772.1","42.49","1.0496587432337","0.0210481276226275","0.0210481276226275","32","NANOG"
"E2F3(E2F)/MEF-E2F3-ChIP-Seq(GSE71376)/Homer","BTKGGCGGGAAA","1e-1","-3.360e+00","0.0874","95.0","5.06","1942.1","4.17","1.21342925659472","0.0840144618660416","0.0840144618660416","5","E2F3"
"PAX3:FKHR-fusion(Paired Homeobox)/Rh4-PAX3:FKHR-ChIP-Seq(GSE19063)/Homer","ACCRTGACTAATTNN","1e-1","-3.304e+00","0.0919","36.0","1.92","646.2","1.39","1.38129496402878","0.140286428449454","0.140286428449454","49","PAX3_FKHR_fusion"
"STAT1(Stat)/HelaS3-STAT1-ChIP-Seq(GSE12782)/Homer","NATTTCCNGGAAAT","1e-1","-3.267e+00","0.0948","36.0","1.92","648.7","1.39","1.38129496402878","0.140286428449454","0.140286428449454","23","STAT1"
"ETV4(ETS)/HepG2-ETV4-ChIP-Seq(ENCODE)/Homer","ACCGGAAGTG","1e-1","-3.246e+00","0.0963","242.0","12.88","5369.4","11.54","1.11611785095321","0.0477100542040807","0.0477100542040807","24","ETV4"
"Rbpj1(?)/Panc1-Rbpj1-ChIP-Seq(GSE47459)/Homer","HTTTCCCASG","1e-1","-3.231e+00","0.0973","211.0","11.23","4641.2","9.97","1.12637913741224","0.0516845979498021","0.051684597949802","113","RBPJ"
"Bach1(bZIP)/K562-Bach1-ChIP-Seq(GSE31477)/Homer","AWWNTGCTGAGTCAT","1e-1","-3.220e+00","0.0977","15.0","0.80","222.2","0.48","1.66666666666667","0.221848749616356","0.221848749616356","17","BACH1"
"Gfi1b(Zf)/HPC7-Gfi1b-ChIP-Seq(GSE22178)/Homer","MAATCACTGC","1e-1","-3.200e+00","0.0991","129.0","6.87","2735.2","5.88","1.16836734693878","0.067579410983412","0.067579410983412","54","GFI1B"
"Hnf1(Homeobox)/Liver-Foxa2-Chip-Seq(GSE25694)/Homer","GGTTAAWCATTAA","1e-1","-3.114e+00","0.1074","20.0","1.06","324.6","0.70","1.51428571428571","0.180207825250513","0.180207825250513","124","HNF1A"
"ZNF382(Zf)/HEK293-ZNF382.GFP-ChIP-Seq(GSE58341)/Homer","GNCTGTASTRNTGBCTCHTT","1e-1","-3.071e+00","0.1115","7.0","0.37","80.0","0.17","2.17647058823529","0.337752802688721","0.337752802688721","88","ZNF382"
"MafB(bZIP)/BMM-Mafb-ChIP-Seq(GSE75722)/Homer","WNTGCTGASTCAGCANWTTY","1e-1","-3.009e+00","0.1180","85.0","4.52","1749.7","3.76","1.20212765957447","0.0799505898837211","0.079950589883721","17","MAFB"
"NF-E2(bZIP)/K562-NFE2-ChIP-Seq(GSE31477)/Homer","GATGACTCAGCA","1e-1","-2.929e+00","0.1271","14.0","0.75","212.7","0.46","1.6304347826087","0.212303431710126","0.212303431710126","17","NFE2"
"Srebp1a(bHLH)/HepG2-Srebp1a-ChIP-Seq(GSE31477)/Homer","RTCACSCCAY","1e-1","-2.880e+00","0.1327","44.0","2.34","844.9","1.82","1.28571428571429","0.109144469425068","0.109144469425068","67","SREBF1"
"LEF1(HMG)/H1-LEF1-ChIP-Seq(GSE64758)/Homer","CCTTTGATST","1e-1","-2.875e+00","0.1327","125.0","6.65","2681.7","5.76","1.15451388888889","0.0623991618798926","0.0623991618798926","92","LEF1"
"Mef2d(MADS)/Retina-Mef2d-ChIP-Seq(GSE61391)/Homer","GCTATTTTTAGC","1e-1","-2.737e+00","0.1515","27.0","1.44","486.4","1.05","1.37142857142857","0.137173193025312","0.137173193025311","44","MEF2D"
"ETS(ETS)/Promoter/Homer","AACCGGAAGT","1e-1","-2.685e+00","0.1587","76.0","4.04","1576.5","3.39","1.19174041297935","0.0761816669075228","0.0761816669075227","24","ETS1"
"RAR:RXR(NR) DR5/ES-RAR-ChIP-Seq(GSE56893)/Homer","AGGTCAAGGTCA","1e-1","-2.624e+00","0.1678","19.0","1.01","324.2","0.70","1.44285714285714","0.159223333768386","0.159223333768386","160","RAR_RXR(NR)"
"PU.1(ETS)/ThioMac-PU.1-ChIP-Seq(GSE21512)/Homer","AGAGGAAGTG","1e-1","-2.605e+00","0.1700","101.0","5.38","2158.1","4.64","1.15948275862069","0.0642642951115083","0.0642642951115083","15","SPI1"
"n-Myc(bHLH)/mES-nMyc-ChIP-Seq(GSE11431)/Homer","VRCCACGTGG","1e-1","-2.579e+00","0.1736","138.0","7.34","3022.3","6.50","1.12923076923077","0.052782703273215","0.052782703273215","13","MYCN"
"SCL(bHLH)/HPC7-Scl-ChIP-Seq(GSE13511)/Homer","AVCAGCTG","1e-1","-2.546e+00","0.1784","1144.0","60.88","27570.6","59.25","1.02751054852321","0.0117862890803749","0.0117862890803749","8","TAL1"
"THRb(NR)/HepG2-THRb.Flag-ChIP-Seq(Encode)/Homer","GGTCACCTGAGGTCA","1e-1","-2.524e+00","0.1815","113.0","6.01","2446.3","5.26","1.1425855513308","0.0578887278490005","0.0578887278490005","82","THRB(NR)"
"Tbet(T-box)/CD8-Tbet-ChIP-Seq(GSE33802)/Homer","AGGTGTGAAM","1e-1","-2.522e+00","0.1815","238.0","12.67","5396.6","11.60","1.09224137931034","0.0383186256565229","0.0383186256565229","41","TBX21"
"NFkB-p65-Rel(RHD)/ThioMac-LPS-Expression(GSE23622)/Homer","GGAAATTCCC","1e-1","-2.482e+00","0.1872","11.0","0.59","169.0","0.36","1.63888888888889","0.214549510874857","0.214549510874857","53","NFKB1_RELA"
"Hoxa10(Homeobox)/ChickenMSG-Hoxa10.Flag-ChIP-Seq(GSE86088)/Homer","GGYAATGAAA","1e-1","-2.465e+00","0.1896","87.0","4.63","1851.7","3.98","1.16331658291457","0.0656979189442653","0.0656979189442653","32","HOXA10"
"ZNF675(Zf)/HEK293-ZNF675.GFP-ChIP-Seq(GSE58341)/Homer","ARGAGGMCAAAATGW","1e-1","-2.320e+00","0.2180","30.0","1.60","575.9","1.24","1.29032258064516","0.11069829749369","0.11069829749369","38","ZNF675"
"HRE(HSF)/HepG2-HSF1-ChIP-Seq(GSE31477)/Homer","BSTTCTRGAABVTTCYAGAA","1e0","-2.288e+00","0.2239","23.0","1.22","425.7","0.91","1.34065934065934","0.127318438353655","0","149","HSF1(HRE)"
"TATA-Box(TBP)/Promoter/Homer","CCTTTTAWAGSC","1e0","-2.237e+00","0.2344","226.0","12.03","5163.1","11.10","1.08378378378378","0.0349426485531873","0","164","TBP"
"THRa(NR)/C17.2-THRa-ChIP-Seq(GSE38347)/Homer","GGTCANYTGAGGWCA","1e0","-2.224e+00","0.2362","74.0","3.94","1578.7","3.39","1.1622418879056","0.0652965236224919","0","82","THRA(NR)"
"ARE(NR)/LNCAP-AR-ChIP-Seq(GSE27824)/Homer","RGRACASNSTGTYCYB","1e0","-2.208e+00","0.2387","43.0","2.29","872.9","1.88","1.21808510638298","0.0856776330762081","0","79","AR(NR)"
"ZNF317(Zf)/HEK293-ZNF317.GFP-ChIP-Seq(GSE58341)/Homer","GTCWGCTGTYYCTCT","1e0","-2.198e+00","0.2399","30.0","1.60","584.0","1.26","1.26984126984127","0.103749437538362","0","129","ZNF317"
"Nkx6.1(Homeobox)/Islet-Nkx6.1-ChIP-Seq(GSE40975)/Homer","GKTAATGR","1e0","-2.197e+00","0.2399","448.0","23.84","10532.3","22.64","1.0530035335689","0.022429828551965","0","9","NKX6-1"
"Smad3(MAD)/NPC-Smad3-ChIP-Seq(GSE36673)/Homer","TWGTCTGV","1e0","-2.185e+00","0.2408","612.0","32.57","14538.5","31.25","1.04224","0.0179677368847791","0","135","SMAD3"
"bZIP:IRF(bZIP IRF)/Th17-BatF-ChIP-Seq(GSE39756)/Homer","NAGTTTCABTHTGACTNW","1e0","-2.151e+00","0.2477","73.0","3.89","1563.1","3.36","1.1577380952381","0.0636103239358637","0","24","IRF4"
"Tcf3(HMG)/mES-Tcf3-ChIP-Seq(GSE11724)/Homer","ASWTCAAAGG","1e0","-2.127e+00","0.2524","45.0","2.39","924.5","1.99","1.20100502512563","0.079544824538431","0","92","TCF7L1"
"HNF1b(Homeobox)/PDAC-HNF1B-ChIP-Seq(GSE64557)/Homer","GTTAATNATTAA","1e0","-2.125e+00","0.2524","21.0","1.12","391.7","0.84","1.33333333333333","0.1249387366083","0","123","HNF1B"
"Ap4(bHLH)/AML-Tfap4-ChIP-Seq(GSE45738)/Homer","NAHCAGCTGD","1e0","-2.115e+00","0.2531","381.0","20.28","8926.9","19.19","1.05680041688379","0.0239929759258268","0","8","TFAP4"
"VDR(NR) DR3/GM10855-VDR+vitD-ChIP-Seq(GSE22484)/Homer","ARAGGTCANWGAGTTCANNN","1e0","-2.034e+00","0.2731","46.0","2.45","955.5","2.05","1.19512195121951","0.0774122233087782","0","142","VDR(NR)"
"RARg(NR)/ES-RARg-ChIP-Seq(GSE30538)/Homer","AGGTCAAGGTCA","1e0","-2.026e+00","0.2739","5.0","0.27","66.6","0.14","1.92857142857143","0.285235728480749","0","117","RARG(NR)"
"Hoxa13(Homeobox)/ChickenMSG-Hoxa13.Flag-ChIP-Seq(GSE86088)/Homer","CYHATAAAAN","1e0","-2.008e+00","0.2776","422.0","22.46","9950.5","21.39","1.05002337540907","0.021198967353911","0","32","HOXA13"
"Etv2(ETS)/ES-ER71-ChIP-Seq(GSE59402)/Homer","NNAYTTCCTGHN","1e0","-2.007e+00","0.2776","196.0","10.43","4490.3","9.65","1.08082901554404","0.0337569950827383","0","24","ETV2"
"OCT:OCT(POU Homeobox)/NPC-Brn1-ChIP-Seq(GSE35496)/Homer","ATGAATATTCATGAG","1e0","-1.959e+00","0.2889","3.0","0.16","32.3","0.07","2.28571428571429","0.359021942641668","0","3","OCT4(POU5F1)"
"p73(p53)/Trachea-p73-ChIP-Seq(PRJNA310161)/Homer","NRRRCAWGTCCDGRCATGYY","1e0","-1.949e+00","0.2903","12.0","0.64","208.5","0.45","1.42222222222222","0.152967460208543","0","1","TP73"
"PRDM10(Zf)/HEK293-PRDM10.eGFP-ChIP-Seq(Encode)/Homer","TGGTACATTCCA","1e0","-1.936e+00","0.2926","106.0","5.64","2362.8","5.08","1.11023622047244","0.045415391699423","0","88","PRDM10"
"Gata4(Zf)/Heart-Gata4-ChIP-Seq(GSE35151)/Homer","NBWGATAAGR","1e0","-1.873e+00","0.3103","168.0","8.94","3846.1","8.27","1.08101571946796","0.033832009243371","0","30","GATA4"
"Zac1(Zf)/Neuro2A-Plagl1-ChIP-Seq(GSE75942)/Homer","HAWGRGGCCM","1e0","-1.859e+00","0.3131","429.0","22.83","10162.9","21.84","1.04532967032967","0.0192532774575356","0","61","PLAGL1"
"ZBTB18(Zf)/HEK293-ZBTB18.GFP-ChIP-Seq(GSE58341)/Homer","AACATCTGGA","1e0","-1.842e+00","0.3169","131.0","6.97","2969.5","6.38","1.09247648902821","0.038412099376847","0","167","ZBTB18"
"MafK(bZIP)/C2C12-MafK-ChIP-Seq(GSE36030)/Homer","GCTGASTCAGCA","1e0","-1.815e+00","0.3241","50.0","2.66","1068.1","2.30","1.15652173913043","0.0631538006134742","0","17","MAFK"
"Unknown(Homeobox)/Limb-p300-ChIP-Seq/Homer","SSCMATWAAA","1e0","-1.808e+00","0.3250","104.0","5.53","2334.7","5.02","1.10159362549801","0.042021414159679","0","32","Unknown"
"Zic3(Zf)/mES-Zic3-ChIP-Seq(GSE37889)/Homer","GGCCYCCTGCTGDGH","1e0","-1.805e+00","0.3250","139.0","7.40","3166.6","6.81","1.08663729809104","0.036084607818191","0","12","ZIC3"
"IRF4(IRF)/GM12878-IRF4-ChIP-Seq(GSE32465)/Homer","ACTGAAACCA","1e0","-1.803e+00","0.3250","76.0","4.04","1675.1","3.60","1.12222222222222","0.0500788643433177","0","169","IRF4"
"c-Myc(bHLH)/LNCAP-cMyc-ChIP-Seq(Unpublished)/Homer","VCCACGTG","1e0","-1.802e+00","0.3250","98.0","5.22","2193.3","4.71","1.10828025477707","0.044649595873366","0","13","MYC"
"E2F6(E2F)/Hela-E2F6-ChIP-Seq(GSE31477)/Homer","GGCGGGAARN","1e0","-1.789e+00","0.3251","72.0","3.83","1583.7","3.40","1.12647058823529","0.0517198569263676","0","5","E2F6"
"Chop(bZIP)/MEF-Chop-ChIP-Seq(GSE35681)/Homer","ATTGCATCAT","1e0","-1.787e+00","0.3251","50.0","2.66","1071.1","2.30","1.15652173913043","0.0631538006134742","0","141","DDIT3"
"ETS1(ETS)/Jurkat-ETS1-ChIP-Seq(GSE17954)/Homer","ACAGGAAGTG","1e0","-1.764e+00","0.3303","219.0","11.66","5093.6","10.95","1.0648401826484","0.0272844312468582","0","24","ETS1"
"MyoG(bHLH)/C2C12-MyoG-ChIP-Seq(GSE36024)/Homer","AACAGCTG","1e0","-1.747e+00","0.3345","333.0","17.72","7857.5","16.89","1.04914150384843","0.0208340679800232","0","8","MYOG"
"MyoD(bHLH)/Myotube-MyoD-ChIP-Seq(GSE21614)/Homer","RRCAGCTGYTSY","1e0","-1.729e+00","0.3392","252.0","13.41","5899.0","12.68","1.05757097791798","0.0243095243058851","0","8","MYOD1"
"GRE(NR) IR3/A549-GR-ChIP-Seq(GSE32465)/Homer","NRGVACABNVTGTYCY","1e0","-1.725e+00","0.3392","23.0","1.22","460.5","0.99","1.23232323232323","0.0907246360771983","0","80","NR3C1_GRE(NR)"
"GATA:SCL(Zf bHLH)/Ter119-SCL-ChIP-Seq(GSE18720)/Homer","CRGCTGBNGNSNNSAGATAA","1e0","-1.717e+00","0.3401","24.0","1.28","483.0","1.04","1.23076923076923","0.090176630349088","0","142","TAL1_GATA1"
"ETV1(ETS)/GIST48-ETV1-ChIP-Seq(GSE22441)/Homer","AACCGGAAGT","1e0","-1.699e+00","0.3447","287.0","15.27","6753.7","14.51","1.05237767057202","0.0221716246186853","0","24","ETV1"
"Tlx?(NR)/NPC-H3K4me1-ChIP-Seq(GSE16256)/Homer","CTGGCAGSCTGCCA","1e0","-1.690e+00","0.3464","66.0","3.51","1455.2","3.13","1.12140575079872","0.0497627789193756","0","131","NR2E1(NR)"
"PBX1(Homeobox)/MCF7-PBX1-ChIP-Seq(GSE28007)/Homer","GSCTGTCACTCA","1e0","-1.670e+00","0.3518","25.0","1.33","509.5","1.10","1.20909090909091","0.0824589558088607","0","119","PBX1"
"PRDM9(Zf)/Testis-DMC1-ChIP-Seq(GSE35498)/Homer","ADGGYAGYAGCATCT","1e0","-1.652e+00","0.3566","98.0","5.22","2216.0","4.76","1.09663865546218","0.040063550281769","0","167","PRDM9"
"Pax8(Paired Homeobox)/Thyroid-Pax8-ChIP-Seq(GSE26938)/Homer","GTCATGCHTGRCTGS","1e0","-1.645e+00","0.3578","52.0","2.77","1133.3","2.44","1.13524590163934","0.0550899427257192","0","6","PAX8"
"GRHL2(CP2)/HBE-GRHL2-ChIP-Seq(GSE46194)/Homer","AAACYKGTTWDACMRGTTTB","1e0","-1.644e+00","0.3578","72.0","3.83","1602.9","3.44","1.11337209302326","0.0466403313970926","0","167","GRHL2"
"Ets1-distal(ETS)/CD4+-PolII-ChIP-Seq(Barski_et_al.)/Homer","MACAGGAAGT","1e0","-1.622e+00","0.3626","72.0","3.83","1605.9","3.45","1.11014492753623","0.0453796788953486","0","24","ETS1"
"Mef2a(MADS)/HL1-Mef2a.biotin-ChIP-Seq(GSE21529)/Homer","CYAAAAATAG","1e0","-1.602e+00","0.3687","46.0","2.45","998.8","2.15","1.13953488372093","0.0567276244489271","0","44","MEF2A"
"Hoxd10(Homeobox)/ChickenMSG-Hoxd10.Flag-ChIP-Seq(GSE86088)/Homer","GGCMATGAAA","1e0","-1.599e+00","0.3687","183.0","9.74","4262.7","9.16","1.06331877729258","0.0266634832107652","0","32","HOXD10"
"GABPA(ETS)/Jurkat-GABPa-ChIP-Seq(GSE17954)/Homer","RACCGGAAGT","1e0","-1.597e+00","0.3687","189.0","10.06","4407.4","9.47","1.0623020063358","0.0262480017166352","0","24","GABPA"
"Nrf2(bZIP)/Lymphoblast-Nrf2-ChIP-Seq(GSE37589)/Homer","HTGCTGAGTCAT","1e0","-1.546e+00","0.3849","9.0","0.48","162.5","0.35","1.37142857142857","0.137173193025312","0","17","NFE2L2"
"RBPJ:Ebox(? bHLH)/Panc1-Rbpj1-ChIP-Seq(GSE47459)/Homer","GGGRAARRGRMCAGMTG","1e0","-1.530e+00","0.3893","66.0","3.51","1476.1","3.17","1.10725552050473","0.0442478542480726","0","8","RBPJ"
"ZNF143|STAF(Zf)/CUTLL-ZNF143-ChIP-Seq(GSE29600)/Homer","ATTTCCCAGVAKSCY","1e0","-1.509e+00","0.3959","50.0","2.66","1103.0","2.37","1.12236286919831","0.0501332906209631","0","46","ZNF143"
"HIF-1b(HLH)/T47D-HIF1b-ChIP-Seq(GSE59937)/Homer","RTACGTGC","1e0","-1.507e+00","0.3959","316.0","16.82","7511.3","16.14","1.04213135068154","0.0179224610758418","0","80","ARNT(HIF1B)"
"NRF1(NRF)/MCF7-NRF1-ChIP-Seq(Unpublished)/Homer","CTGCGCATGCGC","1e0","-1.497e+00","0.3976","17.0","0.90","341.8","0.73","1.23287671232877","0.090919649318869","0","7","NRF1"
"Atf4(bZIP)/MEF-Atf4-ChIP-Seq(GSE35681)/Homer","MTGATGCAAT","1e0","-1.491e+00","0.3981","59.0","3.14","1316.9","2.83","1.1095406360424","0.0451432125489247","0","140","ATF4"
"c-Myc(bHLH)/mES-cMyc-ChIP-Seq(GSE11431)/Homer","VVCCACGTGG","1e0","-1.490e+00","0.3981","83.0","4.42","1885.0","4.05","1.09135802469136","0.0379672461344234","0","13","MYC"
"p63(p53)/Keratinocyte-p63-ChIP-Seq(GSE17611)/Homer","NNDRCATGYCYNRRCATGYH","1e0","-1.471e+00","0.4028","70.0","3.73","1579.1","3.39","1.10029498525074","0.0415091336056054","0","1","TP63"
"ZFX(Zf)/mES-Zfx-ChIP-Seq(GSE11431)/Homer","AGGCCTRG","1e0","-1.458e+00","0.4065","165.0","8.78","3859.7","8.30","1.0578313253012","0.0244164235300286","0","84","ZFX"
"NFAT:AP1(RHD bZIP)/Jurkat-NFATC1-ChIP-Seq(Jolma_et_al.)/Homer","SARTGGAAAAWRTGAGTCAB","1e0","-1.447e+00","0.4092","22.0","1.17","458.6","0.99","1.18181818181818","0.0725506671486117","0","17","NFAT_AP1_complex"
"MafF(bZIP)/HepG2-MafF-ChIP-Seq(GSE31477)/Homer","HWWGTCAGCAWWTTT","1e0","-1.439e+00","0.4108","43.0","2.29","946.4","2.03","1.12807881773399","0.0523394444266751","0","86","MAFF"
"ZNF711(Zf)/SHSY5Y-ZNF711-ChIP-Seq(GSE20673)/Homer","AGGCCTAG","1e0","-1.403e+00","0.4244","235.0","12.51","5569.6","11.97","1.04511278195489","0.0191631592870092","0","85","ZNF711"
"Phox2a(Homeobox)/Neuron-Phox2a-ChIP-Seq(GSE31456)/Homer","YTAATYNRATTA","1e0","-1.367e+00","0.4381","44.0","2.34","978.0","2.10","1.11428571428571","0.0469965626762235","0","59","PHOX2A"
"ELF1(ETS)/Jurkat-ELF1-ChIP-Seq(SRA014231)/Homer","AVCCGGAAGT","1e0","-1.358e+00","0.4405","101.0","5.38","2338.5","5.03","1.06958250497018","0.0292142906104617","0","24","ELF1"
"NRF(NRF)/Promoter/Homer","STGCGCATGCGC","1e0","-1.353e+00","0.4408","37.0","1.97","815.0","1.75","1.12571428571429","0.0514281774752985","0","7","NRF1"
"ZNF136(Zf)/HEK293-ZNF136.GFP-ChIP-Seq(GSE58341)/Homer","YTKGATAHAGTATTCTWGGTNGGCA","1e0","-1.337e+00","0.4463","7.0","0.37","128.0","0.28","1.32142857142857","0.121043692724776","0","168","ZNF136"
"DUX4(Homeobox)/Myoblasts-DUX4.V5-ChIP-Seq(GSE75791)/Homer","NWTAAYCYAATCAWN","1e0","-1.314e+00","0.4549","7.0","0.37","129.0","0.28","1.32142857142857","0.121043692724776","0","26","DUX4"
"Oct4:Sox17(POU Homeobox HMG)/F9-Sox17-ChIP-Seq(GSE44553)/Homer","CCATTGTATGCAAAT","1e0","-1.310e+00","0.4549","19.0","1.01","400.2","0.86","1.17441860465116","0.0698229225390749","0","76","OCT4_SOX17"
"NF1(CTF)/LNCAP-NF1-ChIP-Seq(Unpublished)/Homer","CYTGGCABNSTGCCAR","1e0","-1.252e+00","0.4799","45.0","2.39","1016.8","2.19","1.09132420091324","0.0379537861080193","0","132","NFIB"
"GLIS3(Zf)/Thyroid-Glis3.GFP-ChIP-Seq(GSE103297)/Homer","CTCCCTGGGAGGCCN","1e0","-1.237e+00","0.4851","253.0","13.46","6055.5","13.01","1.03458877786318","0.0147677633263718","0","14","GLIS3"
"MYNN(Zf)/HEK293-MYNN.eGFP-ChIP-Seq(Encode)/Homer","TTCAAAWTAAAAGTC","1e0","-1.234e+00","0.4851","36.0","1.92","806.0","1.73","1.10982658959538","0.0452551255747541","0","159","MYNN"
"PRDM14(Zf)/H1-PRDM14-ChIP-Seq(GSE22767)/Homer","RGGTCTCTAACY","1e0","-1.199e+00","0.5000","40.0","2.13","904.4","1.94","1.0979381443299","0.0405778735085116","0","147","PRDM14"
"CEBP:CEBP(bZIP)/MEF-Chop-ChIP-Seq(GSE35681)/Homer","NTNATGCAAYMNNHTGMAAY","1e0","-1.191e+00","0.5020","16.0","0.85","340.3","0.73","1.16438356164384","0.0660960655938368","0","102","CEBP_CEBP"
"Barx1(Homeobox)/Stomach-Barx1.3xFlag-ChIP-Seq(GSE69483)/Homer","AAACMATTAN","1e0","-1.179e+00","0.5064","72.0","3.83","1673.3","3.60","1.06388888888889","0.0268962732013355","0","25","BARX1"
"E2F4(E2F)/K562-E2F4-ChIP-Seq(GSE31477)/Homer","GGCGGGAAAH","1e0","-1.178e+00","0.5064","70.0","3.73","1625.3","3.49","1.06876790830946","0.0288834048495076","0","5","E2F4"
"GATA3(Zf) DR8/iTreg-Gata3-ChIP-Seq(GSE20898)/Homer","AGATSTNDNNDSAGATAASN","1e0","-1.147e+00","0.5186","14.0","0.75","297.5","0.64","1.171875","0.0688812894078129","0","167","GATA3"
"PAX6(Paired Homeobox)/Forebrain-Pax6-ChIP-Seq(GSE66961)/Homer","NGTGTTCAVTSAAGCGKAAA","1e0","-1.136e+00","0.5226","20.0","1.06","438.4","0.94","1.12765957446809","0.0521780116650716","0","61","PAX6"
"NFkB-p65(RHD)/GM12787-p65-ChIP-Seq(GSE19485)/Homer","WGGGGATTTCCC","1e0","-1.117e+00","0.5305","79.0","4.20","1853.8","3.98","1.05527638190955","0.0233662183242127","0","53","NFKB1_RELA"
"Tcf21(bHLH)/ArterySmoothMuscle-Tcf21-ChIP-Seq(GSE61369)/Homer","NAACAGCTGG","1e0","-1.116e+00","0.5305","271.0","14.42","6534.3","14.04","1.02706552706553","0.0115981525896238","0","8","TCF21"
"BHLHA15(bHLH)/NIH3T3-BHLHB8.HA-ChIP-Seq(GSE119782)/Homer","NAMCAGCTGK","1e0","-1.103e+00","0.5343","336.0","17.88","8133.9","17.48","1.02288329519451","0.0098260861615146","0","8","BHLHA15"
"ERG(ETS)/VCaP-ERG-ChIP-Seq(GSE14097)/Homer","ACAGGAAGTG","1e0","-1.092e+00","0.5380","301.0","16.02","7278.3","15.64","1.02429667519182","0.0104257630243897","0","24","ERG"
"RUNX2(Runt)/PCa-RUNX2-ChIP-Seq(GSE33889)/Homer","NWAACCACADNN","1e0","-1.080e+00","0.5421","159.0","8.46","3806.8","8.18","1.03422982885086","0.0146170593677006","0","43","RUNX2"
"Oct6(POU Homeobox)/NPC-Pou3f1-ChIP-Seq(GSE35496)/Homer","WATGCAAATGAG","1e0","-1.078e+00","0.5421","48.0","2.55","1112.7","2.39","1.06694560669456","0.0281422794858175","0","121","OCT6(POU3F1)"
"PU.1:IRF8(ETS:IRF)/pDC-Irf8-ChIP-Seq(GSE66899)/Homer","GGAAGTGAAAST","1e0","-1.041e+00","0.5595","24.0","1.28","542.3","1.17","1.09401709401709","0.0390241079017068","0","52","IRF8"
"PR(NR)/T47D-PR-ChIP-Seq(GSE31130)/Homer","VAGRACAKNCTGTBC","1e0","-1.028e+00","0.5649","386.0","20.54","9391.5","20.18","1.01783944499504","0.00767927736036764","0","80","PGR(NR)"
"BMYB(HTH)/Hela-BMYB-ChIP-Seq(GSE27030)/Homer","NHAACBGYYV","1e0","-1.016e+00","0.5697","346.0","18.41","8412.9","18.08","1.01825221238938","0.00785536236467026","0","21","MYBL2"
"Elk1(ETS)/Hela-Elk1-ChIP-Seq(GSE31477)/Homer","HACTTCCGGY","1e0","-1.016e+00","0.5697","117.0","6.23","2799.0","6.02","1.03488372093023","0.0148915554013451","0","24","ELK1"
"Rfx6(HTH)/Min6b1-Rfx6.HA-ChIP-Seq(GSE62844)/Homer","TGTTKCCTAGCAACM","1e0","-1.008e+00","0.5700","186.0","9.90","4487.0","9.64","1.02697095435685","0.0115581606947191","0","46","RFX6"
"Fli1(ETS)/CD8-FLI-ChIP-Seq(GSE20898)/Homer","NRYTTCCGGH","1e0","-1.002e+00","0.5715","240.0","12.77","5813.2","12.49","1.02241793434748","0.00962845888927977","0","24","FLI1"
"NFAT(RHD)/Jurkat-NFATC1-ChIP-Seq(Jolma_et_al.)/Homer","ATTTTCCATT","1e0","-9.957e-01","0.5730","138.0","7.34","3316.2","7.13","1.02945301542777","0.0126065300642049","0","17","NFATC1"
"NeuroD1(bHLH)/Islet-NeuroD1-ChIP-Seq(GSE30298)/Homer","GCCATCTGTT","1e0","-9.919e-01","0.5731","188.0","10.01","4541.6","9.76","1.02561475409836","0.0109842598126268","0","8","NEUROD1"
"Foxh1(Forkhead)/hESC-FOXH1-ChIP-Seq(GSE29422)/Homer","NNTGTGGATTSS","1e0","-9.635e-01","0.5874","110.0","5.85","2640.5","5.67","1.03174603174603","0.0135728071892738","0","107","FOXH1"
"SCRT1(Zf)/HEK293-SCRT1.eGFP-ChIP-Seq(Encode)/Homer","GCAACAGGTG","1e0","-9.632e-01","0.5874","80.0","4.26","1908.1","4.10","1.0390243902439","0.0166257423829834","0","110","SCRT1"
"EKLF(Zf)/Erythrocyte-Klf1-ChIP-Seq(GSE20478)/Homer","NWGGGTGTGGCY","1e0","-9.267e-01","0.6051","44.0","2.34","1039.7","2.23","1.04932735426009","0.0209109943619821","0","35","KLF1"
"NeuroG2(bHLH)/Fibroblast-NeuroG2-ChIP-Seq(GSE75910)/Homer","ACCATCTGTT","1e0","-9.228e-01","0.6053","358.0","19.05","8746.1","18.80","1.01329787234043","0.00573713074795826","0","8","NEUROG2"
"TCFL2(HMG)/K562-TCF7L2-ChIP-Seq(GSE29196)/Homer","ACWTCAAAGG","1e0","-8.929e-01","0.6215","15.0","0.80","342.0","0.74","1.08108108108108","0.0338582672609674","0","91","TCFL2"
"Hnf6b(Homeobox)/LNCaP-Hnf6b-ChIP-Seq(GSE106305)/Homer","TATTGAYY","1e0","-8.880e-01","0.6223","121.0","6.44","2929.4","6.30","1.02222222222222","0.00954531790623045","0","160","ONECUT2"
"Olig2(bHLH)/Neuron-Olig2-ChIP-Seq(GSE30882)/Homer","RCCATMTGTT","1e0","-8.850e-01","0.6223","435.0","23.15","10662.1","22.91","1.01047577477084","0.00452590616457441","0","8","OLIG2"
"Gata2(Zf)/K562-GATA2-ChIP-Seq(GSE18829)/Homer","BBCTTATCTS","1e0","-8.748e-01","0.6262","101.0","5.38","2442.3","5.25","1.0247619047619","0.0106229722604323","0","31","GATA2"
"PSE(SNAPc)/K562-mStart-Seq/Homer","WAVTCACCMTAASYDAAAAG","1e0","-8.681e-01","0.6281","74.0","3.94","1782.3","3.83","1.02872062663185","0.0122974478569514","0","126","PSE"
"Brn2(POU Homeobox)/NPC-Brn2-ChIP-Seq(GSE35496)/Homer","ATGAATATTC","1e0","-8.452e-01","0.6405","9.0","0.48","202.8","0.44","1.09090909090909","0.0377885608893998","0","3","OCT7(POU3F2)"
"Tbx5(T-box)/HL1-Tbx5.biotin-ChIP-Seq(GSE21529)/Homer","AGGTGTCA","1e0","-8.100e-01","0.6611","710.0","37.79","17498.7","37.61","1.00478596118054","0.00207355849461534","0","39","TBX5"
"OCT4-SOX2-TCF-NANOG(POU Homeobox HMG)/mES-Oct4-ChIP-Seq(GSE11431)/Homer","ATTTGCATAACAATG","1e0","-8.090e-01","0.6611","17.0","0.90","399.1","0.86","1.04651162790698","0.0197440581957572","0","93","OCT4-SOX2-TCF-NANOG"
"Smad4(MAD)/ESC-SMAD4-ChIP-Seq(GSE29422)/Homer","VBSYGTCTGG","1e0","-7.953e-01","0.6663","395.0","21.02","9718.2","20.89","1.00622307324079","0.00269427171191484","0","138","SMAD4"
"EBNA1(EBV-virus)/Raji-EBNA1-ChIP-Seq(GSE30709)/Homer","GGYAGCAYDTGCTDCCCNNN","1e0","-7.888e-01","0.6683","1.0","0.05","15.7","0.03","1.66666666666667","0.221848749616356","0","151","EBNA1(EBV-virus)"
"YY1(Zf)/Promoter/Homer","CAAGATGGCGGC","1e0","-7.823e-01","0.6704","17.0","0.90","402.1","0.86","1.04651162790698","0.0197440581957572","0","35","YY1"
"GATA3(Zf) DR4/iTreg-Gata3-ChIP-Seq(GSE20898)/Homer","AGATGKDGAGATAAG","1e0","-7.696e-01","0.6766","9.0","0.48","208.6","0.45","1.06666666666667","0.0280287236002435","0","144","GATA3"
"TCF4(bHLH)/SHSY5Y-TCF4-ChIP-Seq(GSE96915)/Homer","SMCATCTGKH","1e0","-7.635e-01","0.6785","345.0","18.36","8498.4","18.26","1.00547645125958","0.00237190366694347","0","8","TCF4"
"Tbox:Smad(T-box MAD)/ESCd5-Smad2_3-ChIP-Seq(GSE29422)/Homer","AGGTGHCAGACA","1e0","-7.613e-01","0.6785","41.0","2.18","994.7","2.14","1.01869158878505","0.008042720255414","0","172","SMAD2_SMAD3(T-box)"
"ZNF768(Zf)/Rajj-ZNF768-ChIP-Seq(GSE111879)/Homer","RHHCAGAGAGGB","1e0","-7.553e-01","0.6794","6.0","0.32","136.0","0.29","1.10344827586207","0.04275198042095","0","175","ZNF768"
"Twist(bHLH)/HMLE-TWIST1-ChIP-Seq(Chang_et_al)/Homer","VCAKCTGGNNNCCAGMTGBN","1e0","-7.469e-01","0.6828","32.0","1.70","775.6","1.67","1.01796407185629","0.00773245023069066","0","8","TWIST1"
"HNF6(Homeobox)/Liver-Hnf6-ChIP-Seq(ERP000394)/Homer","NTATYGATCH","1e0","-7.467e-01","0.6828","84.0","4.47","2057.3","4.42","1.01131221719457","0.00488525378284456","0","158","ONECUT1"
"Eomes(T-box)/H9-Eomes-ChIP-Seq(GSE26097)/Homer","ATTAACACCT","1e0","-7.457e-01","0.6828","456.0","24.27","11252.8","24.18","1.00372208436725","0.00161347980718165","0","41","EOMES"
"ZBTB33(Zf)/GM12878-ZBTB33-ChIP-Seq(GSE32465)/Homer","GGVTCTCGCGAGAAC","1e0","-7.444e-01","0.6828","4.0","0.21","88.5","0.19","1.10526315789474","0.0434656937810903","0","136","ZBTB33"
"CUX1(Homeobox)/K562-CUX1-ChIP-Seq(GSE92882)/Homer","TATCGATNAN","1e0","-7.275e-01","0.6870","98.0","5.22","2408.9","5.18","1.00772200772201","0.00334074325702913","0","75","CUX1"
"GFY-Staf(? Zf)/Promoter/Homer","RACTACAATTCCCAGAAKGC","1e0","-6.823e-01","0.7163","7.0","0.37","166.2","0.36","1.02777777777778","0.0118992232997078","0","46","GFY"
"Twist2(bHLH)/Myoblast-Twist2.Ty1-ChIP-Seq(GSE127998)/Homer","MCAGCTGBYH","1e0","-6.818e-01","0.7163","414.0","22.03","10248.5","22.03","1","0","0","8","TWIST2"
"Phox2b(Homeobox)/CLBGA-PHOX2B-ChIP-Seq(GSE90683)/Homer","TTAATTNAATTA","1e0","-6.796e-01","0.7163","19.0","1.01","464.6","1.00","1.01","0.00432137378264258","0","60","PHOX2B"
"ZNF415(Zf)/HEK293-ZNF415.GFP-ChIP-Seq(GSE58341)/Homer","GRTGMTRGAGCC","1e0","-6.735e-01","0.7163","112.0","5.96","2771.5","5.96","1","0","0","145","ZNF415"
"Ascl1(bHLH)/NeuralTubes-Ascl1-ChIP-Seq(GSE55840)/Homer","NNVVCAGCTGBN","1e0","-6.646e-01","0.7196","369.0","19.64","9143.3","19.65","0.999491094147583","-0.000221071260514618","0","8","ASCL1"
"HIF2a(bHLH)/785_O-HIF2a-ChIP-Seq(GSE34871)/Homer","GCACGTACCC","1e0","-6.566e-01","0.7230","99.0","5.27","2454.9","5.28","0.99810606060606","-0.000823307321265722","0","81","EPAS1"
"Gata6(Zf)/HUG1N-GATA6-ChIP-Seq(GSE51936)/Homer","YCTTATCTBN","1e0","-6.534e-01","0.7230","136.0","7.24","3373.7","7.25","0.998620689655172","-0.000599440373846768","0","31","GATA6"
"Cux2(Homeobox)/Liver-Cux2-ChIP-Seq(GSE35985)/Homer","HNRAATCAAT","1e0","-6.501e-01","0.7230","64.0","3.41","1587.8","3.41","1","0","0","58","CUX2"
"Brn1(POU Homeobox)/NPC-Brn1-ChIP-Seq(GSE35496)/Homer","TATGCWAATBAV","1e0","-6.269e-01","0.7376","31.0","1.65","771.5","1.66","0.993975903614458","-0.0026241438261489","0","121","OCT8(POU3F3)"
"Myf5(bHLH)/GM-Myf5-ChIP-Seq(GSE24852)/Homer","BAACAGCTGT","1e0","-6.159e-01","0.7434","228.0","12.13","5672.6","12.19","0.995077932731747","-0.00214290475180893","0","8","MYF5"
"Elf4(ETS)/BMDM-Elf4-ChIP-Seq(GSE88699)/Homer","ACTTCCKGKT","1e0","-6.140e-01","0.7434","198.0","10.54","4928.1","10.59","0.995278564683664","-0.00205534923095725","0","24","ELF4"
"Gata1(Zf)/K562-GATA1-ChIP-Seq(GSE18829)/Homer","SAGATAAGRV","1e0","-6.055e-01","0.7463","84.0","4.47","2097.9","4.51","0.991130820399113","-0.00386901874602408","0","31","GATA1"
"ZNF41(Zf)/HEK293-ZNF41.GFP-ChIP-Seq(GSE58341)/Homer","CCTCATGGTGYCYTWYTCCCTTGTG","1e0","-6.041e-01","0.7463","3.0","0.16","71.8","0.15","1.06666666666667","0.0280287236002435","0","47","ZNF41"
"Zfp809(Zf)/ES-Zfp809-ChIP-Seq(GSE70799)/Homer","GGGGCTYGKCTGGGA","1e0","-5.868e-01","0.7556","24.0","1.28","603.9","1.30","0.984615384615385","-0.00673338265896843","0","131","Zfp809(mouse)"
"CEBP:AP1(bZIP)/ThioMac-CEBPb-ChIP-Seq(GSE21512)/Homer","DRTGTTGCAA","1e0","-5.336e-01","0.7944","133.0","7.08","3345.2","7.19","0.984700973574409","-0.0066956326931136","0","87","CEBPA_JUN(AP-1)"
"FOXA1:AR(Forkhead NR)/LNCAP-AR-ChIP-Seq(GSE27824)/Homer","AGTAAACAAAAAAGAACAND","1e0","-5.265e-01","0.7975","11.0","0.59","283.4","0.61","0.967213114754098","-0.0144778233686229","0","28","FOXA1"
"EWS:FLI1-fusion(ETS)/SK_N_MC-EWS:FLI1-ChIP-Seq(SRA014231)/Homer","VACAGGAAAT","1e0","-5.119e-01","0.8067","112.0","5.96","2829.7","6.08","0.980263157894737","-0.00865731953249851","0","24","EWSR1_FLI1_fusion"
"CArG(MADS)/PUER-Srf-ChIP-Seq(Sullivan_et_al.)/Homer","CCATATATGGNM","1e0","-5.014e-01","0.8127","40.0","2.13","1024.2","2.20","0.968181818181818","-0.0140430773834686","0","98","SRF"
"Unknown-ESC-element(?)/mES-Nanog-ChIP-Seq(GSE11724)/Homer","CACAGCAGGGGG","1e0","-4.966e-01","0.8140","139.0","7.40","3511.9","7.55","0.980132450331126","-0.00871523189821199","0","12","Novel_ESC_element"
"LRF(Zf)/Erythroblasts-ZBTB7A-ChIP-Seq(GSE74977)/Homer","AAGACCCYYN","1e0","-4.903e-01","0.8166","231.0","12.29","5812.9","12.49","0.983987189751801","-0.00701055548768147","0","127","ZBTB7A"
"Tbx21(T-box)/GM12878-TBX21-ChIP-Seq(Encode)/Homer","AGGTGTGAAA","1e0","-4.847e-01","0.8186","213.0","11.34","5366.7","11.53","0.983521248915872","-0.00721625273781123","0","41","TBX21"
"E2F(E2F)/Hela-CellCycle-Expression/Homer","TTSGCGCGAAAA","1e0","-4.808e-01","0.8192","7.0","0.37","185.2","0.40","0.925","-0.0338582672609674","0","157","E2F"
"Ronin(THAP)/ES-Thap11-ChIP-Seq(GSE51522)/Homer","RACTACAACTCCCAGVAKGC","1e0","-4.787e-01","0.8192","4.0","0.21","106.2","0.23","0.91304347826087","-0.0395085412836736","0","45","THAP11"
"CHR(?)/Hela-CellCycle-Expression/Homer","SRGTTTCAAA","1e0","-4.576e-01","0.8333","82.0","4.36","2097.1","4.51","0.966740576496674","-0.0146900526093744","0","150","CHR"
"Stat3+il21(Stat)/CD4-Stat3-ChIP-Seq(GSE19198)/Homer","SVYTTCCNGGAARB","1e0","-4.419e-01","0.8439","82.0","4.36","2103.5","4.52","0.964601769911505","-0.015651945542796","0","23","STAT3"
"RUNX-AML(Runt)/CD4+-PolII-ChIP-Seq(Barski_et_al.)/Homer","GCTGTGGTTW","1e0","-4.365e-01","0.8459","135.0","7.18","3439.6","7.39","0.971583220568336","-0.0125199941525254","0","41","RUNX1"
"IRF3(IRF)/BMDM-Irf3-ChIP-Seq(GSE67343)/Homer","AGTTTCAKTTTC","1e0","-4.311e-01","0.8479","35.0","1.86","915.2","1.97","0.944162436548223","-0.0249532819436766","0","53","IRF3"
"ZNF692(Zf)/HEK293-ZNF692.GFP-ChIP-Seq(GSE58341)/Homer","GTGGGCCCCA","1e0","-4.247e-01","0.8508","10.0","0.53","271.3","0.58","0.913793103448276","-0.0391521239621482","0","84","ZNF692"
"Prop1(Homeobox)/GHFT1-PROP1.biotin-ChIP-Seq(GSE77302)/Homer","NTAATBNAATTA","1e0","-4.235e-01","0.8508","59.0","3.14","1528.7","3.29","0.954407294832827","-0.0202662498767593","0","58","PROP1"
"Tbr1(T-box)/Cortex-Tbr1-ChIP-Seq(GSE71384)/Homer","AAGGTGTKAA","1e0","-4.089e-01","0.8591","300.0","15.97","7587.4","16.31","0.979153893316984","-0.00914904490179282","0","41","TBR1"
"Mef2b(MADS)/HEK293-Mef2b.V5-ChIP-Seq(GSE67450)/Homer","GCTATTTTTGGM","1e0","-3.942e-01","0.8692","94.0","5.00","2426.0","5.21","0.959692898272553","-0.0178677189635057","0","45","MEF2B"
"p53(p53)/mES-cMyc-ChIP-Seq(GSE11431)/Homer","ACATGCCCGGGCAT","1e0","-3.896e-01","0.8705","1.0","0.05","28.9","0.06","0.833333333333333","-0.0791812460476248","0","1","TP53"
"ETS:E-box(ETS bHLH)/HPC7-Scl-ChIP-Seq(GSE22178)/Homer","AGGAARCAGCTG","1e0","-3.884e-01","0.8705","18.0","0.96","487.5","1.05","0.914285714285714","-0.0389180660303697","0","98","ETS_E-box"
"Duxbl(Homeobox)/NIH3T3-Duxbl.HA-ChIP-Seq(GSE119782)/Homer","TAAYCYAATCAA","1e0","-3.879e-01","0.8705","9.0","0.48","251.0","0.54","0.888888888888889","-0.0511525224473813","0","27","DUX4"
"GLI3(Zf)/Limb-GLI3-ChIP-Chip(GSE11077)/Homer","CGTGGGTGGTCC","1e0","-3.790e-01","0.8720","18.0","0.96","489.3","1.05","0.914285714285714","-0.0389180660303697","0","2","GIL3"
"ELF5(ETS)/T47D-ELF5-ChIP-Seq(GSE30407)/Homer","ACVAGGAAGT","1e0","-3.630e-01","0.8834","141.0","7.50","3629.2","7.80","0.961538461538462","-0.0170333392987803","0","24","ELF5"
"RUNX(Runt)/HPC7-Runx1-ChIP-Seq(GSE22178)/Homer","SAAACCACAG","1e0","-3.552e-01","0.8877","143.0","7.61","3684.6","7.92","0.960858585858586","-0.0173405248189207","0","42","RUNX1"
"Stat3(Stat)/mES-Stat3-ChIP-Seq(GSE11431)/Homer","CTTCCGGGAA","1e0","-3.495e-01","0.8901","62.0","3.30","1632.6","3.51","0.94017094017094","-0.0267931765879366","0","23","STAT3"
"GRE(NR) IR3/RAW264.7-GRE-ChIP-Seq(Unpublished)/Homer","VAGRACAKWCTGTYC","1e0","-3.448e-01","0.8917","34.0","1.81","914.2","1.96","0.923469387755102","-0.0345774964872915","0","78","GRE(NR)"
"ZNF652/HepG2-ZNF652.Flag-ChIP-Seq(Encode)/Homer","TTAACCCTTTVNKKN","1e0","-3.417e-01","0.8919","45.0","2.39","1199.8","2.58","0.926356589147287","-0.0332218050150925","0","109","ZNF652"
"EWS:ERG-fusion(ETS)/CADO_ES1-EWS:ERG-ChIP-Seq(SRA014231)/Homer","ATTTCCTGTN","1e0","-3.416e-01","0.8919","125.0","6.65","3237.8","6.96","0.955459770114943","-0.0197875943074575","0","24","EWSR1_ERG_fusion"
"Tcf12(bHLH)/GM12878-Tcf12-ChIP-Seq(GSE32465)/Homer","VCAGCTGYTG","1e0","-3.347e-01","0.8929","273.0","14.53","6968.2","14.98","0.969959946595461","-0.0132461990654261","0","8","TCF12"
"Tbx6(T-box)/ESC-Tbx6-ChIP-Seq(GSE93524)/Homer","DAGGTGTBAA","1e0","-3.301e-01","0.8944","217.0","11.55","5565.4","11.96","0.96571906354515","-0.0151491954242289","0","40","TBX6"
"Bcl6(Zf)/Liver-Bcl6-ChIP-Seq(GSE31578)/Homer","NNNCTTTCCAGGAAA","1e0","-3.301e-01","0.8944","157.0","8.36","4053.1","8.71","0.959816303099885","-0.0178118775686469","0","23","BCL6"
"Isl1(Homeobox)/Neuron-Isl1-ChIP-Seq(GSE31456)/Homer","CTAATKGV","1e0","-2.990e-01","0.9173","298.0","15.86","7626.4","16.39","0.967663209273947","-0.0142757705889141","0","83","ISL1"
"STAT4(Stat)/CD4-Stat4-ChIP-Seq(GSE22104)/Homer","NYTTCCWGGAAR","1e0","-2.989e-01","0.9173","105.0","5.59","2754.6","5.92","0.944256756756757","-0.0249098988364965","0","23","STAT4"
"Nr5a2(NR)/Pancreas-LRH1-ChIP-Seq(GSE34295)/Homer","BTCAAGGTCA","1e0","-2.973e-01","0.9173","103.0","5.48","2704.6","5.81","0.943201376936317","-0.0253955739059616","0","71","NR5A2(NR)"
"Pax7(Paired Homeobox) long/Myoblast-Pax7-ChIP-Seq(GSE25064)/Homer","TAATCHGATTAC","1e0","-2.941e-01","0.9173","2.0","0.11","66.3","0.14","0.785714285714286","-0.104735350520013","0","60","PAX7"
"GATA(Zf) IR3/iTreg-Gata3-ChIP-Seq(GSE20898)/Homer","NNNNNBAGATAWYATCTVHN","1e0","-2.807e-01","0.9235","17.0","0.90","486.4","1.05","0.857142857142857","-0.0669467896306132","0","38","GATA3"
"EHF(ETS)/LoVo-EHF-ChIP-Seq(GSE49402)/Homer","AVCAGGAAGT","1e0","-2.738e-01","0.9273","244.0","12.99","6291.6","13.52","0.960798816568047","-0.0173675405325892","0","48","EHF"
"IRF:BATF(IRF:bZIP)/pDC-Irf8-ChIP-Seq(GSE66899)/Homer","CTTTCANTATGACTV","1e0","-2.719e-01","0.9273","12.0","0.64","353.5","0.76","0.842105263157895","-0.0746336182969042","0","25","BATF3_IRF8"
"ZKSCAN1(Zf)/HepG2-ZKSCAN1-ChIP-Seq(Encode)/Homer","GCACAYAGTAGGKCY","1e0","-2.660e-01","0.9293","1.0","0.05","37.0","0.08","0.625","-0.204119982655925","0","123","ZKSCAN1"
"ERE(NR) IR3/MCF7-ERa-ChIP-Seq(Unpublished)/Homer","VAGGTCACNSTGACC","1e0","-2.573e-01","0.9347","52.0","2.77","1415.9","3.04","0.911184210526316","-0.0403938145443052","0","18","ESR1(NR)"
"EBF2(EBF)/BrownAdipose-EBF2-ChIP-Seq(GSE97114)/Homer","NABTCCCWDGGGAVH","1e0","-2.357e-01","0.9525","117.0","6.23","3102.6","6.67","0.934032983508246","-0.0296377872573793","0","90","EBF2"
"STAT6(Stat)/Macrophage-Stat6-ChIP-Seq(GSE38377)/Homer","TTCCKNAGAA","1e0","-2.082e-01","0.9763","61.0","3.25","1676.1","3.60","0.902777777777778","-0.0444191397884129","0","111","STAT6"
"TRPS1(Zf)/MCF7-TRPS1-ChIP-Seq(GSE107013)/Homer","AGATAAGANN","1e0","-1.962e-01","0.9853","279.0","14.85","7256.5","15.60","0.951923076923077","-0.0213981447012305","0","31","TRPS1"
"OCT:OCT(POU Homeobox IR1)/NPC-Brn2-ChIP-Seq(GSE35496)/Homer","ATGAATWATTCATGA","1e0","-1.936e-01","0.9853","1.0","0.05","43.3","0.09","0.555555555555556","-0.255272505103306","0","37","BRN2(POU3F2)"
"GATA3(Zf)/iTreg-Gata3-ChIP-Seq(GSE20898)/Homer","AGATAASR","1e0","-1.819e-01","0.9939","207.0","11.02","5449.0","11.71","0.941076003415884","-0.026375300556597","0","31","GATA3"
"GFY(?)/Promoter/Homer","ACTACAATTCCC","1e0","-1.804e-01","0.9939","7.0","0.37","235.8","0.51","0.725490196078431","-0.139368452030941","0","45","GFY"
"Zfp57(Zf)/H1-ZFP57.HA-ChIP-Seq(GSE115387)/Homer","NANTGCSGCA","1e0","-1.697e-01","1.0000","56.0","2.98","1570.8","3.38","0.881656804733728","-0.0547004362013995","0","173","ZFP57"
"SF1(NR)/H295R-Nr5a1-ChIP-Seq(GSE44220)/Homer","CAAGGHCANV","1e0","-1.694e-01","1.0000","66.0","3.51","1833.3","3.94","0.890862944162436","-0.0501891053597501","0","162","NR5A1(NR)"
"Oct2(POU Homeobox)/Bcell-Oct2-ChIP-Seq(GSE21512)/Homer","ATATGCAAAT","1e0","-1.665e-01","1.0000","20.0","1.06","607.8","1.31","0.809160305343511","-0.091965430390994","0","94","OCT2(POU2F2)"
"STAT6(Stat)/CD4-Stat6-ChIP-Seq(GSE22104)/Homer","ABTTCYYRRGAA","1e0","-1.660e-01","1.0000","60.0","3.19","1678.1","3.61","0.883656509695291","-0.0537165188484768","0","112","STAT6"
"Atoh1(bHLH)/Cerebellum-Atoh1-ChIP-Seq(GSE22111)/Homer","VNRVCAGCTGGY","1e0","-1.647e-01","1.0000","249.0","13.25","6537.9","14.05","0.943060498220641","-0.0254604459682721","0","8","ATOH1"
"ZNF341(Zf)/EBV-ZNF341-ChIP-Seq(GSE113194)/Homer","GGAACAGCCG","1e0","-1.639e-01","1.0000","123.0","6.55","3318.5","7.13","0.918653576437588","-0.0368482298600825","0","146","ZNF341"
"ZNF264(Zf)/HEK293-ZNF264.GFP-ChIP-Seq(GSE58341)/Homer","RGGGCACTAACY","1e0","-1.615e-01","1.0000","94.0","5.00","2570.3","5.52","0.905797101449275","-0.0429690733931801","0","65","ZNF264"
"Bcl11a(Zf)/HSPC-BCL11A-ChIP-Seq(GSE104676)/Homer","TYTGACCASWRG","1e0","-1.504e-01","1.0000","150.0","7.98","4028.6","8.66","0.921478060046189","-0.0355150006666172","0","130","BCL11A"
"ZNF16(Zf)/HEK293-ZNF16.GFP-ChIP-Seq(GSE58341)/Homer","MACCTTCYATGGCTCCCTAKTGCCY","1e0","-1.486e-01","1.0000","1.0","0.05","49.0","0.11","0.454545454545455","-0.342422680822206","0","65","ZNF16"
"E2F7(E2F)/Hela-E2F7-ChIP-Seq(GSE32673)/Homer","VDTTTCCCGCCA","1e0","-1.477e-01","1.0000","10.0","0.53","334.0","0.72","0.736111111111111","-0.133056626830479","0","5","E2F7"
"Gli2(Zf)/GM2-Gli2-ChIP-Chip(GSE112702)/Homer","YSTGGGTGGTCT","1e0","-1.422e-01","1.0000","33.0","1.76","976.0","2.10","0.838095238095238","-0.0767066269197694","0","2","GIL2"
"Ptf1a(bHLH)/Panc1-Ptf1a-ChIP-Seq(GSE47459)/Homer","ACAGCTGTTN","1e0","-1.324e-01","1.0000","660.0","35.13","16927.3","36.38","0.965640461792194","-0.0151845449354392","0","8","PTF1A"
"HIF-1a(bHLH)/MCF7-HIF1a-ChIP-Seq(GSE28352)/Homer","TACGTGCV","1e0","-1.225e-01","1.0000","51.0","2.71","1474.6","3.17","0.854889589905363","-0.0680899713433458","0","163","HIF1A"
"ZNF416(Zf)/HEK293-ZNF416.GFP-ChIP-Seq(GSE58341)/Homer","WDNCTGGGCA","1e0","-1.212e-01","1.0000","133.0","7.08","3626.9","7.79","0.908857509627728","-0.0415041999827954","0","41","ZNF416"
"AR-halfsite(NR)/LNCaP-AR-ChIP-Seq(GSE27824)/Homer","CCAGGAACAG","1e0","-1.172e-01","1.0000","644.0","34.27","16563.3","35.60","0.962640449438202","-0.0165358935430082","0","145","AR(NR)"
"Oct11(POU Homeobox)/NCIH1048-POU2F3-ChIP-seq(GSE115123)/Homer","GATTTGCATA","1e0","-1.074e-01","1.0000","25.0","1.33","779.3","1.67","0.796407185628743","-0.0988648301804975","0","93","OCT11(POU2F3)"
"SPDEF(ETS)/VCaP-SPDEF-ChIP-Seq(SRA014231)/Homer","ASWTCCTGBT","1e0","-1.064e-01","1.0000","206.0","10.96","5530.5","11.89","0.921783010933558","-0.0353713004703412","0","47","SPDEF"
"Pit1(Homeobox)/GCrat-Pit1-ChIP-Seq(GSE58009)/Homer","ATGMATATDC","1e0","-1.014e-01","1.0000","95.0","5.06","2662.1","5.72","0.884615384615385","-0.0532455119532251","0","3","PIT1(POU1F1)"
"Elk4(ETS)/Hela-Elk4-ChIP-Seq(GSE31477)/Homer","NRYTTCCGGY","1e0","-9.698e-02","1.0000","113.0","6.01","3140.8","6.75","0.89037037037037","-0.0504293008282854","0","24","ELK4"
"DMRT1(DM)/Testis-DMRT1-ChIP-Seq(GSE64892)/Homer","TWGHWACAWTGTWDC","1e0","-7.958e-02","1.0000","26.0","1.38","830.6","1.79","0.770949720670391","-0.112973944578657","0","134","DMRT1"
"Nkx2.1(Homeobox)/LungAC-Nkx2.1-ChIP-Seq(GSE43252)/Homer","RSCACTYRAG","1e0","-7.554e-02","1.0000","524.0","27.89","13673.5","29.39","0.948962232051718","-0.0227510718065627","0","11","NKX2-1"
"Slug(Zf)/Mesoderm-Snai2-ChIP-Seq(GSE61475)/Homer","SNGCACCTGCHS","1e0","-7.146e-02","1.0000","106.0","5.64","2999.0","6.45","0.874418604651163","-0.0582806106519255","0","8","SNAI2"
"RUNX1(Runt)/Jurkat-RUNX1-ChIP-Seq(GSE29180)/Homer","AAACCACARM","1e0","-7.103e-02","1.0000","189.0","10.06","5165.1","11.10","0.906306306306306","-0.0427249980667488","0","43","RUNX1"
"Smad2(MAD)/ES-SMAD2-ChIP-Seq(GSE29422)/Homer","CTGTCTGG","1e0","-6.513e-02","1.0000","374.0","19.90","9918.2","21.32","0.933395872420263","-0.0299341239448281","0","137","SMAD2"
"Oct4(POU Homeobox)/mES-Oct4-ChIP-Seq(GSE11431)/Homer","ATTTGCATAW","1e0","-6.366e-02","1.0000","46.0","2.45","1404.8","3.02","0.811258278145695","-0.0908408585926181","0","93","OCT4(POU5F1)"
"Mouse_Recombination_Hotspot(Zf)/Testis-DMC1-ChIP-Seq(GSE24438)/Homer","ACTYKNATTCGTGNTACTTC","1e0","-6.192e-02","1.0000","5.0","0.27","219.7","0.47","0.574468085106383","-0.24073409377673","0","173","DMC1"
"ELF3(ETS)/PDAC-ELF3-ChIP-Seq(GSE64557)/Homer","ANCAGGAAGT","1e0","-6.162e-02","1.0000","130.0","6.92","3651.1","7.85","0.881528662420382","-0.0547635622884947","0","24","ELF3"
"ZEB2(Zf)/SNU398-ZEB2-ChIP-Seq(GSE103048)/Homer","GNMCAGGTGTGC","1e0","-6.038e-02","1.0000","203.0","10.80","5555.0","11.94","0.904522613065327","-0.0435805713064005","0","8","ZEB2"
"Nkx2.2(Homeobox)/NPC-Nkx2.2-ChIP-Seq(GSE61673)/Homer","BTBRAGTGSN","1e0","-5.866e-02","1.0000","395.0","21.02","10474.6","22.51","0.933807196801422","-0.0297427833082966","0","11","NKX2-2"
"OCT:OCT-short(POU Homeobox)/NPC-OCT6-ChIP-Seq(GSE43916)/Homer","ATGCATWATGCATRW","1e0","-5.778e-02","1.0000","63.0","3.35","1877.1","4.03","0.831265508684863","-0.0802602391042642","0","35","OCT6(POU3F1)"
"Nkx2.5(Homeobox)/HL1-Nkx2.5.biotin-ChIP-Seq(GSE21529)/Homer","RRSCACTYAA","1e0","-5.410e-02","1.0000","391.0","20.81","10390.2","22.33","0.931930138826691","-0.030616642859811","0","11","NKX2-5"
"Pax7(Paired Homeobox) longest/Myoblast-Pax7-ChIP-Seq(GSE25064)/Homer","NTAATTDGCYAATTANNWWD","1e0","-5.156e-02","1.0000","1.0","0.05","74.5","0.16","0.3125","-0.505149978319906","0","44","PAX7"
"HEB(bHLH)/mES-Heb-ChIP-Seq(GSE53233)/Homer","VCAGCTGBNN","1e0","-5.060e-02","1.0000","430.0","22.88","11394.3","24.49","0.93425888117599","-0.0295327650037275","0","8","TCF12"
"E2F1(E2F)/Hela-E2F1-ChIP-Seq(GSE22478)/Homer","CWGGCGGGAA","1e0","-4.807e-02","1.0000","18.0","0.96","634.1","1.36","0.705882352941177","-0.151267675330649","0","5","E2F1"
"OCT:OCT(POU Homeobox)/NPC-OCT6-ChIP-Seq(GSE43916)/Homer","YATGCATATRCATRT","1e0","-4.791e-02","1.0000","5.0","0.27","229.1","0.49","0.551020408163265","-0.258832315869526","0","171","OCT6(POU3F1)"
"DMRT6(DM)/Testis-DMRT6-ChIP-Seq(GSE60440)/Homer","YDGHTACAWTGTADC","1e0","-4.746e-02","1.0000","21.0","1.12","723.6","1.56","0.717948717948718","-0.14390657568428","0","133","Dmrtb1(mouse)"
"NF1:FOXA1(CTF Forkhead)/LNCAP-FOXA1-ChIP-Seq(GSE27824)/Homer","WNTGTTTRYTTTGGCA","1e0","-4.192e-02","1.0000","4.0","0.21","199.9","0.43","0.488372093023256","-0.311249160845667","0","55","FOXA1_NF1"
"ZNF322(Zf)/HEK293-ZNF322.GFP-ChIP-Seq(GSE58341)/Homer","GAGCCTGGTACTGWGCCTGR","1e0","-4.052e-02","1.0000","38.0","2.02","1221.3","2.62","0.770992366412214","-0.112949921873122","0","167","ZNF322"
"Ascl2(bHLH)/ESC-Ascl2-ChIP-Seq(GSE97712)/Homer","SSRGCAGCTGCH","1e0","-3.595e-02","1.0000","264.0","14.05","7221.1","15.52","0.905283505154639","-0.0432153926810709","0","8","ASCL2"
"PGR(NR)/EndoStromal-PGR-ChIP-Seq(GSE69539)/Homer","AAGAACATWHTGTTC","1e0","-3.187e-02","1.0000","24.0","1.28","837.3","1.80","0.711111111111111","-0.148062535455438","0","80","PGR(NR)"
"Pit1+1bp(Homeobox)/GCrat-Pit1-ChIP-Seq(GSE58009)/Homer","ATGCATAATTCA","1e0","-3.072e-02","1.0000","26.0","1.38","898.6","1.93","0.715025906735751","-0.145678222606537","0","36","PIT1(POU1F1)"
"EBF(EBF)/proBcell-EBF-ChIP-Seq(GSE21978)/Homer","DGTCCCYRGGGA","1e0","-2.902e-02","1.0000","22.0","1.17","784.3","1.69","0.692307692307692","-0.159700842867512","0","89","EBF1"
"E2A(bHLH)/proBcell-E2A-ChIP-Seq(GSE21978)/Homer","DNRCAGCTGY","1e0","-2.032e-02","1.0000","328.0","17.46","8970.4","19.28","0.905601659751037","-0.043062790197261","0","8","TCF3"
"HINFP(Zf)/K562-HINFP.eGFP-ChIP-Seq(Encode)/Homer","TWVGGTCCGC","1e0","-1.655e-02","1.0000","45.0","2.39","1491.4","3.21","0.744548286604361","-0.128107131456734","0","104","HINFP"
"Nr5a2(NR)/mES-Nr5a2-ChIP-Seq(GSE19019)/Homer","BTCAAGGTCA","1e0","-1.477e-02","1.0000","66.0","3.51","2092.2","4.50","0.78","-0.10790539730952","0","72","NR5A2(NR)"
"Pitx1:Ebox(Homeobox bHLH)/Hindlimb-Pitx1-ChIP-Seq(GSE41591)/Homer","YTAATTRAWWCCAGATGT","1e0","-1.472e-02","1.0000","21.0","1.12","795.9","1.71","0.654970760233918","-0.183778087721972","0","8","PITX1"
"Hand2(bHLH)/Mesoderm-Hand2-ChIP-Seq(GSE61475)/Homer","TGACANARRCCAGRC","1e0","-1.413e-02","1.0000","80.0","4.26","2484.4","5.34","0.797752808988764","-0.0981316579258375","0","105","HAND2"
"ZNF165(Zf)/WHIM12-ZNF165-ChIP-Seq(GSE65937)/Homer","AAGGKGRCGCAGGCA","1e0","-1.016e-02","1.0000","11.0","0.59","497.8","1.07","0.551401869158878","-0.258531766043065","0","98","ZNF165"
"Tcfcp2l1(CP2)/mES-Tcfcp2l1-ChIP-Seq(GSE11431)/Homer","NRAACCRGTTYRAACCRGYT","1e0","-8.387e-03","1.0000","22.0","1.17","858.2","1.84","0.635869565217391","-0.196631961263375","0","1","TFCP2L1"
"GATA(Zf) IR4/iTreg-Gata3-ChIP-Seq(GSE20898)/Homer","NAGATWNBNATCTNN","1e0","-7.573e-03","1.0000","7.0","0.37","371.4","0.80","0.4625","-0.334888262924949","0","135","GATA3"
"NFkB-p50 p52(RHD)/Monocyte-p50-ChIP-Chip(Schreiber_et_al.)/Homer","GGGGGAATCCCC","1e0","-5.657e-03","1.0000","11.0","0.59","523.1","1.12","0.526785714285714","-0.278366011028037","0","54","NFKB1"
"Brachyury(T-box)/Mesoendoderm-Brachyury-ChIP-exo(GSE54963)/Homer","ANTTMRCASBNNNGTGYKAAN","1e0","-1.908e-03","1.0000","40.0","2.13","1496.2","3.22","0.661490683229814","-0.179476268257093","0","41","TBXT"
"AP-2gamma(AP2)/MCF7-TFAP2C-ChIP-Seq(GSE21234)/Homer","SCCTSAGGSCAW","1e0","-1.722e-03","1.0000","117.0","6.23","3708.7","7.97","0.78168130489335","-0.106970274736943","0","115","TFAP2C"
"PRDM15(Zf)/ESC-Prdm15-ChIP-Seq(GSE73694)/Homer","YCCDNTCCAGGTTTT","1e0","-1.487e-03","1.0000","145.0","7.72","4493.1","9.66","0.799171842650103","-0.0973598260797572","0","125","PRDM15"
"Pax7(Paired Homeobox)/Myoblast-Pax7-ChIP-Seq(GSE25064)/Homer","TAATCAATTA","1e0","-1.242e-03","1.0000","3.0","0.16","271.4","0.58","0.275862068965517","-0.559308010907012","0","95","PAX7"
"ZBTB12(Zf)/HEK293-ZBTB12.GFP-ChIP-Seq(GSE58341)/Homer","NGNTCTAGAACCNGV","1e0","-1.010e-03","1.0000","54.0","2.87","1956.9","4.21","0.681710213776722","-0.166400199101676","0","148","ZBTB12"
"AP-2alpha(AP2)/Hela-AP2alpha-ChIP-Seq(GSE31477)/Homer","ATGCCCTGAGGC","1e0","-5.930e-04","1.0000","78.0","4.15","2696.3","5.79","0.716753022452504","-0.144630467015343","0","114","TFAP2A"
"ZEB1(Zf)/PDAC-ZEB1-ChIP-Seq(GSE64557)/Homer","VCAGGTRDRY","1e0","-4.040e-04","1.0000","320.0","17.03","9326.0","20.04","0.849800399201597","-0.070683069232607","0","8","ZEB1"
"HIC1(Zf)/Treg-ZBTB29-ChIP-Seq(GSE99889)/Homer","TGCCAGCB","1e0","-3.210e-04","1.0000","278.0","14.80","8241.8","17.71","0.835686053077357","-0.0779568457951174","0","153","HIC1"
"EBF1(EBF)/Near-E2A-ChIP-Seq(GSE21512)/Homer","GTCCCCWGGGGA","1e0","-2.840e-04","1.0000","123.0","6.55","4036.0","8.67","0.755478662053056","-0.121777797484427","0","118","EBF1"
"E2A(bHLH) near_PU.1/Bcell-PU.1-ChIP-Seq(GSE21512)/Homer","NVCACCTGBN","1e0","-1.540e-04","1.0000","283.0","15.06","8456.9","18.18","0.828382838283828","-0.0817689070212668","0","8","TCF3"
"NF1-halfsite(CTF)/LNCaP-NF1-ChIP-Seq(Unpublished)/Homer","YTGCCAAG","1e0","-3.200e-05","1.0000","199.0","10.59","6341.4","13.63","0.776962582538518","-0.109599895727189","0","123","NF1"
"ZFP3(Zf)/HEK293-ZFP3.GFP-ChIP-Seq(GSE58341)/Homer","GGGTTTTGAAGGATGARTAGGAGTT","1e0","0.000e+00","1.0000","0.0","0.00","17.4","0.04","0","0","0","121","ZFP3"
"DUX(Homeobox)/C2C12-Dux-ChIP-Seq(GSE87279)/Homer","BCWGATTCAATCAAN","1e0","0.000e+00","1.0000","0.0","0.00","11.7","0.03","0","0","0","152","DUX4"
"ZNF528(Zf)/HEK293-ZNF528.GFP-ChIP-Seq(GSE58341)/Homer","AGAAATGACTTCCCT","1e0","0.000e+00","1.0000","0.0","0.00","4.4","0.01","0","0","0","62","ZNF528"
"CTCF-SatelliteElement(Zf?)/CD4+-CTCF-ChIP-Seq(Barski_et_al.)/Homer","TGCAGTTCCMVNWRTGGCCA","1e0","0.000e+00","1.0000","0.0","0.00","68.4","0.15","0","0","0","20","CTCF-SatelliteElement"
"T1ISRE(IRF)/ThioMac-Ifnb-Expression/Homer","ACTTTCGTTTCT","1e0","0.000e+00","1.0000","0.0","0.00","21.4","0.05","0","0","0","49","SRF(SRE)"
"GFX(?)/Promoter/Homer","ATTCTCGCGAGA","1e0","0.000e+00","1.0000","0.0","0.00","27.8","0.06","0","0","0","136","GFX"
