"Motif Name","Consensus","P-value","Log P-value","q-value (Benjamini)","# of Target Sequences with Motif(of 565)","% of Target Sequences with Motif","# of Background Sequences with Motif(of 49500)","% of Background Sequences with Motif","FC","log FC","Significance(-logpvalXFC)","clusterId","finalGene"
"REST-NRSF(Zf)/Jurkat-NRSF-ChIP-Seq/Homer","GGMGCTGTCCATGGTGCTGA","1e-13","-3.139e+01","0.0000","14.0","2.48","59.4","0.12","20.6666666666667","1.31527043477859","17.0985156521217","50","REST"
"CTCF(Zf)/CD4+-CTCF-ChIP-Seq(Barski_et_al.)/Homer","AYAGTGCCMYCTRGTGGCCA","1e-12","-2.877e+01","0.0000","40.0","7.08","868.4","1.77","4","0.602059991327962","7.22471989593555","83","CTCF"
"BORIS(Zf)/K562-CTCFL-ChIP-Seq(GSE32465)/Homer","CNNBRGCGCCCCCTGSTGGC","1e-9","-2.302e+01","0.0000","44.0","7.79","1241.7","2.53","3.07905138339921","0.488416936496746","4.39575242847072","83","CTCFL"
"TR4(NR) DR1/Hela-TR4-ChIP-Seq(GSE24685)/Homer","GAGGTCAAAGGTCA","1e-8","-1.943e+01","0.0000","30.0","5.31","726.0","1.48","3.58783783783784","0.554832805686512","4.43866244549209","22","NR2C2(NR)"
"TFE3(bHLH)/MEF-TFE3-ChIP-Seq(GSE75757)/Homer","GTCACGTGACYV","1e-6","-1.407e+01","0.0001","22.0","3.89","551.2","1.12","3.47321428571429","0.540731578655526","3.24438947193316","13","TFE3"
"PPARa(NR) DR1/Liver-Ppara-ChIP-Seq(GSE47954)/Homer","VNAGGKCAAAGGTCA","1e-6","-1.395e+01","0.0001","84.0","14.87","4240.3","8.64","1.72106481481481","0.235797226043061","1.41478335625836","22","PPARA(NR)"
"HNF4a(NR) DR1/HepG2-HNF4a-ChIP-Seq(GSE25021)/Homer","CARRGKBCAAAGTYCA","1e-5","-1.351e+01","0.0001","43.0","7.61","1676.8","3.42","2.22514619883041","0.347358550714438","1.73679275357219","22","HNF4A(NR)"
"RXR(NR) DR1/3T3L1-RXR-ChIP-Seq(GSE13511)/Homer","TAGGGCAAAGGTCA","1e-5","-1.332e+01","0.0001","86.0","15.22","4445.9","9.06","1.67991169977925","0.225286454757741","1.1264322737887","22","RXRA(NR)"
"COUP-TFII(NR)/Artia-Nr2f2-ChIP-Seq(GSE46497)/Homer","AGRGGTCA","1e-5","-1.316e+01","0.0001","137.0","24.25","8131.1","16.56","1.46437198067633","0.165651410489421","0.828257052447106","60","NR2F2(NR)"
"Usf2(bHLH)/C2C12-Usf2-ChIP-Seq(GSE36030)/Homer","GTCACGTGGT","1e-5","-1.301e+01","0.0001","40.0","7.08","1536.9","3.13","2.26198083067093","0.354488920143321","1.7724446007166","99","USF2"
"EAR2(NR)/K562-NR2F6-ChIP-Seq(Encode)/Homer","NRBCARRGGTCA","1e-5","-1.224e+01","0.0002","105.0","18.58","5915.1","12.05","1.54190871369295","0.188058662746736","0.940293313733679","61","NR2F6(NR)"
"PPARE(NR) DR1/3T3L1-Pparg-ChIP-Seq(GSE13511)/Homer","TGACCTTTGCCCCA","1e-5","-1.162e+01","0.0003","76.0","13.45","3953.8","8.05","1.67080745341615","0.222926403970558","1.11463201985279","22","PPARG(NR)"
"CLOCK(bHLH)/Liver-Clock-ChIP-Seq(GSE39860)/Homer","GHCACGTG","1e-4","-1.035e+01","0.0011","61.0","10.80","3079.6","6.27","1.72248803827751","0.236156214656233","0.944624858624933","13","CLOCK"
"COUP-TFII(NR)/K562-NR2F1-ChIP-Seq(Encode)/Homer","GKBCARAGGTCA","1e-4","-9.314e+00","0.0028","108.0","19.12","6576.8","13.40","1.42686567164179","0.154383089575274","0.617532358301094","60","NR2F2(NR)"
"RUNX2(Runt)/PCa-RUNX2-ChIP-Seq(GSE33889)/Homer","NWAACCACADNN","1e-3","-8.758e+00","0.0045","73.0","12.92","4104.4","8.36","1.54545454545455","0.189056236220049","0.567168708660147","43","RUNX2"
"ETS(ETS)/Promoter/Homer","AACCGGAAGT","1e-3","-8.622e+00","0.0048","39.0","6.90","1811.7","3.69","1.86991869918699","0.271822724578195","0.815468173734585","24","ETS1"
"Jun-AP1(bZIP)/K562-cJun-ChIP-Seq(GSE31477)/Homer","GATGASTCATCN","1e-3","-8.536e+00","0.0049","24.0","4.25","909.2","1.85","2.2972972972973","0.361217201647298","1.08365160494189","17","JUN"
"Foxo1(Forkhead)/RAW-Foxo1-ChIP-Seq(Fan_et_al.)/Homer","CTGTTTAC","1e-3","-8.090e+00","0.0073","159.0","28.14","10762.9","21.93","1.28317373461012","0.108285461421204","0.324856384263612","94","FOXO1"
"Sox2(HMG)/mES-Sox2-ChIP-Seq(GSE11431)/Homer","BCCATTGTTC","1e-3","-8.029e+00","0.0073","67.0","11.86","3779.8","7.70","1.54025974025974","0.187593963855762","0.562781891567286","74","SOX2"
"Foxo3(Forkhead)/U2OS-Foxo3-ChIP-Seq(E-MTAB-2701)/Homer","DGTAAACA","1e-3","-7.951e+00","0.0075","81.0","14.34","4801.4","9.78","1.46625766871166","0.16621029654418","0.498630889632539","30","FOXO3"
"FOXK1(Forkhead)/HEK293-FOXK1-ChIP-Seq(GSE51673)/Homer","NVWTGTTTAC","1e-3","-7.947e+00","0.0075","103.0","18.23","6439.2","13.12","1.38948170731707","0.142852833615335","0.428558500846005","30","FOXK1"
"Bach2(bZIP)/OCILy7-Bach2-ChIP-Seq(GSE44420)/Homer","TGCTGAGTCA","1e-3","-7.597e+00","0.0098","21.0","3.72","798.4","1.63","2.28220858895706","0.35835533547794","1.07506600643382","17","BACH2"
"MNT(bHLH)/HepG2-MNT-ChIP-Seq(Encode)/Homer","DGCACACGTG","1e-3","-7.594e+00","0.0098","83.0","14.69","5006.0","10.20","1.44019607843137","0.158421624028339","0.475264872085017","144","MNT"
"n-Myc(bHLH)/mES-nMyc-ChIP-Seq(GSE11431)/Homer","VRCCACGTGG","1e-3","-7.458e+00","0.0103","58.0","10.27","3221.9","6.56","1.5655487804878","0.194666604221618","0.583999812664854","13","MYCN"
"Six1(Homeobox)/Myoblast-Six1-ChIP-Chip(GSE20150)/Homer","GKVTCADRTTWC","1e-3","-7.217e+00","0.0126","25.0","4.42","1059.6","2.16","2.0462962962963","0.310968518198161","0.932905554594483","65","SIX1"
"PBX2(Homeobox)/K562-PBX2-ChIP-Seq(Encode)/Homer","RTGATTKATRGN","1e-3","-7.210e+00","0.0126","69.0","12.21","4043.3","8.24","1.48179611650485","0.170788452247767","0.5123653567433","10","PBX2"
"NFkB-p65-Rel(RHD)/ThioMac-LPS-Expression(GSE23622)/Homer","GGAAATTCCC","1e-3","-7.171e+00","0.0126","8.0","1.42","165.9","0.34","4.17647058823529","0.620809427340801","1.8624282820224","53","NFKB1_RELA"
"E-box(bHLH)/Promoter/Homer","SSGGTCACGTGA","1e-2","-6.738e+00","0.0181","15.0","2.65","516.8","1.05","2.52380952380952","0.40205657486687","0.804113149733739","13","EBOX_promoter"
"THRb(NR)/HepG2-THRb.Flag-ChIP-Seq(Encode)/Homer","GGTCACCTGAGGTCA","1e-2","-6.607e+00","0.0199","45.0","7.96","2427.0","4.94","1.61133603238866","0.207186118814022","0.414372237628044","82","THRB(NR)"
"KLF3(Zf)/MEF-Klf3-ChIP-Seq(GSE44748)/Homer","NRGCCCCRCCCHBNN","1e-2","-6.582e+00","0.0199","38.0","6.73","1952.8","3.98","1.69095477386935","0.228131992150289","0.456263984300578","35","KLF3"
"FOXK2(Forkhead)/U2OS-FOXK2-ChIP-Seq(E-MTAB-2204)/Homer","SCHTGTTTACAT","1e-2","-6.296e+00","0.0255","67.0","11.86","4044.7","8.24","1.43932038834951","0.158157477331128","0.316314954662256","30","FOXK2"
"RAR:RXR(NR) DR5/ES-RAR-ChIP-Seq(GSE56893)/Homer","RGGTCADNNAGAGGTCAV","1e-2","-6.289e+00","0.0255","7.0","1.24","148.1","0.30","4.13333333333333","0.616300430442573","1.23260086088515","160","RAR_RXR(NR)"
"Meis1(Homeobox)/MastCells-Meis1-ChIP-Seq(GSE48085)/Homer","VGCTGWCAVB","1e-2","-6.168e+00","0.0272","140.0","24.78","9705.5","19.77","1.25341426403642","0.0980946327263724","0.196189265452745","174","MEIS1"
"BMAL1(bHLH)/Liver-Bmal1-ChIP-Seq(GSE39860)/Homer","GNCACGTG","1e-2","-6.094e+00","0.0284","142.0","25.13","9884.5","20.14","1.24776564051639","0.0961330223749768","0.192266044749953","13","ARNTL"
"Sp5(Zf)/mES-Sp5.Flag-ChIP-Seq(GSE72989)/Homer","RGKGGGCGGAGC","1e-2","-6.090e+00","0.0284","74.0","13.10","4599.1","9.37","1.39807897545358","0.145531704767986","0.291063409535972","35","SP5"
"Pdx1(Homeobox)/Islet-Pdx1-ChIP-Seq(SRA008281)/Homer","YCATYAATCA","1e-2","-6.008e+00","0.0292","74.0","13.10","4614.2","9.40","1.3936170212766","0.144143442056066","0.288286884112131","10","PDX1"
"USF1(bHLH)/GM12878-Usf1-ChIP-Seq(GSE32465)/Homer","SGTCACGTGR","1e-2","-5.994e+00","0.0292","44.0","7.79","2436.1","4.96","1.57056451612903","0.196055781182367","0.392111562364734","13","USF1"
"bHLHE41(bHLH)/proB-Bhlhe41-ChIP-Seq(GSE93764)/Homer","KCACGTGMCN","1e-2","-5.976e+00","0.0292","101.0","17.88","6679.2","13.61","1.31373989713446","0.118509389256564","0.237018778513128","13","bHLHE41"
"Sp1(Zf)/Promoter/Homer","GGCCCCGCCCCC","1e-2","-5.920e+00","0.0295","21.0","3.72","917.2","1.87","1.98930481283422","0.298701333345398","0.597402666690797","35","SP1"
"Zic3(Zf)/mES-Zic3-ChIP-Seq(GSE37889)/Homer","GGCCYCCTGCTGDGH","1e-2","-5.898e+00","0.0295","52.0","9.20","3017.5","6.15","1.49593495934959","0.174912711570138","0.349825423140277","12","ZIC3"
"Sox6(HMG)/Myotubes-Sox6-ChIP-Seq(GSE32627)/Homer","CCATTGTTNY","1e-2","-5.770e+00","0.0326","109.0","19.29","7349.4","14.97","1.28857715430862","0.110110427300832","0.220220854601664","73","SOX6"
"Tgif1(Homeobox)/mES-Tgif1-ChIP-Seq(GSE55404)/Homer","YTGWCADY","1e-2","-5.735e+00","0.0329","226.0","40.00","16893.5","34.42","1.16211504938989","0.0652491253364209","0.130498250672842","94","TGIF1"
"THRb(NR)/Liver-NR1A2-ChIP-Seq(GSE52613)/Homer","TRAGGTCA","1e-2","-5.720e+00","0.0329","242.0","42.83","18247.2","37.17","1.15227333871402","0.0615555133008434","0.123111026601687","61","THRB(NR)"
"Maz(Zf)/HepG2-Maz-ChIP-Seq(GSE31477)/Homer","GGGGGGGG","1e-2","-5.687e+00","0.0330","85.0","15.04","5509.1","11.22","1.34046345811052","0.127254979335481","0.254509958670961","102","MAZ"
"KLF14(Zf)/HEK293-KLF14.GFP-ChIP-Seq(GSE58341)/Homer","RGKGGGCGKGGC","1e-2","-5.664e+00","0.0330","111.0","19.65","7531.5","15.34","1.28096479791395","0.107537195098483","0.215074390196967","35","KLF14"
"NFIL3(bZIP)/HepG2-NFIL3-ChIP-Seq(Encode)/Homer","VTTACGTAAYNNNNN","1e-2","-5.636e+00","0.0332","54.0","9.56","3202.4","6.52","1.46625766871166","0.16621029654418","0.33242059308836","127","NFIL3"
"WT1(Zf)/Kidney-WT1-ChIP-Seq(GSE90016)/Homer","MCTCCCMCRCAB","1e-2","-5.460e+00","0.0387","52.0","9.20","3085.1","6.28","1.46496815286624","0.165828183608359","0.331656367216718","19","WT1"
"NF-E2(bZIP)/K562-NFE2-ChIP-Seq(GSE31477)/Homer","GATGACTCAGCA","1e-2","-5.410e+00","0.0399","8.0","1.42","220.5","0.45","3.15555555555556","0.499075830607713","0.998151661215425","17","NFE2"
"Fra2(bZIP)/Striatum-Fra2-ChIP-Seq(GSE43429)/Homer","GGATGACTCATC","1e-2","-5.407e+00","0.0399","38.0","6.73","2095.7","4.27","1.57611241217799","0.197587189198953","0.395174378397906","17","FOSL2"
"FOXM1(Forkhead)/MCF7-FOXM1-ChIP-Seq(GSE72977)/Homer","TRTTTACTTW","1e-2","-5.365e+00","0.0400","75.0","13.27","4813.2","9.81","1.35270132517839","0.131201915484487","0.262403830968974","30","FOXM1"
"Fosl2(bZIP)/3T3L1-Fosl2-ChIP-Seq(GSE56872)/Homer","NATGASTCABNN","1e-2","-5.363e+00","0.0400","28.0","4.96","1418.1","2.89","1.71626297577855","0.23458383373365","0.469167667467299","17","FOSL2"
"HOXA2(Homeobox)/mES-Hoxa2-ChIP-Seq(Donaldson_et_al.)/Homer","GYCATCMATCAT","1e-2","-5.292e+00","0.0414","14.0","2.48","545.3","1.11","2.23423423423423","0.349128702039559","0.698257404079117","10","HOXA2"
"RUNX-AML(Runt)/CD4+-PolII-ChIP-Seq(Barski_et_al.)/Homer","GCTGTGGTTW","1e-2","-5.150e+00","0.0468","59.0","10.44","3652.3","7.44","1.40322580645161","0.147127563120365","0.294255126240729","41","RUNX1"
"Sp2(Zf)/HEK293-Sp2.eGFP-ChIP-Seq(Encode)/Homer","YGGCCCCGCCCC","1e-2","-5.046e+00","0.0510","90.0","15.93","6035.9","12.30","1.29512195121951","0.112310664361733","0.224621328723467","35","SP2"
"Six2(Homeobox)/NephronProgenitor-Six2-ChIP-Seq(GSE39837)/Homer","GWAAYHTGAKMC","1e-2","-5.006e+00","0.0521","65.0","11.50","4128.8","8.41","1.36741973840666","0.135901844555699","0.271803689111399","63","SIX2"
"TEAD1(TEAD)/HepG2-TEAD1-ChIP-Seq(Encode)/Homer","CYRCATTCCA","1e-2","-4.957e+00","0.0538","51.0","9.03","3096.0","6.31","1.4310618066561","0.155658391069371","0.311316782138743","28","TEAD1"
"Max(bHLH)/K562-Max-ChIP-Seq(GSE31477)/Homer","RCCACGTGGYYN","1e-2","-4.884e+00","0.0568","52.0","9.20","3181.9","6.48","1.41975308641975","0.152212821474962","0.304425642949924","13","MAX"
"Lhx3(Homeobox)/Neuron-Lhx3-ChIP-Seq(GSE31456)/Homer","ADBTAATTAR","1e-2","-4.860e+00","0.0572","114.0","20.18","7973.0","16.24","1.24261083743842","0.0943351369957352","0.18867027399147","43","LHX3"
"NFY(CCAAT)/Promoter/Homer","RGCCAATSRG","1e-2","-4.841e+00","0.0573","69.0","12.21","4464.8","9.10","1.34175824175824","0.127674271623789","0.255348543247578","166","NFYA"
"KLF10(Zf)/HEK293-KLF10.GFP-ChIP-Seq(GSE58341)/Homer","GGGGGTGTGTCC","1e-2","-4.831e+00","0.0573","82.0","14.51","5464.3","11.13","1.303683737646","0.115172248103028","0.230344496206055","70","KLF10"
"NPAS2(bHLH)/Liver-NPAS2-ChIP-Seq(GSE39860)/Homer","KCCACGTGAC","1e-2","-4.820e+00","0.0573","83.0","14.69","5544.8","11.30","1.3","0.113943352306837","0.227886704613673","101","NPAS2"
"GRE(NR) IR3/RAW264.7-GRE-ChIP-Seq(Unpublished)/Homer","VAGRACAKWCTGTYC","1e-2","-4.684e+00","0.0638","20.0","3.54","963.0","1.96","1.80612244897959","0.256747190669312","0.513494381338623","78","GRE(NR)"
"Sox3(HMG)/NPC-Sox3-ChIP-Seq(GSE33059)/Homer","CCWTTGTY","1e-1","-4.590e+00","0.0689","112.0","19.82","7886.9","16.07","1.23335407591786","0.091087773385912","0.091087773385912","74","SOX3"
"GRE(NR) IR3/A549-GR-ChIP-Seq(GSE32465)/Homer","NRGVACABNVTGTYCY","1e-1","-4.589e+00","0.0689","12.0","2.12","475.2","0.97","2.18556701030928","0.339564126662507","0.339564126662507","80","NR3C1_GRE(NR)"
"FOXA1(Forkhead)/LNCAP-FOXA1-ChIP-Seq(GSE27824)/Homer","WAAGTAAACA","1e-1","-4.539e+00","0.0704","86.0","15.22","5844.7","11.91","1.27791771620487","0.106502890951776","0.106502890951776","30","FOXA1"
"c-Myc(bHLH)/mES-cMyc-ChIP-Seq(GSE11431)/Homer","VVCCACGTGG","1e-1","-4.508e+00","0.0714","35.0","6.19","2008.5","4.09","1.51344743276284","0.179967341012776","0.179967341012776","13","MYC"
"Tgif2(Homeobox)/mES-Tgif2-ChIP-Seq(GSE55404)/Homer","TGTCANYT","1e-1","-4.402e+00","0.0783","232.0","41.06","17863.1","36.39","1.12833195932949","0.0524368894483377","0.0524368894483377","94","TGIF2"
"Sox4(HMG)/proB-Sox4-ChIP-Seq(GSE50066)/Homer","YCTTTGTTCC","1e-1","-4.371e+00","0.0795","60.0","10.62","3877.9","7.90","1.34430379746835","0.128497425455009","0.128497425455009","74","SOX4"
"Zic(Zf)/Cerebellum-ZIC1.2-ChIP-Seq(GSE60731)/Homer","CCTGCTGAGH","1e-1","-4.338e+00","0.0810","69.0","12.21","4572.9","9.32","1.31008583690987","0.117299751590901","0.117299751590901","12","ZIC1"
"Sox10(HMG)/SciaticNerve-Sox3-ChIP-Seq(GSE35132)/Homer","CCWTTGTYYB","1e-1","-4.258e+00","0.0865","104.0","18.41","7340.8","14.95","1.2314381270903","0.0904125958435662","0.0904125958435662","74","SOX10"
"Hoxb4(Homeobox)/ES-Hoxb4-ChIP-Seq(GSE34014)/Homer","TGATTRATGGCY","1e-1","-4.254e+00","0.0865","20.0","3.54","1005.6","2.05","1.72682926829268","0.237249400970034","0.237249400970034","10","HOXB4"
"Hoxa9(Homeobox)/ChickenMSG-Hoxa9.Flag-ChIP-Seq(GSE86088)/Homer","RGCAATNAAA","1e-1","-4.247e+00","0.0865","174.0","30.80","13052.3","26.59","1.15833019932305","0.0638323791688773","0.0638323791688773","32","HOXA9"
"FOXP1(Forkhead)/H9-FOXP1-ChIP-Seq(GSE31006)/Homer","NYYTGTTTACHN","1e-1","-4.208e+00","0.0872","48.0","8.50","3006.3","6.12","1.38888888888889","0.142667503568732","0.142667503568732","30","FOXP1"
"EBNA1(EBV-virus)/Raji-EBNA1-ChIP-Seq(GSE30709)/Homer","GGYAGCAYDTGCTDCCCNNN","1e-1","-4.200e+00","0.0872","2.0","0.35","16.1","0.03","11.6666666666667","1.06694678963061","1.06694678963061","151","EBNA1(EBV-virus)"
"Sox9(HMG)/Limb-SOX9-ChIP-Seq(GSE73225)/Homer","AGGVNCCTTTGT","1e-1","-4.164e+00","0.0887","52.0","9.20","3314.1","6.75","1.36296296296296","0.13448405451453","0.13448405451453","102","SOX9"
"TEAD3(TEA)/HepG2-TEAD3-ChIP-Seq(Encode)/Homer","TRCATTCCAG","1e-1","-4.126e+00","0.0910","56.0","9.91","3624.6","7.38","1.34281842818428","0.128017292662234","0.128017292662234","28","TEAD3"
"Tbx20(T-box)/Heart-Tbx20-ChIP-Seq(GSE29636)/Homer","GGTGYTGACAGS","1e-1","-4.120e+00","0.0910","25.0","4.42","1360.0","2.77","1.5956678700361","0.202942500284643","0.202942500284643","106","TBX20"
"SCL(bHLH)/HPC7-Scl-ChIP-Seq(GSE13511)/Homer","AVCAGCTG","1e-1","-4.093e+00","0.0916","359.0","63.54","28996.8","59.07","1.07567293042153","0.031680239633348","0.031680239633348","8","TAL1"
"Zac1(Zf)/Neuro2A-Plagl1-ChIP-Seq(GSE75942)/Homer","HAWGRGGCCM","1e-1","-4.082e+00","0.0916","131.0","23.19","9571.6","19.50","1.18923076923077","0.0752661372754694","0.0752661372754694","61","PLAGL1"
"RORgt(NR)/EL4-RORgt.Flag-ChIP-Seq(GSE56019)/Homer","AAYTAGGTCA","1e-1","-4.060e+00","0.0916","12.0","2.12","512.5","1.04","2.03846153846154","0.309302521629971","0.309302521629971","4","RORC(NR)"
"RORgt(NR)/EL4-RORgt.Flag-ChIP-Seq(GSE56019)/Homer","AAYTAGGTCA","1e-1","-4.060e+00","0.0916","12.0","2.12","512.5","1.04","2.03846153846154","0.309302521629971","0.309302521629971","4","RORC(NR)"
"Nur77(NR)/K562-NR4A1-ChIP-Seq(GSE31363)/Homer","TGACCTTTNCNT","1e-1","-4.030e+00","0.0928","20.0","3.54","1029.7","2.10","1.68571428571429","0.226783967291869","0.226783967291868","69","NR4A1(NR)"
"BATF(bZIP)/Th17-BATF-ChIP-Seq(GSE39756)/Homer","DATGASTCAT","1e-1","-3.996e+00","0.0948","43.0","7.61","2673.3","5.45","1.39633027522936","0.14498815449393","0.14498815449393","17","BATF"
"Sox17(HMG)/Endoderm-Sox17-ChIP-Seq(GSE61475)/Homer","CCATTGTTYB","1e-1","-3.974e+00","0.0958","43.0","7.61","2677.5","5.45","1.39633027522936","0.14498815449393","0.14498815449393","73","SOX17"
"Six4(Homeobox)/MCF7-SIX4-ChIP-Seq(Encode)/Homer","TGWAAYCTGABACCB","1e-1","-3.951e+00","0.0969","7.0","1.24","232.3","0.47","2.63829787234043","0.421323827226518","0.421323827226518","64","SIX4"
"c-Myc(bHLH)/LNCAP-cMyc-ChIP-Seq(Unpublished)/Homer","VCCACGTG","1e-1","-3.940e+00","0.0969","42.0","7.43","2609.7","5.32","1.39661654135338","0.145077181465527","0.145077181465527","13","MYC"
"ZNF675(Zf)/HEK293-ZNF675.GFP-ChIP-Seq(GSE58341)/Homer","ARGAGGMCAAAATGW","1e-1","-3.939e+00","0.0969","13.0","2.30","583.9","1.19","1.9327731092437","0.286180874625062","0.286180874625062","38","ZNF675"
"AMYB(HTH)/Testes-AMYB-ChIP-Seq(GSE44588)/Homer","TGGCAGTTGG","1e-1","-3.932e+00","0.0969","118.0","20.88","8563.9","17.45","1.19656160458453","0.0779350630350259","0.0779350630350259","21","MYBL1"
"HOXA1(Homeobox)/mES-Hoxa1-ChIP-Seq(SRP084292)/Homer","TGATKGATGR","1e-1","-3.878e+00","0.0995","25.0","4.42","1390.2","2.83","1.56183745583039","0.193635833824802","0.193635833824802","10","HOXA1"
"OCT:OCT(POU Homeobox)/NPC-OCT6-ChIP-Seq(GSE43916)/Homer","YATGCATATRCATRT","1e-1","-3.809e+00","0.1054","7.0","1.24","239.4","0.49","2.53061224489796","0.403225605133721","0.403225605133721","171","OCT6(POU3F1)"
"FoxD3(forkhead)/ZebrafishEmbryo-Foxd3.biotin-ChIP-seq(GSE106676)/Homer","TGTTTAYTTAGC","1e-1","-3.736e+00","0.1122","68.0","12.04","4636.2","9.44","1.27542372881356","0.105654492623737","0.105654492623737","30","FOXD3"
"MITF(bHLH)/MastCells-MITF-ChIP-Seq(GSE48085)/Homer","RTCATGTGAC","1e-1","-3.727e+00","0.1122","64.0","11.33","4327.0","8.82","1.28458049886621","0.108761324731577","0.108761324731577","139","MITF"
"Foxf1(Forkhead)/Lung-Foxf1-ChIP-Seq(GSE77951)/Homer","WWATRTAAACAN","1e-1","-3.708e+00","0.1129","76.0","13.45","5270.6","10.74","1.25232774674115","0.0977180029748899","0.0977180029748899","30","FOXF1"
"Fra1(bZIP)/BT549-Fra1-ChIP-Seq(GSE46166)/Homer","NNATGASTCATH","1e-1","-3.698e+00","0.1129","37.0","6.55","2282.1","4.65","1.40860215053763","0.148788347101829","0.148788347101829","17","FOSL1"
"RUNX(Runt)/HPC7-Runx1-ChIP-Seq(GSE22178)/Homer","SAAACCACAG","1e-1","-3.615e+00","0.1213","59.0","10.44","3966.7","8.08","1.29207920792079","0.111289137891657","0.111289137891657","42","RUNX1"
"Bcl11a(Zf)/HSPC-BCL11A-ChIP-Seq(GSE104676)/Homer","TYTGACCASWRG","1e-1","-3.598e+00","0.1221","59.0","10.44","3970.5","8.09","1.29048207663782","0.110751977053971","0.110751977053971","130","BCL11A"
"RORg(NR)/Liver-Rorc-ChIP-Seq(GSE101115)/Homer","WAABTAGGTCAV","1e-1","-3.565e+00","0.1249","9.0","1.59","367.2","0.75","2.12","0.326335860928751","0.326335860928751","4","RORG(NR)"
"Erra(NR)/HepG2-Erra-ChIP-Seq(GSE31477)/Homer","CAAAGGTCAG","1e-1","-3.490e+00","0.1333","125.0","22.12","9280.3","18.91","1.16975145425701","0.0680935937876209","0.0680935937876209","170","ESRRA(NR)"
"Rbpj1(?)/Panc1-Rbpj1-ChIP-Seq(GSE47459)/Homer","HTTTCCCASG","1e-1","-3.481e+00","0.1333","69.0","12.21","4779.3","9.74","1.25359342915811","0.098156707066267","0.098156707066267","113","RBPJ"
"NPAS(bHLH)/Liver-NPAS-ChIP-Seq(GSE39860)/Homer","NVCACGTG","1e-1","-3.477e+00","0.1333","122.0","21.59","9039.5","18.42","1.17209554831705","0.0689630164734006","0.0689630164734006","13","NPAS2"
"ZNF467(Zf)/HEK293-ZNF467.GFP-ChIP-Seq(GSE58341)/Homer","TGGGGAAGGGCM","1e-1","-3.445e+00","0.1351","46.0","8.14","3006.6","6.12","1.33006535947712","0.12387298274364","0.12387298274364","139","ZNF467"
"Phox2a(Homeobox)/Neuron-Phox2a-ChIP-Seq(GSE31456)/Homer","YTAATYNRATTA","1e-1","-3.408e+00","0.1390","24.0","4.25","1384.9","2.82","1.50709219858156","0.17813982173095","0.17813982173095","59","PHOX2A"
"ZNF416(Zf)/HEK293-ZNF416.GFP-ChIP-Seq(GSE58341)/Homer","WDNCTGGGCA","1e-1","-3.359e+00","0.1445","53.0","9.38","3562.9","7.26","1.29201101928375","0.111266217678971","0.111266217678971","41","ZNF416"
"bHLHE40(bHLH)/HepG2-BHLHE40-ChIP-Seq(GSE31477)/Homer","KCACGTGMCN","1e-1","-3.339e+00","0.1459","31.0","5.49","1902.3","3.88","1.41494845360825","0.150740618855885","0.150740618855885","13","BHLHE40"
"ZNF711(Zf)/SHSY5Y-ZNF711-ChIP-Seq(GSE20673)/Homer","AGGCCTAG","1e-1","-3.296e+00","0.1510","79.0","13.98","5622.1","11.45","1.22096069868996","0.0867016847337558","0.0867016847337558","85","ZNF711"
"Nrf2(bZIP)/Lymphoblast-Nrf2-ChIP-Seq(GSE37589)/Homer","HTGCTGAGTCAT","1e-1","-3.283e+00","0.1515","5.0","0.88","158.5","0.32","2.75","0.439332693830263","0.439332693830262","17","NFE2L2"
"Klf9(Zf)/GBM-Klf9-ChIP-Seq(GSE62211)/Homer","GCCACRCCCACY","1e-1","-3.275e+00","0.1515","29.0","5.13","1766.3","3.60","1.425","0.153814864344529","0.153814864344529","35","KLF9"
"Atf3(bZIP)/GBM-ATF3-ChIP-Seq(GSE33912)/Homer","DATGASTCATHN","1e-1","-3.234e+00","0.1561","42.0","7.43","2746.9","5.60","1.32678571428571","0.122800786754375","0.122800786754375","17","ATF3"
"RUNX1(Runt)/Jurkat-RUNX1-ChIP-Seq(GSE29180)/Homer","AAACCACARM","1e-1","-3.125e+00","0.1726","77.0","13.63","5513.2","11.23","1.21371326803206","0.0841160995732158","0.0841160995732158","43","RUNX1"
"ZNF528(Zf)/HEK293-ZNF528.GFP-ChIP-Seq(GSE58341)/Homer","AGAAATGACTTCCCT","1e-1","-3.101e+00","0.1751","1.0","0.18","4.9","0.01","18","1.25527250510331","1.25527250510331","62","ZNF528"
"Tcf7(HMG)/GM12878-TCF7-ChIP-Seq(Encode)/Homer","CTTTGATGTGSB","1e-1","-3.083e+00","0.1766","25.0","4.42","1505.1","3.07","1.43973941368078","0.158283893871905","0.158283893871905","93","TCF7"
"NF1(CTF)/LNCAP-NF1-ChIP-Seq(Unpublished)/Homer","CYTGGCABNSTGCCAR","1e-1","-3.061e+00","0.1789","18.0","3.19","1007.5","2.05","1.55609756097561","0.192036822001427","0.192036822001427","132","NFIB"
"FOXA1(Forkhead)/MCF7-FOXA1-ChIP-Seq(GSE26831)/Homer","WAAGTAAACA","1e-1","-3.059e+00","0.1789","67.0","11.86","4736.8","9.65","1.22901554404145","0.0895573756844512","0.0895573756844512","30","FOXA1"
"Elk4(ETS)/Hela-Elk4-ChIP-Seq(GSE31477)/Homer","NRYTTCCGGY","1e-1","-3.045e+00","0.1789","51.0","9.03","3482.8","7.10","1.27183098591549","0.104429401594431","0.10442940159443","24","ELK4"
"PBX1(Homeobox)/MCF7-PBX1-ChIP-Seq(GSE28007)/Homer","GSCTGTCACTCA","1e-1","-3.040e+00","0.1789","10.0","1.77","469.0","0.96","1.84375","0.265702033322238","0.265702033322238","119","PBX1"
"Tcf3(HMG)/mES-Tcf3-ChIP-Seq(GSE11724)/Homer","ASWTCAAAGG","1e-1","-3.038e+00","0.1789","18.0","3.19","1010.1","2.06","1.54854368932039","0.189923462688028","0.189923462688028","92","TCF7L1"
"Unknown-ESC-element(?)/mES-Nanog-ChIP-Seq(GSE11724)/Homer","CACAGCAGGGGG","1e-1","-3.018e+00","0.1789","49.0","8.67","3333.2","6.79","1.27687776141384","0.106149323195709","0.106149323195709","12","Novel_ESC_element"
"JunB(bZIP)/DendriticCells-Junb-ChIP-Seq(GSE36099)/Homer","RATGASTCAT","1e-1","-2.970e+00","0.1861","36.0","6.37","2345.7","4.78","1.3326359832636","0.124711535723232","0.124711535723232","17","JunB"
"HLF(bZIP)/HSC-HLF.Flag-ChIP-Seq(GSE69817)/Homer","RTTATGYAAB","1e-1","-2.956e+00","0.1872","50.0","8.85","3426.4","6.98","1.26790830945559","0.103087848074664","0.103087848074664","128","HLF"
"Barx1(Homeobox)/Stomach-Barx1.3xFlag-ChIP-Seq(GSE69483)/Homer","AAACMATTAN","1e-1","-2.954e+00","0.1872","32.0","5.66","2046.1","4.17","1.35731414868106","0.132680376214514","0.132680376214514","25","BARX1"
"MafK(bZIP)/C2C12-MafK-ChIP-Seq(GSE36030)/Homer","GCTGASTCAGCA","1e-1","-2.943e+00","0.1872","20.0","3.54","1165.5","2.37","1.49367088607595","0.174254916015684","0.174254916015684","17","MAFK"
"TEAD4(TEA)/Tropoblast-Tead4-ChIP-Seq(GSE37350)/Homer","CCWGGAATGY","1e-1","-2.854e+00","0.2022","43.0","7.61","2907.3","5.92","1.28547297297297","0.109062950047653","0.109062950047653","28","TEAD4"
"AP-1(bZIP)/ThioMac-PU.1-ChIP-Seq(GSE21512)/Homer","VTGACTCATC","1e-1","-2.815e+00","0.2084","47.0","8.32","3227.9","6.58","1.2644376899696","0.101897432676768","0.101897432676768","17","FOS"
"ZNF7(Zf)/HepG2-ZNF7.Flag-ChIP-Seq(Encode)/Homer","CTGCCWVCTTTTRTA","1e-1","-2.796e+00","0.2107","32.0","5.66","2077.9","4.23","1.33806146572104","0.126476063813229","0.126476063813229","16","ZNF7"
"Lhx2(Homeobox)/HFSC-Lhx2-ChIP-Seq(GSE48068)/Homer","TAATTAGN","1e-1","-2.780e+00","0.2124","64.0","11.33","4578.7","9.33","1.21436227224009","0.0843482661168973","0.0843482661168973","44","LHX2"
"TEAD(TEA)/Fibroblast-PU.1-ChIP-Seq(Unpublished)/Homer","YCWGGAATGY","1e-1","-2.747e+00","0.2177","28.0","4.96","1785.4","3.64","1.36263736263736","0.134380292841141","0.134380292841141","27","TEAD2"
"Arnt:Ahr(bHLH)/MCF7-Arnt-ChIP-Seq(Lo_et_al.)/Homer","TBGCACGCAA","1e-1","-2.723e+00","0.2213","64.0","11.33","4595.2","9.36","1.21047008547009","0.0829540611252921","0.0829540611252921","77","ARNT(HIF1B)"
"RARa(NR)/K562-RARa-ChIP-Seq(Encode)/Homer","TTGAMCTTTG","1e-1","-2.717e+00","0.2213","166.0","29.38","12999.0","26.48","1.1095166163142","0.0451338106865754","0.0451338106865754","160","RARA(NR)"
"Reverb(NR) DR2/RAW-Reverba.biotin-ChIP-Seq(GSE45914)/Homer","GTRGGTCASTGGGTCA","1e-1","-2.715e+00","0.2213","9.0","1.59","433.3","0.88","1.80681818181818","0.256914452170283","0.256914452170283","140","NR1D1(NR)"
"Nanog(Homeobox)/mES-Nanog-ChIP-Seq(GSE11724)/Homer","RGCCATTAAC","1e-1","-2.678e+00","0.2261","267.0","47.26","21628.5","44.06","1.07262823422606","0.0304492244816014","0.0304492244816014","32","NANOG"
"ARE(NR)/LNCAP-AR-ChIP-Seq(GSE27824)/Homer","RGRACASNSTGTYCYB","1e-1","-2.660e+00","0.2285","16.0","2.83","919.8","1.87","1.51336898395722","0.179944828987791","0.179944828987791","79","AR(NR)"
"VDR(NR) DR3/GM10855-VDR+vitD-ChIP-Seq(GSE22484)/Homer","ARAGGTCANWGAGTTCANNN","1e-1","-2.653e+00","0.2285","16.0","2.83","920.7","1.88","1.50531914893617","0.17762858626061","0.17762858626061","142","VDR(NR)"
"TCFL2(HMG)/K562-TCF7L2-ChIP-Seq(GSE29196)/Homer","ACWTCAAAGG","1e-1","-2.645e+00","0.2285","7.0","1.24","311.2","0.63","1.96825396825397","0.294081135708653","0.294081135708653","91","TCFL2"
"IRF4(IRF)/GM12878-IRF4-ChIP-Seq(GSE32465)/Homer","ACTGAAACCA","1e-1","-2.629e+00","0.2304","30.0","5.31","1960.0","3.99","1.33082706766917","0.124121625394721","0.124121625394721","169","IRF4"
"Tbx21(T-box)/GM12878-TBX21-ChIP-Seq(Encode)/Homer","AGGTGTGAAA","1e-1","-2.613e+00","0.2325","77.0","13.63","5676.3","11.56","1.17906574394464","0.0715380217501633","0.0715380217501632","41","TBX21"
"IRF2(IRF)/Erythroblas-IRF2-ChIP-Seq(GSE36985)/Homer","GAAASYGAAASY","1e-1","-2.580e+00","0.2385","8.0","1.42","380.6","0.78","1.82051282051282","0.260193741692576","0.260193741692576","53","IRF2"
"Elk1(ETS)/Hela-Elk1-ChIP-Seq(GSE31477)/Homer","HACTTCCGGY","1e-1","-2.571e+00","0.2389","46.0","8.14","3211.1","6.54","1.24464831804281","0.095046656564934","0.095046656564934","24","ELK1"
"Bach1(bZIP)/K562-Bach1-ChIP-Seq(GSE31477)/Homer","AWWNTGCTGAGTCAT","1e-1","-2.564e+00","0.2389","6.0","1.06","255.9","0.52","2.03846153846154","0.309302521629971","0.309302521629971","17","BACH1"
"Nkx6.1(Homeobox)/Islet-Nkx6.1-ChIP-Seq(GSE40975)/Homer","GKTAATGR","1e-1","-2.559e+00","0.2389","161.0","28.50","12652.4","25.78","1.1055081458495","0.043561946991126","0.043561946991126","9","NKX6-1"
"FoxL2(Forkhead)/Ovary-FoxL2-ChIP-Seq(GSE60858)/Homer","WWTRTAAACAVG","1e-1","-2.434e+00","0.2681","65.0","11.50","4766.3","9.71","1.18434603501545","0.0734786104456068","0.0734786104456068","30","FOXL2"
"X-box(HTH)/NPC-H3K4me1-ChIP-Seq(GSE16256)/Homer","GGTTGCCATGGCAA","1e-1","-2.409e+00","0.2728","10.0","1.77","530.6","1.08","1.63888888888889","0.214549510874857","0.214549510874857","32","RFX2"
"Foxa3(Forkhead)/Liver-Foxa3-ChIP-Seq(GSE77670)/Homer","BSNTGTTTACWYWGN","1e-1","-2.397e+00","0.2743","25.0","4.42","1626.3","3.31","1.33534743202417","0.125594275573373","0.125594275573373","29","FOXA3"
"LEF1(HMG)/H1-LEF1-ChIP-Seq(GSE64758)/Homer","CCTTTGATST","1e-1","-2.376e+00","0.2782","41.0","7.26","2869.8","5.85","1.24102564102564","0.0937807546179133","0.0937807546179132","92","LEF1"
"Esrrb(NR)/mES-Esrrb-ChIP-Seq(GSE11431)/Homer","KTGACCTTGA","1e-1","-2.356e+00","0.2817","48.0","8.50","3428.2","6.98","1.21776504297994","0.0855635030911316","0.0855635030911316","154","ESRRB(NR)"
"PGR(NR)/EndoStromal-PGR-ChIP-Seq(GSE69539)/Homer","AAGAACATWHTGTTC","1e-1","-2.342e+00","0.2838","15.0","2.65","892.7","1.82","1.45604395604396","0.163174485951733","0.163174485951733","80","PGR(NR)"
"Fox:Ebox(Forkhead bHLH)/Panc1-Foxa2-ChIP-Seq(GSE47459)/Homer","NNNVCTGWGYAAACASN","1e-1","-2.317e+00","0.2890","66.0","11.68","4886.1","9.95","1.17386934673367","0.0696197620306553","0.0696197620306553","30","FOXA2"
"Pbx3(Homeobox)/GM12878-PBX3-ChIP-Seq(GSE32465)/Homer","SCTGTCAMTCAN","1e0","-2.299e+00","0.2923","19.0","3.36","1193.6","2.43","1.38271604938272","0.140733003791532","0","119","PBX3"
"ELF1(ETS)/Jurkat-ELF1-ChIP-Seq(SRA014231)/Homer","AVCCGGAAGT","1e0","-2.276e+00","0.2969","38.0","6.73","2659.8","5.42","1.24169741697417","0.09401577768559","0","24","ELF1"
"Sox15(HMG)/CPA-Sox15-ChIP-Seq(GSE62909)/Homer","RAACAATGGN","1e0","-2.262e+00","0.2990","60.0","10.62","4419.1","9.00","1.18","0.0718820073061253","0","74","SOX15"
"THRa(NR)/C17.2-THRa-ChIP-Seq(GSE38347)/Homer","GGTCANYTGAGGWCA","1e0","-2.196e+00","0.3173","24.0","4.25","1590.6","3.24","1.31172839506173","0.117843919843699","0","82","THRA(NR)"
"NFkB-p65(RHD)/GM12787-p65-ChIP-Seq(GSE19485)/Homer","WGGGGATTTCCC","1e0","-2.180e+00","0.3203","25.0","4.42","1670.5","3.40","1.3","0.113943352306837","0","53","NFKB1_RELA"
"HIF-1b(HLH)/T47D-HIF1b-ChIP-Seq(GSE59937)/Homer","RTACGTGC","1e0","-2.176e+00","0.3203","109.0","19.29","8479.4","17.27","1.11696583671106","0.0480398900764257","0","80","ARNT(HIF1B)"
"ZNF519(Zf)/HEK293-ZNF519.GFP-ChIP-Seq(GSE58341)/Homer","GAGSCCGAGC","1e0","-2.137e+00","0.3300","12.0","2.12","704.9","1.44","1.47222222222222","0.167973368833502","0","143","ZNF519"
"Hoxd11(Homeobox)/ChickenMSG-Hoxd11.Flag-ChIP-Seq(GSE86088)/Homer","VGCCATAAAA","1e0","-2.118e+00","0.3344","148.0","26.19","11777.9","23.99","1.0917048770321","0.0381052504574015","0","31","HOXD11"
"HOXB13(Homeobox)/ProstateTumor-HOXB13-ChIP-Seq(GSE56288)/Homer","TTTTATKRGG","1e0","-2.112e+00","0.3344","68.0","12.04","5122.2","10.43","1.15436241610738","0.0623421784952748","0","32","HOXB13"
"PRDM9(Zf)/Testis-DMC1-ChIP-Seq(GSE35498)/Homer","ADGGYAGYAGCATCT","1e0","-2.104e+00","0.3345","33.0","5.84","2310.1","4.71","1.23991507430998","0.0933919399835033","0","167","PRDM9"
"ZNF669(Zf)/HEK293-ZNF669.GFP-ChIP-Seq(GSE58341)/Homer","GARTGGTCATCGCCC","1e0","-2.099e+00","0.3345","6.0","1.06","291.3","0.59","1.79661016949153","0.254453853622626","0","74","ZNF669"
"GLIS3(Zf)/Thyroid-Glis3.GFP-ChIP-Seq(GSE103297)/Homer","CTCCCTGGGAGGCCN","1e0","-2.086e+00","0.3364","73.0","12.92","5541.7","11.29","1.14437555358725","0.0585685717340975","0","14","GLIS3"
"Foxa2(Forkhead)/Liver-Foxa2-ChIP-Seq(GSE25694)/Homer","CYTGTTTACWYW","1e0","-2.065e+00","0.3414","57.0","10.09","4244.0","8.65","1.16647398843931","0.0668750587720963","0","30","FOXA2"
"KLF6(Zf)/PDAC-KLF6-ChIP-Seq(GSE64557)/Homer","MKGGGYGTGGCC","1e0","-2.047e+00","0.3455","54.0","9.56","4006.4","8.16","1.17156862745098","0.0687677335222389","0","35","KLF6"
"IRF:BATF(IRF:bZIP)/pDC-Irf8-ChIP-Seq(GSE66899)/Homer","CTTTCANTATGACTV","1e0","-2.026e+00","0.3507","7.0","1.24","365.5","0.74","1.67567567567568","0.224189965431259","0","25","BATF3_IRF8"
"Srebp1a(bHLH)/HepG2-Srebp1a-ChIP-Seq(GSE31477)/Homer","RTCACSCCAY","1e0","-2.012e+00","0.3534","14.0","2.48","869.4","1.77","1.40112994350282","0.14647841446441","0","67","SREBF1"
"ZNF692(Zf)/HEK293-ZNF692.GFP-ChIP-Seq(GSE58341)/Homer","GTGGGCCCCA","1e0","-2.010e+00","0.3534","5.0","0.88","234.0","0.48","1.83333333333333","0.263241434774581","0","84","ZNF692"
"ETS:RUNX(ETS Runt)/Jurkat-RUNX1-ChIP-Seq(GSE17954)/Homer","RCAGGATGTGGT","1e0","-2.009e+00","0.3534","6.0","1.06","299.1","0.61","1.73770491803279","0.239976030254003","0","116","RUNX1"
"RAR:RXR(NR) DR5/ES-RAR-ChIP-Seq(GSE56893)/Homer","AGGTCAAGGTCA","1e0","-1.998e+00","0.3534","6.0","1.06","300.7","0.61","1.73770491803279","0.239976030254003","0","160","RAR_RXR(NR)"
"LXRE(NR) DR4/RAW-LXRb.biotin-ChIP-Seq(GSE21512)/Homer","RGGTTACTANAGGTCA","1e0","-1.944e+00","0.3689","4.0","0.71","174.1","0.35","2.02857142857143","0.3071903043688","0","83","NR1H2(NR)"
"TATA-Box(TBP)/Promoter/Homer","CCTTTTAWAGSC","1e0","-1.916e+00","0.3772","75.0","13.27","5774.9","11.76","1.12840136054422","0.0524636011243158","0","164","TBP"
"IRF1(IRF)/PBMC-IRF1-ChIP-Seq(GSE43036)/Homer","GAAAGTGAAAGT","1e0","-1.893e+00","0.3836","8.0","1.42","449.7","0.92","1.54347826086956","0.188500517037501","0","53","IRF1"
"EWS:ERG-fusion(ETS)/CADO_ES1-EWS:ERG-ChIP-Seq(SRA014231)/Homer","ATTTCCTGTN","1e0","-1.889e+00","0.3836","46.0","8.14","3411.0","6.95","1.17122302158273","0.0686396002990874","0","24","EWSR1_ERG_fusion"
"Egr1(Zf)/K562-Egr1-ChIP-Seq(GSE32465)/Homer","TGCGTGGGYG","1e0","-1.860e+00","0.3921","47.0","8.32","3502.2","7.13","1.16690042075736","0.0670337964388584","0","19","EGR1"
"MafB(bZIP)/BMM-Mafb-ChIP-Seq(GSE75722)/Homer","WNTGCTGASTCAGCANWTTY","1e0","-1.850e+00","0.3937","28.0","4.96","1981.6","4.04","1.22772277227723","0.0891003113795925","0","17","MAFB"
"Tcfcp2l1(CP2)/mES-Tcfcp2l1-ChIP-Seq(GSE11431)/Homer","NRAACCRGTTYRAACCRGYT","1e0","-1.843e+00","0.3941","14.0","2.48","897.4","1.83","1.3551912568306","0.132000591095787","0","1","TFCP2L1"
"KLF5(Zf)/LoVo-KLF5-ChIP-Seq(GSE49402)/Homer","DGGGYGKGGC","1e0","-1.839e+00","0.3941","69.0","12.21","5311.9","10.82","1.12846580406654","0.0524884031743318","0","34","KLF5"
"LXH9(Homeobox)/Hct116-LXH9.V5-ChIP-Seq(GSE116822)/Homer","NGCTAATTAG","1e0","-1.835e+00","0.3941","85.0","15.04","6638.2","13.52","1.11242603550296","0.0462711446500063","0","44","LXH9"
"p53(p53)/Saos-p53-ChIP-Seq/Homer","RRCATGYCYRGRCATGYYYN","1e0","-1.809e+00","0.3985","7.0","1.24","388.3","0.79","1.56962025316456","0.195794593871794","0","1","TP53"
"p53(p53)/Saos-p53-ChIP-Seq(GSE15780)/Homer","RRCATGYCYRGRCATGYYYN","1e0","-1.809e+00","0.3985","7.0","1.24","388.3","0.79","1.56962025316456","0.195794593871794","0","1","TP53"
"Smad3(MAD)/NPC-Smad3-ChIP-Seq(GSE36673)/Homer","TWGTCTGV","1e0","-1.784e+00","0.4062","182.0","32.21","14856.0","30.26","1.06444150693985","0.0271218011325234","0","135","SMAD3"
"p73(p53)/Trachea-p73-ChIP-Seq(PRJNA310161)/Homer","NRRRCAWGTCCDGRCATGYY","1e0","-1.779e+00","0.4062","4.0","0.71","186.9","0.38","1.86842105263158","0.271474752102265","0","1","TP73"
"Egr2(Zf)/Thymocytes-Egr2-ChIP-Seq(GSE34254)/Homer","NGCGTGGGCGGR","1e0","-1.764e+00","0.4098","11.0","1.95","685.1","1.40","1.39285714285714","0.14390657568428","0","19","EGR2"
"Mef2d(MADS)/Retina-Mef2d-ChIP-Seq(GSE61391)/Homer","GCTATTTTTAGC","1e0","-1.744e+00","0.4155","11.0","1.95","688.1","1.40","1.39285714285714","0.14390657568428","0","44","MEF2D"
"RARg(NR)/ES-RARg-ChIP-Seq(GSE30538)/Homer","AGGTCAAGGTCA","1e0","-1.733e+00","0.4179","2.0","0.35","66.8","0.14","2.5","0.397940008672037","0","117","RARG(NR)"
"Tbox:Smad(T-box MAD)/ESCd5-Smad2_3-ChIP-Seq(GSE29422)/Homer","AGGTGHCAGACA","1e0","-1.713e+00","0.4239","14.0","2.48","920.4","1.88","1.31914893617021","0.120293831562536","0","172","SMAD2_SMAD3(T-box)"
"ERRg(NR)/Kidney-ESRRG-ChIP-Seq(GSE104905)/Homer","GTGACCTTGRVN","1e0","-1.709e+00","0.4239","52.0","9.20","3964.7","8.08","1.13861386138614","0.0563764665709691","0","155","ERRG(NR)"
"Hoxd10(Homeobox)/ChickenMSG-Hoxd10.Flag-ChIP-Seq(GSE86088)/Homer","GGCMATGAAA","1e0","-1.665e+00","0.4403","64.0","11.33","4971.1","10.13","1.11846001974334","0.0486204645031168","0","32","HOXD10"
"PAX6(Paired Homeobox)/Forebrain-Pax6-ChIP-Seq(GSE66961)/Homer","NGTGTTCAVTSAAGCGKAAA","1e0","-1.610e+00","0.4625","8.0","1.42","485.5","0.99","1.43434343434343","0.156653149785507","0","61","PAX6"
"RORa(NR)/Liver-Rora-ChIP-Seq(GSE101115)/Homer","AAWCTAGGTCARDNN","1e0","-1.595e+00","0.4668","8.0","1.42","487.9","0.99","1.43434343434343","0.156653149785507","0","4","RORA(NR)"
"ZFX(Zf)/mES-Zfx-ChIP-Seq(GSE11431)/Homer","AGGCCTRG","1e0","-1.563e+00","0.4795","50.0","8.85","3856.6","7.86","1.12595419847328","0.0515207246584175","0","84","ZFX"
"CEBP(bZIP)/ThioMac-CEBPb-ChIP-Seq(GSE21512)/Homer","ATTGCGCAAC","1e0","-1.560e+00","0.4795","36.0","6.37","2709.0","5.52","1.15398550724638","0.0622003546061516","0","165","CEBPB"
"IRF3(IRF)/BMDM-Irf3-ChIP-Seq(GSE67343)/Homer","AGTTTCAKTTTC","1e0","-1.532e+00","0.4894","15.0","2.65","1033.5","2.11","1.25592417061611","0.0989634186391152","0","53","IRF3"
"NRF1(NRF)/MCF7-NRF1-ChIP-Seq(Unpublished)/Homer","CTGCGCATGCGC","1e0","-1.500e+00","0.5027","7.0","1.24","426.3","0.87","1.42528735632184","0.153902432543617","0","7","NRF1"
"Rfx5(HTH)/GM12878-Rfx5-ChIP-Seq(GSE31477)/Homer","SCCTAGCAACAG","1e0","-1.489e+00","0.5054","18.0","3.19","1279.6","2.61","1.22222222222222","0.0871501757189002","0","46","RFX5"
"Bapx1(Homeobox)/VertebralCol-Bapx1-ChIP-Seq(GSE36672)/Homer","TTRAGTGSYK","1e0","-1.487e+00","0.5054","121.0","21.42","9851.1","20.07","1.06726457399103","0.0282720940083513","0","11","NKX3-2"
"Lhx1(Homeobox)/EmbryoCarcinoma-Lhx1-ChIP-Seq(GSE70957)/Homer","NNYTAATTAR","1e0","-1.477e+00","0.5063","62.0","10.97","4888.8","9.96","1.10140562248996","0.0419472891510124","0","44","LHX1"
"GATA(Zf) IR4/iTreg-Gata3-ChIP-Seq(GSE20898)/Homer","NAGATWNBNATCTNN","1e0","-1.463e+00","0.5107","7.0","1.24","431.0","0.88","1.40909090909091","0.148939013012066","0","135","GATA3"
"TEAD2(TEA)/Py2T-Tead2-ChIP-Seq(GSE55709)/Homer","CCWGGAATGY","1e0","-1.441e+00","0.5193","22.0","3.89","1611.7","3.28","1.1859756097561","0.0740757576140287","0","28","TEAD2"
"MafA(bZIP)/Islet-MafA-ChIP-Seq(GSE30298)/Homer","TGCTGACTCA","1e0","-1.420e+00","0.5277","61.0","10.80","4831.2","9.84","1.09756097560976","0.0404286570556082","0","69","MAFA"
"Pit1(Homeobox)/GCrat-Pit1-ChIP-Seq(GSE58009)/Homer","ATGMATATDC","1e0","-1.397e+00","0.5371","42.0","7.43","3261.1","6.64","1.11897590361446","0.0488207343925578","0","3","PIT1(POU1F1)"
"Ets1-distal(ETS)/CD4+-PolII-ChIP-Seq(Barski_et_al.)/Homer","MACAGGAAGT","1e0","-1.391e+00","0.5380","23.0","4.07","1706.6","3.48","1.16954022988506","0.0680151652786391","0","24","ETS1"
"OCT:OCT(POU Homeobox)/NPC-Brn1-ChIP-Seq(GSE35496)/Homer","ATGAATATTCATGAG","1e0","-1.386e+00","0.5380","1.0","0.18","25.5","0.05","3.6","0.556302500767287","0","3","OCT4(POU5F1)"
"Nkx2.1(Homeobox)/LungAC-Nkx2.1-ChIP-Seq(GSE43252)/Homer","RSCACTYRAG","1e0","-1.373e+00","0.5422","163.0","28.85","13509.3","27.52","1.04832848837209","0.0204973879282766","0","11","NKX2-1"
"GABPA(ETS)/Jurkat-GABPa-ChIP-Seq(GSE17954)/Homer","RACCGGAAGT","1e0","-1.325e+00","0.5658","59.0","10.44","4709.5","9.59","1.08863399374348","0.0368818914955798","0","24","GABPA"
"OCT4-SOX2-TCF-NANOG(POU Homeobox HMG)/mES-Oct4-ChIP-Seq(GSE11431)/Homer","ATTTGCATAACAATG","1e0","-1.318e+00","0.5671","8.0","1.42","529.1","1.08","1.31481481481481","0.118864588896107","0","93","OCT4-SOX2-TCF-NANOG"
"EHF(ETS)/LoVo-EHF-ChIP-Seq(GSE49402)/Homer","AVCAGGAAGT","1e0","-1.298e+00","0.5758","81.0","14.34","6576.9","13.40","1.07014925373134","0.0294443529669737","0","48","EHF"
"Pknox1(Homeobox)/ES-Prep1-ChIP-Seq(GSE63282)/Homer","SCTGTCAVTCAV","1e0","-1.294e+00","0.5758","16.0","2.83","1167.1","2.38","1.1890756302521","0.0752094784677783","0","120","PKNOX1"
"MYB(HTH)/ERMYB-Myb-ChIPSeq(GSE22095)/Homer","GGCVGTTR","1e0","-1.284e+00","0.5782","123.0","21.77","10153.8","20.69","1.0521991300145","0.0220979383753597","0","21","MYB"
"SCRT1(Zf)/HEK293-SCRT1.eGFP-ChIP-Seq(Encode)/Homer","GCAACAGGTG","1e0","-1.256e+00","0.5918","26.0","4.60","1993.9","4.06","1.13300492610837","0.0542317981043799","0","110","SCRT1"
"PRDM15(Zf)/ESC-Prdm15-ChIP-Seq(GSE73694)/Homer","YCCDNTCCAGGTTTT","1e0","-1.237e+00","0.6004","57.0","10.09","4585.3","9.34","1.08029978586724","0.0335442900068171","0","125","PRDM15"
"BMYB(HTH)/Hela-BMYB-ChIP-Seq(GSE27030)/Homer","NHAACBGYYV","1e0","-1.225e+00","0.6044","118.0","20.88","9768.0","19.90","1.04924623115578","0.0208774179205179","0","21","MYBL2"
"Hoxa13(Homeobox)/ChickenMSG-Hoxa13.Flag-ChIP-Seq(GSE86088)/Homer","CYHATAAAAN","1e0","-1.218e+00","0.6059","145.0","25.66","12082.9","24.62","1.04224207961007","0.0179686034436122","0","32","HOXA13"
"T1ISRE(IRF)/ThioMac-Ifnb-Expression/Homer","ACTTTCGTTTCT","1e0","-1.203e+00","0.6118","1.0","0.18","31.4","0.06","3","0.477121254719662","0","49","SRF(SRE)"
"Zfp281(Zf)/ES-Zfp281-ChIP-Seq(GSE81042)/Homer","CCCCTCCCCCAC","1e0","-1.197e+00","0.6127","9.0","1.59","629.7","1.28","1.2421875","0.094187154672583","0","156","ZFP281"
"Duxbl(Homeobox)/NIH3T3-Duxbl.HA-ChIP-Seq(GSE119782)/Homer","TAAYCYAATCAA","1e0","-1.180e+00","0.6201","5.0","0.88","319.5","0.65","1.35384615384615","0.131569315507313","0","27","DUX4"
"Tbx5(T-box)/HL1-Tbx5.biotin-ChIP-Seq(GSE21529)/Homer","AGGTGTCA","1e0","-1.180e+00","0.6201","215.0","38.05","18136.0","36.95","1.0297699594046","0.012740218375747","0","39","TBX5"
"ELF5(ETS)/T47D-ELF5-ChIP-Seq(GSE30407)/Homer","ACVAGGAAGT","1e0","-1.168e+00","0.6222","47.0","8.32","3778.1","7.70","1.08051948051948","0.033632601118242","0","24","ELF5"
"Fli1(ETS)/CD8-FLI-ChIP-Seq(GSE20898)/Homer","NRYTTCCGGH","1e0","-1.149e+00","0.6309","77.0","13.63","6325.4","12.89","1.05740884406517","0.0242429384812705","0","24","FLI1"
"NeuroD1(bHLH)/Islet-NeuroD1-ChIP-Seq(GSE30298)/Homer","GCCATCTGTT","1e0","-1.143e+00","0.6318","56.0","9.91","4549.9","9.27","1.06903991370011","0.0289939203407782","0","8","NEUROD1"
"Hoxa11(Homeobox)/ChickenMSG-Hoxa11.Flag-ChIP-Seq(GSE86088)/Homer","TTTTATGGCM","1e0","-1.142e+00","0.6318","140.0","24.78","11712.4","23.86","1.03855825649623","0.0164308627057216","0","32","HOXA11"
"ZBTB18(Zf)/HEK293-ZBTB18.GFP-ChIP-Seq(GSE58341)/Homer","AACATCTGGA","1e0","-1.136e+00","0.6318","37.0","6.55","2953.7","6.02","1.08803986710963","0.0366448087339585","0","167","ZBTB18"
"Tlx?(NR)/NPC-H3K4me1-ChIP-Seq(GSE16256)/Homer","CTGGCAGSCTGCCA","1e0","-1.130e+00","0.6318","18.0","3.19","1375.7","2.80","1.13928571428571","0.0566326517149619","0","131","NR2E1(NR)"
"ETS1(ETS)/Jurkat-ETS1-ChIP-Seq(GSE17954)/Homer","ACAGGAAGTG","1e0","-1.126e+00","0.6318","65.0","11.50","5320.4","10.84","1.06088560885609","0.0256685581512435","0","24","ETS1"
"Ronin(THAP)/ES-Thap11-ChIP-Seq(GSE51522)/Homer","RACTACAACTCCCAGVAKGC","1e0","-1.115e+00","0.6353","2.0","0.35","103.0","0.21","1.66666666666667","0.221848749616356","0","45","THAP11"
"Dlx3(Homeobox)/Kerainocytes-Dlx3-ChIP-Seq(GSE89884)/Homer","NDGTAATTAC","1e0","-1.101e+00","0.6414","33.0","5.84","2633.9","5.37","1.08752327746741","0.0364385614128439","0","43","DLX3"
"Phox2b(Homeobox)/CLBGA-PHOX2B-ChIP-Seq(GSE90683)/Homer","TTAATTNAATTA","1e0","-1.097e+00","0.6414","10.0","1.77","730.8","1.49","1.18791946308725","0.0747869979495326","0","60","PHOX2B"
"Etv2(ETS)/ES-ER71-ChIP-Seq(GSE59402)/Homer","NNAYTTCCTGHN","1e0","-1.092e+00","0.6414","58.0","10.27","4746.9","9.67","1.06204756980352","0.0261439695142765","0","24","ETV2"
"Hnf6b(Homeobox)/LNCaP-Hnf6b-ChIP-Seq(GSE106305)/Homer","TATTGAYY","1e0","-1.077e+00","0.6480","43.0","7.61","3485.2","7.10","1.07183098591549","0.0301263080514976","0","160","ONECUT2"
"CRX(Homeobox)/Retina-Crx-ChIP-Seq(GSE20012)/Homer","GCTAATCC","1e0","-1.065e+00","0.6528","125.0","22.12","10485.0","21.36","1.03558052434457","0.0151838742761418","0","37","CRX"
"DUX4(Homeobox)/Myoblasts-DUX4.V5-ChIP-Seq(GSE75791)/Homer","NWTAAYCYAATCAWN","1e0","-1.062e+00","0.6528","3.0","0.53","181.6","0.37","1.43243243243243","0.156074145533794","0","26","DUX4"
"EWS:FLI1-fusion(ETS)/SK_N_MC-EWS:FLI1-ChIP-Seq(SRA014231)/Homer","VACAGGAAAT","1e0","-1.061e+00","0.6528","38.0","6.73","3071.2","6.26","1.07507987220447","0.0314407310135472","0","24","EWSR1_FLI1_fusion"
"ZNF382(Zf)/HEK293-ZNF382.GFP-ChIP-Seq(GSE58341)/Homer","GNCTGTASTRNTGBCTCHTT","1e0","-1.053e+00","0.6528","2.0","0.35","107.7","0.22","1.59090909090909","0.201645363528069","0","88","ZNF382"
"Pax7(Paired Homeobox)/Myoblast-Pax7-ChIP-Seq(GSE25064)/Homer","TAATCAATTA","1e0","-1.051e+00","0.6528","5.0","0.88","338.1","0.69","1.27536231884058","0.105633581412913","0","95","PAX7"
"Smad4(MAD)/ESC-SMAD4-ChIP-Seq(GSE29422)/Homer","VBSYGTCTGG","1e0","-1.044e+00","0.6528","121.0","21.42","10158.4","20.69","1.03528274528758","0.0150589758301022","0","138","SMAD4"
"Zfp57(Zf)/H1-ZFP57.HA-ChIP-Seq(GSE115387)/Homer","NANTGCSGCA","1e0","-1.032e+00","0.6571","22.0","3.89","1739.6","3.54","1.09887005649718","0.0409463392999199","0","173","ZFP57"
"Srebp2(bHLH)/HepG2-Srebp2-ChIP-Seq(GSE31477)/Homer","CGGTCACSCCAC","1e0","-1.027e+00","0.6575","7.0","1.24","502.2","1.02","1.2156862745098","0.0848215134003175","0","68","SREBF2"
"Tbx6(T-box)/ESC-Tbx6-ChIP-Seq(GSE93524)/Homer","DAGGTGTBAA","1e0","-1.026e+00","0.6575","70.0","12.39","5806.3","11.83","1.04733727810651","0.0200865617481331","0","40","TBX6"
"ETV4(ETS)/HepG2-ETV4-ChIP-Seq(ENCODE)/Homer","ACCGGAAGTG","1e0","-1.018e+00","0.6578","71.0","12.57","5896.9","12.01","1.0466278101582","0.0197922702830517","0","24","ETV4"
"Rfx6(HTH)/Min6b1-Rfx6.HA-ChIP-Seq(GSE62844)/Homer","TGTTKCCTAGCAACM","1e0","-1.013e+00","0.6586","56.0","9.91","4621.9","9.42","1.052016985138","0.022022751692398","0","46","RFX6"
"Brn2(POU Homeobox)/NPC-Brn2-ChIP-Seq(GSE35496)/Homer","ATGAATATTC","1e0","-1.003e+00","0.6621","4.0","0.71","266.9","0.54","1.31481481481481","0.118864588896107","0","3","OCT7(POU3F2)"
"ZSCAN22(Zf)/HEK293-ZSCAN22.GFP-ChIP-Seq(GSE58341)/Homer","SMCAGTCWGAKGGAGGAGGC","1e0","-9.821e-01","0.6735","5.0","0.88","349.2","0.71","1.23943661971831","0.0932243234310934","0","114","ZSCAN22"
"PAX5(Paired Homeobox)/GM12878-PAX5-ChIP-Seq(GSE32465)/Homer","GCAGCCAAGCRTGACH","1e0","-9.781e-01","0.6735","20.0","3.54","1592.0","3.24","1.09259259259259","0.0384582518191757","0","6","PAX5"
"PAX3:FKHR-fusion(Paired Homeobox)/Rh4-PAX3:FKHR-ChIP-Seq(GSE19063)/Homer","ACCRTGACTAATTNN","1e0","-9.779e-01","0.6735","10.0","1.77","758.7","1.55","1.14193548387097","0.0576415681915151","0","49","PAX3_FKHR_fusion"
"Hnf1(Homeobox)/Liver-Foxa2-Chip-Seq(GSE25694)/Homer","GGTTAAWCATTAA","1e0","-9.720e-01","0.6735","7.0","1.24","513.5","1.05","1.18095238095238","0.072232386092297","0","124","HNF1A"
"ERG(ETS)/VCaP-ERG-ChIP-Seq(GSE14097)/Homer","ACAGGAAGTG","1e0","-9.555e-01","0.6802","90.0","15.93","7566.4","15.41","1.03374432186892","0.0144131370827121","0","24","ERG"
"Gli2(Zf)/GM2-Gli2-ChIP-Chip(GSE112702)/Homer","YSTGGGTGGTCT","1e0","-9.540e-01","0.6802","12.0","2.12","930.2","1.89","1.12169312169312","0.0498740567555073","0","2","GIL2"
"AP-2alpha(AP2)/Hela-AP2alpha-ChIP-Seq(GSE31477)/Homer","ATGCCCTGAGGC","1e0","-9.449e-01","0.6819","30.0","5.31","2448.4","4.99","1.06412825651303","0.0269939754580791","0","114","TFAP2A"
"Oct11(POU Homeobox)/NCIH1048-POU2F3-ChIP-seq(GSE115123)/Homer","GATTTGCATA","1e0","-9.118e-01","0.7019","12.0","2.12","942.7","1.92","1.10416666666667","0.0430346322252019","0","93","OCT11(POU2F3)"
"MyoD(bHLH)/Myotube-MyoD-ChIP-Seq(GSE21614)/Homer","RRCAGCTGYTSY","1e0","-9.083e-01","0.7019","76.0","13.45","6399.2","13.04","1.03144171779141","0.0134446929425254","0","8","MYOD1"
"Twist(bHLH)/HMLE-TWIST1-ChIP-Seq(Chang_et_al)/Homer","VCAKCTGGNNNCCAGMTGBN","1e0","-9.074e-01","0.7019","10.0","1.77","776.8","1.58","1.12025316455696","0.049316179407384","0","8","TWIST1"
"p63(p53)/Keratinocyte-p63-ChIP-Seq(GSE17611)/Homer","NNDRCATGYCYNRRCATGYH","1e0","-8.919e-01","0.7074","20.0","3.54","1623.1","3.31","1.06948640483384","0.0291752682500691","0","1","TP63"
"Pitx1(Homeobox)/Chicken-Pitx1-ChIP-Seq(GSE38910)/Homer","TAATCCCN","1e0","-8.893e-01","0.7074","222.0","39.29","19021.0","38.75","1.01393548387097","0.00601032196947703","0","155","PITX1"
"ZNF264(Zf)/HEK293-ZNF264.GFP-ChIP-Seq(GSE58341)/Homer","RGGGCACTAACY","1e0","-8.793e-01","0.7106","32.0","5.66","2649.7","5.40","1.04814814814815","0.0204226713653029","0","65","ZNF264"
"Tbet(T-box)/CD8-Tbet-ChIP-Seq(GSE33802)/Homer","AGGTGTGAAM","1e0","-8.771e-01","0.7106","70.0","12.39","5906.0","12.03","1.02992518703242","0.0128056790362188","0","41","TBX21"
"Atf7(bZIP)/3T3L1-Atf7-ChIP-Seq(GSE56872)/Homer","NGRTGACGTCAY","1e0","-8.744e-01","0.7106","36.0","6.37","2993.3","6.10","1.04426229508197","0.0188095973245834","0","98","ATF7"
"PSE(SNAPc)/K562-mStart-Seq/Homer","WAVTCACCMTAASYDAAAAG","1e0","-8.455e-01","0.7263","26.0","4.60","2153.3","4.39","1.04783599088838","0.0202933114394527","0","126","PSE"
"GATA(Zf) IR3/iTreg-Gata3-ChIP-Seq(GSE20898)/Homer","NNNNNBAGATAWYATCTVHN","1e0","-8.389e-01","0.7282","7.0","1.24","542.2","1.10","1.12727272727273","0.05202900000401","0","38","GATA3"
"Znf263(Zf)/K562-Znf263-ChIP-Seq(GSE31477)/Homer","CVGTSCTCCC","1e0","-8.378e-01","0.7282","135.0","23.89","11544.6","23.52","1.01573129251701","0.006778832345777","0","80","ZNF263"
"Hoxd12(Homeobox)/ChickenMSG-Hoxd12.Flag-ChIP-Seq(GSE86088)/Homer","HDGYAATGAAAN","1e0","-8.333e-01","0.7282","94.0","16.64","8007.3","16.31","1.02023298589822","0.00869936091442934","0","32","HOXD12"
"TCF4(bHLH)/SHSY5Y-TCF4-ChIP-Seq(GSE96915)/Homer","SMCATCTGKH","1e0","-8.212e-01","0.7326","102.0","18.05","8708.1","17.74","1.01747463359639","0.00752359074596919","0","8","TCF4"
"FXR(NR) IR1/Liver-FXR-ChIP-Seq(Chong_et_al.)/Homer","AGGTCANTGACCTB","1e0","-8.127e-01","0.7360","16.0","2.83","1313.2","2.68","1.05597014925373","0.0236516414955014","0","74","NR1H4(NR)"
"Prop1(Homeobox)/GHFT1-PROP1.biotin-ChIP-Seq(GSE77302)/Homer","NTAATBNAATTA","1e0","-8.112e-01","0.7360","26.0","4.60","2169.1","4.42","1.04072398190045","0.0173355623324821","0","58","PROP1"
"Mef2c(MADS)/GM12878-Mef2c-ChIP-Seq(GSE32465)/Homer","DCYAAAAATAGM","1e0","-7.912e-01","0.7462","19.0","3.36","1578.3","3.22","1.04347826086957","0.0184834056940131","0","45","MEF2C"
"GATA3(Zf) DR8/iTreg-Gata3-ChIP-Seq(GSE20898)/Homer","AGATSTNDNNDSAGATAASN","1e0","-7.907e-01","0.7462","4.0","0.71","300.3","0.61","1.16393442622951","0.0659285137083082","0","167","GATA3"
"ZNF143|STAF(Zf)/CUTLL-ZNF143-ChIP-Seq(GSE29600)/Homer","ATTTCCCAGVAKSCY","1e0","-7.870e-01","0.7462","13.0","2.30","1067.0","2.17","1.05990783410138","0.0252681021690633","0","46","ZNF143"
"HIF2a(bHLH)/785_O-HIF2a-ChIP-Seq(GSE34871)/Homer","GCACGTACCC","1e0","-7.720e-01","0.7520","34.0","6.02","2877.3","5.86","1.02730375426621","0.0116988752397339","0","81","EPAS1"
"E2F6(E2F)/Hela-E2F6-ChIP-Seq(GSE31477)/Homer","GGCGGGAARN","1e0","-7.699e-01","0.7520","18.0","3.19","1501.7","3.06","1.04248366013072","0.0180692565756012","0","5","E2F6"
"HNF6(Homeobox)/Liver-Hnf6-ChIP-Seq(ERP000394)/Homer","NTATYGATCH","1e0","-7.497e-01","0.7631","29.0","5.13","2458.8","5.01","1.02395209580838","0.0102796392445705","0","158","ONECUT1"
"CDX4(Homeobox)/ZebrafishEmbryos-Cdx4.Myc-ChIP-Seq(GSE48254)/Homer","NGYCATAAAWCH","1e0","-7.457e-01","0.7633","52.0","9.20","4449.0","9.06","1.01545253863135","0.00665962966874214","0","32","CDX4"
"GFY(?)/Promoter/Homer","ACTACAATTCCC","1e0","-7.353e-01","0.7684","3.0","0.53","225.6","0.46","1.15217391304348","0.061518037919215","0","45","GFY"
"Smad2(MAD)/ES-SMAD2-ChIP-Seq(GSE29422)/Homer","CTGTCTGG","1e0","-7.336e-01","0.7684","118.0","20.88","10175.9","20.73","1.00723589001447","0.0031311922363637","0","137","SMAD2"
"Foxh1(Forkhead)/hESC-FOXH1-ChIP-Seq(GSE29422)/Homer","NNTGTGGATTSS","1e0","-7.302e-01","0.7684","34.0","6.02","2901.9","5.91","1.01861252115059","0.00800901037656913","0","107","FOXH1"
"Elf4(ETS)/BMDM-Elf4-ChIP-Seq(GSE88699)/Homer","ACTTCCKGKT","1e0","-7.287e-01","0.7684","60.0","10.62","5153.3","10.50","1.01142857142857","0.00493521767551215","0","24","ELF4"
"Hoxd13(Homeobox)/ChickenMSG-Hoxd13.Flag-ChIP-Seq(GSE86088)/Homer","NCYAATAAAA","1e0","-7.277e-01","0.7684","85.0","15.04","7320.8","14.91","1.00871898054997","0.00377019280262883","0","32","HOXD13"
"ZNF415(Zf)/HEK293-ZNF415.GFP-ChIP-Seq(GSE58341)/Homer","GRTGMTRGAGCC","1e0","-7.043e-01","0.7781","32.0","5.66","2743.9","5.59","1.01252236135957","0.00540462330184812","0","145","ZNF415"
"ELF3(ETS)/PDAC-ELF3-ChIP-Seq(GSE64557)/Homer","ANCAGGAAGT","1e0","-6.964e-01","0.7813","45.0","7.96","3876.2","7.90","1.00759493670886","0.00328597644722763","0","24","ELF3"
"ZNF189(Zf)/HEK293-ZNF189.GFP-ChIP-Seq(GSE58341)/Homer","TGGAACAGMA","1e0","-6.948e-01","0.7813","35.0","6.19","3009.9","6.13","1.00978792822186","0.00423017450170298","0","108","ZNF189"
"Klf4(Zf)/mES-Klf4-ChIP-Seq(GSE11431)/Homer","GCCACACCCA","1e0","-6.928e-01","0.7813","19.0","3.36","1621.9","3.30","1.01818181818182","0.00782533751195662","0","34","KLF4"
"Zfp809(Zf)/ES-Zfp809-ChIP-Seq(GSE70799)/Homer","GGGGCTYGKCTGGGA","1e0","-6.828e-01","0.7834","7.0","1.24","582.9","1.19","1.04201680672269","0.0178747237697043","0","131","Zfp809(mouse)"
"Rfx1(HTH)/NPC-H3K4me1-ChIP-Seq(GSE16256)/Homer","KGTTGCCATGGCAA","1e0","-6.470e-01","0.8090","11.0","1.95","943.1","1.92","1.015625","0.0067333826589684","0","34","RFX1"
"HINFP(Zf)/K562-HINFP.eGFP-ChIP-Seq(Encode)/Homer","TWVGGTCCGC","1e0","-6.465e-01","0.8090","19.0","3.36","1643.4","3.35","1.00298507462687","0.00129447035299877","0","104","HINFP"
"Unknown(Homeobox)/Limb-p300-ChIP-Seq/Homer","SSCMATWAAA","1e0","-6.283e-01","0.8184","33.0","5.84","2877.0","5.86","0.996587030716723","-0.00148476890569119","0","32","Unknown"
"Atoh1(bHLH)/Cerebellum-Atoh1-ChIP-Seq(GSE22111)/Homer","VNRVCAGCTGGY","1e0","-6.221e-01","0.8205","76.0","13.45","6635.8","13.52","0.994822485207101","-0.00225440726719034","0","8","ATOH1"
"EBF2(EBF)/BrownAdipose-EBF2-ChIP-Seq(GSE97114)/Homer","NABTCCCWDGGGAVH","1e0","-6.192e-01","0.8205","31.0","5.49","2708.3","5.52","0.994565217391304","-0.00236673327910695","0","90","EBF2"
"Oct4(POU Homeobox)/mES-Oct4-ChIP-Seq(GSE11431)/Homer","ATTTGCATAW","1e0","-6.179e-01","0.8205","20.0","3.54","1745.7","3.56","0.99438202247191","-0.00244673594708736","0","93","OCT4(POU5F1)"
"PU.1(ETS)/ThioMac-PU.1-ChIP-Seq(GSE21512)/Homer","AGAGGAAGTG","1e0","-6.157e-01","0.8205","24.0","4.25","2097.5","4.27","0.995316159250586","-0.00203894497471228","0","15","SPI1"
"E2F7(E2F)/Hela-E2F7-ChIP-Seq(GSE32673)/Homer","VDTTTCCCGCCA","1e0","-6.147e-01","0.8205","4.0","0.71","336.5","0.69","1.02898550724638","0.01240925798182","0","5","E2F7"
"PU.1-IRF(ETS:IRF)/Bcell-PU.1-ChIP-Seq(GSE21512)/Homer","MGGAAGTGAAAC","1e0","-6.110e-01","0.8205","54.0","9.56","4725.6","9.63","0.992731048805815","-0.00316839484843447","0","53","SPI1"
"Atf4(bZIP)/MEF-Atf4-ChIP-Seq(GSE35681)/Homer","MTGATGCAAT","1e0","-6.009e-01","0.8206","19.0","3.36","1666.8","3.40","0.988235294117647","-0.00513963965241106","0","140","ATF4"
"Otx2(Homeobox)/EpiLC-Otx2-ChIP-Seq(GSE56098)/Homer","NYTAATCCYB","1e0","-5.987e-01","0.8206","32.0","5.66","2809.4","5.72","0.98951048951049","-0.00457959760475274","0","37","OTX2"
"Cux2(Homeobox)/Liver-Cux2-ChIP-Seq(GSE35985)/Homer","HNRAATCAAT","1e0","-5.916e-01","0.8225","22.0","3.89","1935.5","3.94","0.987309644670051","-0.00554662049986638","0","58","CUX2"
"HIF-1a(bHLH)/MCF7-HIF1a-ChIP-Seq(GSE28352)/Homer","TACGTGCV","1e0","-5.894e-01","0.8225","19.0","3.36","1672.8","3.41","0.985337243401759","-0.00641510160265371","0","163","HIF1A"
"Nkx3.1(Homeobox)/LNCaP-Nkx3.1-ChIP-Seq(GSE28264)/Homer","AAGCACTTAA","1e0","-5.847e-01","0.8225","115.0","20.35","10076.8","20.53","0.99123234291281","-0.00382453580935305","0","11","NKX3-1"
"LRF(Zf)/Erythroblasts-ZBTB7A-ChIP-Seq(GSE74977)/Homer","AAGACCCYYN","1e0","-5.814e-01","0.8225","61.0","10.80","5363.3","10.93","0.988106129917658","-0.00519640646275306","0","127","ZBTB7A"
"PRDM14(Zf)/H1-PRDM14-ChIP-Seq(GSE22767)/Homer","RGGTCTCTAACY","1e0","-5.755e-01","0.8243","11.0","1.95","971.7","1.98","0.984848484848485","-0.00663057889901309","0","147","PRDM14"
"HRE(HSF)/HepG2-HSF1-ChIP-Seq(GSE31477)/Homer","BSTTCTRGAABVTTCYAGAA","1e0","-5.735e-01","0.8243","5.0","0.88","436.8","0.89","0.98876404494382","-0.00490733449474417","0","149","HSF1(HRE)"
"Myf5(bHLH)/GM-Myf5-ChIP-Seq(GSE24852)/Homer","BAACAGCTGT","1e0","-5.673e-01","0.8255","68.0","12.04","5989.1","12.20","0.986885245901639","-0.00573334375294251","0","8","MYF5"
"c-Jun-CRE(bZIP)/K562-cJun-ChIP-Seq(GSE31477)/Homer","ATGACGTCATCY","1e0","-5.642e-01","0.8255","20.0","3.54","1774.2","3.61","0.980609418282549","-0.00850393987987007","0","96","JUN"
"GSC(Homeobox)/FrogEmbryos-GSC-ChIP-Seq(DRA000576)/Homer","RGGATTAR","1e0","-5.592e-01","0.8266","53.0","9.38","4682.2","9.54","0.983228511530398","-0.00734553632503059","0","38","GSC"
"Atf1(bZIP)/K562-ATF1-ChIP-Seq(GSE31477)/Homer","GATGACGTCA","1e0","-5.577e-01","0.8266","50.0","8.85","4420.7","9.01","0.982241953385128","-0.00778152028123753","0","97","ATF1"
"HNF1b(Homeobox)/PDAC-HNF1B-ChIP-Seq(GSE64557)/Homer","GTTAATNATTAA","1e0","-5.567e-01","0.8266","6.0","1.06","531.6","1.08","0.981481481481482","-0.00811789022217945","0","123","HNF1B"
"Pitx1:Ebox(Homeobox bHLH)/Hindlimb-Pitx1-ChIP-Seq(GSE41591)/Homer","YTAATTRAWWCCAGATGT","1e0","-5.412e-01","0.8332","10.0","1.77","896.3","1.83","0.967213114754098","-0.0144778233686229","0","8","PITX1"
"CTCF-SatelliteElement(Zf?)/CD4+-CTCF-ChIP-Seq(Barski_et_al.)/Homer","TGCAGTTCCMVNWRTGGCCA","1e0","-5.390e-01","0.8332","1.0","0.18","76.9","0.16","1.125","0.0511525224473813","0","20","CTCF-SatelliteElement"
"ETV1(ETS)/GIST48-ETV1-ChIP-Seq(GSE22441)/Homer","AACCGGAAGT","1e0","-5.376e-01","0.8332","82.0","14.51","7247.0","14.76","0.983062330623306","-0.00741894504928686","0","24","ETV1"
"NFE2L2(bZIP)/HepG2-NFE2L2-ChIP-Seq(Encode)/Homer","AWWWTGCTGAGTCAT","1e0","-5.294e-01","0.8347","2.0","0.35","172.7","0.35","1","0","0","17","NFE2L2"
"Tcf12(bHLH)/GM12878-Tcf12-ChIP-Seq(GSE32465)/Homer","VCAGCTGYTG","1e0","-5.282e-01","0.8347","83.0","14.69","7344.5","14.96","0.981951871657754","-0.00790979773818612","0","8","TCF12"
"ZNF317(Zf)/HEK293-ZNF317.GFP-ChIP-Seq(GSE58341)/Homer","GTCWGCTGTYYCTCT","1e0","-5.278e-01","0.8347","7.0","1.24","631.4","1.29","0.961240310077519","-0.0171680251370139","0","129","ZNF317"
"PR(NR)/T47D-PR-ChIP-Seq(GSE31130)/Homer","VAGRACAKNCTGTBC","1e0","-5.229e-01","0.8347","113.0","20.00","9977.6","20.33","0.983767830791933","-0.00710738297405737","0","80","PGR(NR)"
"GFY-Staf(? Zf)/Promoter/Homer","RACTACAATTCCCAGAAKGC","1e0","-5.136e-01","0.8369","2.0","0.35","175.5","0.36","0.972222222222222","-0.0122344564170116","0","46","GFY"
"NRF(NRF)/Promoter/Homer","STGCGCATGCGC","1e0","-5.129e-01","0.8369","10.0","1.77","908.5","1.85","0.956756756756757","-0.0191984620412072","0","7","NRF1"
"PRDM1(Zf)/Hela-PRDM1-ChIP-Seq(GSE31477)/Homer","ACTTTCACTTTC","1e0","-4.916e-01","0.8500","20.0","3.54","1817.5","3.70","0.956756756756757","-0.0191984620412072","0","122","PRDM1"
"Brn1(POU Homeobox)/NPC-Brn1-ChIP-Seq(GSE35496)/Homer","TATGCWAATBAV","1e0","-4.770e-01","0.8596","11.0","1.95","1015.2","2.07","0.942028985507246","-0.0259357340943997","0","121","OCT8(POU3F3)"
"CEBP:CEBP(bZIP)/MEF-Chop-ChIP-Seq(GSE35681)/Homer","NTNATGCAAYMNNHTGMAAY","1e0","-4.660e-01","0.8664","5.0","0.88","469.6","0.96","0.916666666666667","-0.0377885608893997","0","102","CEBP_CEBP"
"Hoxc9(Homeobox)/Ainv15-Hoxc9-ChIP-Seq(GSE21812)/Homer","GGCCATAAATCA","1e0","-4.641e-01","0.8664","25.0","4.42","2283.2","4.65","0.950537634408602","-0.0220306835408621","0","10","HOXC9"
"SpiB(ETS)/OCILY3-SPIB-ChIP-Seq(GSE56857)/Homer","AAAGRGGAAGTG","1e0","-4.540e-01","0.8712","10.0","1.77","935.5","1.91","0.926701570680628","-0.0330601008859209","0","56","SPIB"
"PAX5(Paired Homeobox) condensed/GM12878-PAX5-ChIP-Seq(GSE32465)/Homer","GTCACGCTCSCTGM","1e0","-4.458e-01","0.8756","5.0","0.88","476.7","0.97","0.907216494845361","-0.0422890621160762","0","32","PAX5"
"EBF1(EBF)/Near-E2A-ChIP-Seq(GSE21512)/Homer","GTCCCCWGGGGA","1e0","-4.347e-01","0.8825","39.0","6.90","3558.2","7.25","0.951724137931034","-0.0214889158337384","0","118","EBF1"
"Hoxa10(Homeobox)/ChickenMSG-Hoxa10.Flag-ChIP-Seq(GSE86088)/Homer","GGYAATGAAA","1e0","-4.322e-01","0.8825","24.0","4.25","2217.6","4.52","0.940265486725664","-0.0267495047610705","0","32","HOXA10"
"Pax7(Paired Homeobox) long/Myoblast-Pax7-ChIP-Seq(GSE25064)/Homer","TAATCHGATTAC","1e0","-4.254e-01","0.8852","1.0","0.18","92.0","0.19","0.947368421052632","-0.0234810958495229","0","60","PAX7"
"SF1(NR)/H295R-Nr5a1-ChIP-Seq(GSE44220)/Homer","CAAGGHCANV","1e0","-4.232e-01","0.8852","19.0","3.36","1772.4","3.61","0.930747922437673","-0.0311679245158139","0","162","NR5A1(NR)"
"Ptf1a(bHLH)/Panc1-Ptf1a-ChIP-Seq(GSE47459)/Homer","ACAGCTGTTN","1e0","-4.222e-01","0.8852","197.0","34.87","17471.8","35.59","0.979769598201742","-0.00887604062786943","0","8","PTF1A"
"HRE(HSF)/Striatum-HSF1-ChIP-Seq(GSE38000)/Homer","TTCTAGAABNTTCTA","1e0","-4.219e-01","0.8852","6.0","1.06","579.6","1.18","0.898305084745763","-0.0465761420413551","0","148","HRE"
"Ascl1(bHLH)/NeuralTubes-Ascl1-ChIP-Seq(GSE55840)/Homer","NNVVCAGCTGBN","1e0","-4.119e-01","0.8860","106.0","18.76","9515.9","19.39","0.967509025270758","-0.0143449750356597","0","8","ASCL1"
"JunD(bZIP)/K562-JunD-ChIP-Seq/Homer","ATGACGTCATCN","1e0","-4.110e-01","0.8860","8.0","1.42","771.4","1.57","0.904458598726115","-0.0436113080261772","0","98","JUND"
"E2F4(E2F)/K562-E2F4-ChIP-Seq(GSE31477)/Homer","GGCGGGAAAH","1e0","-4.063e-01","0.8860","18.0","3.19","1693.3","3.45","0.92463768115942","-0.034028412016093","0","5","E2F4"
"Atf2(bZIP)/3T3L1-Atf2-ChIP-Seq(GSE56872)/Homer","NRRTGACGTCAT","1e0","-4.039e-01","0.8860","24.0","4.25","2239.8","4.56","0.932017543859649","-0.0305759126141235","0","96","ATF2"
"RFX(HTH)/K562-RFX3-ChIP-Seq(SRA012198)/Homer","CGGTTGCCATGGCAAC","1e0","-3.864e-01","0.8976","6.0","1.06","594.0","1.21","0.87603305785124","-0.0574795050516798","0","34","RFX3"
"ZEB1(Zf)/PDAC-ZEB1-ChIP-Seq(GSE64557)/Homer","VCAGGTRDRY","1e0","-3.846e-01","0.8976","108.0","19.12","9733.1","19.83","0.964195663136662","-0.0158348262652214","0","8","ZEB1"
"bZIP:IRF(bZIP IRF)/Th17-BatF-ChIP-Seq(GSE39756)/Homer","NAGTTTCABTHTGACTNW","1e0","-3.790e-01","0.8987","17.0","3.01","1621.4","3.30","0.912121212121212","-0.0399474442840441","0","24","IRF4"
"Gfi1b(Zf)/HPC7-Gfi1b-ChIP-Seq(GSE22178)/Homer","MAATCACTGC","1e0","-3.784e-01","0.8987","32.0","5.66","2984.9","6.08","0.930921052631579","-0.0310871480844635","0","54","GFI1B"
"Ap4(bHLH)/AML-Tfap4-ChIP-Seq(GSE45738)/Homer","NAHCAGCTGD","1e0","-3.677e-01","0.9034","104.0","18.41","9407.7","19.17","0.960354720918101","-0.0175683243740479","0","8","TFAP4"
"Brachyury(T-box)/Mesoendoderm-Brachyury-ChIP-exo(GSE54963)/Homer","ANTTMRCASBNNNGTGYKAAN","1e0","-3.665e-01","0.9034","18.0","3.19","1722.1","3.51","0.908831908831909","-0.0415164334086429","0","41","TBXT"
"E2F(E2F)/Hela-CellCycle-Expression/Homer","TTSGCGCGAAAA","1e0","-3.661e-01","0.9034","2.0","0.35","209.2","0.43","0.813953488372093","-0.0894004112293109","0","157","E2F"
"STAT5(Stat)/mCD4+-Stat5-ChIP-Seq(GSE12346)/Homer","RTTTCTNAGAAA","1e0","-3.633e-01","0.9034","7.0","1.24","700.1","1.43","0.867132867132867","-0.0619143523028267","0","23","STAT5A"
"TRPS1(Zf)/MCF7-TRPS1-ChIP-Seq(GSE107013)/Homer","AGATAAGANN","1e0","-3.624e-01","0.9034","93.0","16.46","8443.5","17.20","0.956976744186047","-0.0190986160312978","0","31","TRPS1"
"YY1(Zf)/Promoter/Homer","CAAGATGGCGGC","1e0","-3.610e-01","0.9034","5.0","0.88","509.6","1.04","0.846153846153846","-0.0725506671486117","0","35","YY1"
"ISRE(IRF)/ThioMac-LPS-Expression(GSE23622)/Homer","AGTTTCASTTTC","1e0","-3.519e-01","0.9034","2.0","0.35","213.2","0.43","0.813953488372093","-0.0894004112293109","0","53","ISRE(STAT1/STAT2/IRF9)"
"Olig2(bHLH)/Neuron-Olig2-ChIP-Seq(GSE30882)/Homer","RCCATMTGTT","1e0","-3.508e-01","0.9034","125.0","22.12","11288.5","23.00","0.961739130434783","-0.0169427133849322","0","8","OLIG2"
"Twist2(bHLH)/Myoblast-Twist2.Ty1-ChIP-Seq(GSE127998)/Homer","MCAGCTGBYH","1e0","-3.272e-01","0.9183","118.0","20.88","10713.8","21.83","0.956481905634448","-0.0193232413789146","0","8","TWIST2"
"STAT1(Stat)/HelaS3-STAT1-ChIP-Seq(GSE12782)/Homer","NATTTCCNGGAAAT","1e0","-3.234e-01","0.9191","7.0","1.24","721.4","1.47","0.843537414965986","-0.073895649585941","0","23","STAT1"
"CEBP:AP1(bZIP)/ThioMac-CEBPb-ChIP-Seq(GSE21512)/Homer","DRTGTTGCAA","1e0","-3.126e-01","0.9263","40.0","7.08","3779.2","7.70","0.919480519480519","-0.0364574674827129","0","87","CEBPA_JUN(AP-1)"
"ZNF322(Zf)/HEK293-ZNF322.GFP-ChIP-Seq(GSE58341)/Homer","GAGCCTGGTACTGWGCCTGR","1e0","-3.070e-01","0.9288","11.0","1.95","1114.2","2.27","0.859030837004405","-0.0659912458306047","0","167","ZNF322"
"Rfx2(HTH)/LoVo-RFX2-ChIP-Seq(GSE49402)/Homer","GTTGCCATGGCAACM","1e0","-3.046e-01","0.9288","6.0","1.06","634.7","1.29","0.821705426356589","-0.0852838450344787","0","33","RFX2"
"ZNF768(Zf)/Rajj-ZNF768-ChIP-Seq(GSE111879)/Homer","RHHCAGAGAGGB","1e0","-3.007e-01","0.9292","1.0","0.18","117.7","0.24","0.75","-0.1249387366083","0","175","ZNF768"
"Chop(bZIP)/MEF-Chop-ChIP-Seq(GSE35681)/Homer","ATTGCATCAT","1e0","-2.993e-01","0.9292","13.0","2.30","1309.5","2.67","0.861423220973783","-0.0647834253469823","0","141","DDIT3"
"BHLHA15(bHLH)/NIH3T3-BHLHB8.HA-ChIP-Seq(GSE119782)/Homer","NAMCAGCTGK","1e0","-2.992e-01","0.9292","92.0","16.28","8460.1","17.23","0.944863609982589","-0.024630876894846","0","8","BHLHA15"
"IRF8(IRF)/BMDM-IRF8-ChIP-Seq(GSE77884)/Homer","GRAASTGAAAST","1e0","-2.825e-01","0.9380","11.0","1.95","1132.7","2.31","0.844155844155844","-0.0735773685296263","0","51","IRF8"
"Gata2(Zf)/K562-GATA2-ChIP-Seq(GSE18829)/Homer","BBCTTATCTS","1e0","-2.629e-01","0.9538","27.0","4.78","2651.8","5.40","0.885185185185185","-0.0529658632108496","0","31","GATA2"
"Oct4:Sox17(POU Homeobox HMG)/F9-Sox17-ChIP-Seq(GSE44553)/Homer","CCATTGTATGCAAAT","1e0","-2.601e-01","0.9538","4.0","0.71","457.8","0.93","0.763440860215054","-0.11722459983486","0","76","OCT4_SOX17"
"ZNF652/HepG2-ZNF652.Flag-ChIP-Seq(Encode)/Homer","TTAACCCTTTVNKKN","1e0","-2.596e-01","0.9538","13.0","2.30","1342.3","2.73","0.842490842490842","-0.0744348110231632","0","109","ZNF652"
"ERE(NR) IR3/MCF7-ERa-ChIP-Seq(Unpublished)/Homer","VAGGTCACNSTGACC","1e0","-2.529e-01","0.9551","13.0","2.30","1348.4","2.75","0.836363636363636","-0.0776048578126698","0","18","ESR1(NR)"
"E2A(bHLH)/proBcell-E2A-ChIP-Seq(GSE21978)/Homer","DNRCAGCTGY","1e0","-2.509e-01","0.9551","101.0","17.88","9356.9","19.06","0.938090241343127","-0.0277553818424087","0","8","TCF3"
"PRDM10(Zf)/HEK293-PRDM10.eGFP-ChIP-Seq(Encode)/Homer","TGGTACATTCCA","1e0","-2.508e-01","0.9551","24.0","4.25","2387.9","4.86","0.874485596707819","-0.0582473392119819","0","88","PRDM10"
"Cdx2(Homeobox)/mES-Cdx2-ChIP-Seq(GSE14586)/Homer","GYMATAAAAH","1e0","-2.471e-01","0.9551","32.0","5.66","3133.0","6.38","0.887147335423198","-0.0520042475328908","0","103","CDX2"
"Oct6(POU Homeobox)/NPC-Pou3f1-ChIP-Seq(GSE35496)/Homer","WATGCAAATGAG","1e0","-2.471e-01","0.9551","14.0","2.48","1449.4","2.95","0.840677966101695","-0.0753703351519467","0","121","OCT6(POU3F1)"
"E2F1(E2F)/Hela-E2F1-ChIP-Seq(GSE22478)/Homer","CWGGCGGGAA","1e0","-2.448e-01","0.9551","6.0","1.06","670.2","1.37","0.773722627737226","-0.111414701891637","0","5","E2F1"
"Oct2(POU Homeobox)/Bcell-Oct2-ChIP-Seq(GSE21512)/Homer","ATATGCAAAT","1e0","-2.437e-01","0.9551","7.0","1.24","771.9","1.57","0.789808917197452","-0.102477967246999","0","94","OCT2(POU2F2)"
"NeuroG2(bHLH)/Fibroblast-NeuroG2-ChIP-Seq(GSE75910)/Homer","ACCATCTGTT","1e0","-2.437e-01","0.9551","98.0","17.35","9104.2","18.55","0.935309973045822","-0.0290444348241721","0","8","NEUROG2"
"E2F3(E2F)/MEF-E2F3-ChIP-Seq(GSE71376)/Homer","BTKGGCGGGAAA","1e0","-2.372e-01","0.9551","19.0","3.36","1934.3","3.94","0.852791878172589","-0.0691569444357301","0","5","E2F3"
"ZBTB12(Zf)/HEK293-ZBTB12.GFP-ChIP-Seq(GSE58341)/Homer","NGNTCTAGAACCNGV","1e0","-2.336e-01","0.9551","19.0","3.36","1939.0","3.95","0.850632911392405","-0.0702578182366162","0","148","ZBTB12"
"AP-2gamma(AP2)/MCF7-TFAP2C-ChIP-Seq(GSE21234)/Homer","SCCTSAGGSCAW","1e0","-2.329e-01","0.9551","36.0","6.37","3522.0","7.18","0.887186629526462","-0.0519850119069499","0","115","TFAP2C"
"GRHL2(CP2)/HBE-GRHL2-ChIP-Seq(GSE46194)/Homer","AAACYKGTTWDACMRGTTTB","1e0","-2.225e-01","0.9551","18.0","3.19","1857.0","3.78","0.843915343915344","-0.0737011167800442","0","167","GRHL2"
"Ascl2(bHLH)/ESC-Ascl2-ChIP-Seq(GSE97712)/Homer","SSRGCAGCTGCH","1e0","-2.195e-01","0.9551","81.0","14.34","7634.2","15.55","0.922186495176849","-0.035181242031075","0","8","ASCL2"
"Slug(Zf)/Mesoderm-Snai2-ChIP-Seq(GSE61475)/Homer","SNGCACCTGCHS","1e0","-2.179e-01","0.9551","31.0","5.49","3082.2","6.28","0.874203821656051","-0.0583872992871042","0","8","SNAI2"
"MafF(bZIP)/HepG2-MafF-ChIP-Seq(GSE31477)/Homer","HWWGTCAGCAWWTTT","1e0","-2.159e-01","0.9551","11.0","1.95","1189.4","2.42","0.805785123966942","-0.0937807546179133","0","86","MAFF"
"ETS:E-box(ETS bHLH)/HPC7-Scl-ChIP-Seq(GSE22178)/Homer","AGGAARCAGCTG","1e0","-2.121e-01","0.9551","4.0","0.71","485.1","0.99","0.717171717171717","-0.144376845878475","0","98","ETS_E-box"
"Mouse_Recombination_Hotspot(Zf)/Testis-DMC1-ChIP-Seq(GSE24438)/Homer","ACTYKNATTCGTGNTACTTC","1e0","-2.078e-01","0.9552","2.0","0.35","267.2","0.54","0.648148148148148","-0.188325715472693","0","173","DMC1"
"PU.1:IRF8(ETS:IRF)/pDC-Irf8-ChIP-Seq(GSE66899)/Homer","GGAAGTGAAAST","1e0","-1.958e-01","0.9641","5.0","0.88","602.2","1.23","0.715447154471545","-0.145422439289229","0","52","IRF8"
"SPDEF(ETS)/VCaP-SPDEF-ChIP-Seq(SRA014231)/Homer","ASWTCCTGBT","1e0","-1.957e-01","0.9641","60.0","10.62","5787.0","11.79","0.900763358778626","-0.0453892883496389","0","47","SPDEF"
"Gata4(Zf)/Heart-Gata4-ChIP-Seq(GSE35151)/Homer","NBWGATAAGR","1e0","-1.948e-01","0.9641","45.0","7.96","4415.9","9.00","0.884444444444444","-0.0533294417016558","0","30","GATA4"
"Eomes(T-box)/H9-Eomes-ChIP-Seq(GSE26097)/Homer","ATTAACACCT","1e0","-1.885e-01","0.9641","132.0","23.36","12272.6","25.00","0.9344","-0.0294671702316757","0","41","EOMES"
"Nkx2.2(Homeobox)/NPC-Nkx2.2-ChIP-Seq(GSE61673)/Homer","BTBRAGTGSN","1e0","-1.828e-01","0.9661","109.0","19.29","10237.2","20.86","0.924736337488015","-0.0339820764466276","0","11","NKX2-2"
"HIC1(Zf)/Treg-ZBTB29-ChIP-Seq(GSE99889)/Homer","TGCCAGCB","1e0","-1.812e-01","0.9661","90.0","15.93","8536.6","17.39","0.916043703277746","-0.038083806201581","0","153","HIC1"
"Mef2b(MADS)/HEK293-Mef2b.V5-ChIP-Seq(GSE67450)/Homer","GCTATTTTTGGM","1e0","-1.784e-01","0.9661","30.0","5.31","3052.1","6.22","0.853697749196141","-0.0686958636093496","0","45","MEF2B"
"Tcf21(bHLH)/ArterySmoothMuscle-Tcf21-ChIP-Seq(GSE61369)/Homer","NAACAGCTGG","1e0","-1.746e-01","0.9662","72.0","12.74","6926.6","14.11","0.902905740609497","-0.0443575857550162","0","8","TCF21"
"CUX1(Homeobox)/K562-CUX1-ChIP-Seq(GSE92882)/Homer","TATCGATNAN","1e0","-1.744e-01","0.9662","30.0","5.31","3059.1","6.23","0.852327447833066","-0.0693935255777006","0","75","CUX1"
"GATA:SCL(Zf bHLH)/Ter119-SCL-ChIP-Seq(GSE18720)/Homer","CRGCTGBNGNSNNSAGATAA","1e0","-1.700e-01","0.9662","4.0","0.71","515.8","1.05","0.676190476190476","-0.169930950350863","0","142","TAL1_GATA1"
"Gata6(Zf)/HUG1N-GATA6-ChIP-Seq(GSE51936)/Homer","YCTTATCTBN","1e0","-1.653e-01","0.9674","38.0","6.73","3825.1","7.79","0.86392811296534","-0.0635223934485876","0","31","GATA6"
"NFAT(RHD)/Jurkat-NFATC1-ChIP-Seq(Jolma_et_al.)/Homer","ATTTTCCATT","1e0","-1.622e-01","0.9679","35.0","6.19","3551.7","7.24","0.854972375690608","-0.0680479171770289","0","17","NFATC1"
"NFAT:AP1(RHD bZIP)/Jurkat-NFATC1-ChIP-Seq(Jolma_et_al.)/Homer","SARTGGAAAAWRTGAGTCAB","1e0","-1.614e-01","0.9679","4.0","0.71","522.9","1.07","0.663551401869159","-0.178125428966134","0","17","NFAT_AP1_complex"
"Hand2(bHLH)/Mesoderm-Hand2-ChIP-Seq(GSE61475)/Homer","TGACANARRCCAGRC","1e0","-1.574e-01","0.9679","22.0","3.89","2329.2","4.74","0.820675105485232","-0.0858287403483773","0","105","HAND2"
"MYNN(Zf)/HEK293-MYNN.eGFP-ChIP-Seq(Encode)/Homer","TTCAAAWTAAAAGTC","1e0","-1.462e-01","0.9757","9.0","1.59","1065.7","2.17","0.732718894009217","-0.135062609528078","0","159","MYNN"
"ZEB2(Zf)/SNU398-ZEB2-ChIP-Seq(GSE103048)/Homer","GNMCAGGTGTGC","1e0","-1.404e-01","0.9787","56.0","9.91","5552.9","11.31","0.876215738284704","-0.05738895044018","0","8","ZEB2"
"GATA3(Zf)/iTreg-Gata3-ChIP-Seq(GSE20898)/Homer","AGATAASR","1e0","-1.371e-01","0.9794","65.0","11.50","6389.9","13.02","0.883256528417819","-0.0539131438785614","0","31","GATA3"
"STAT6(Stat)/CD4-Stat6-ChIP-Seq(GSE22104)/Homer","ABTTCYYRRGAA","1e0","-1.198e-01","0.9939","17.0","3.01","1910.9","3.89","0.773778920308483","-0.111383105731864","0","112","STAT6"
"Pax8(Paired Homeobox)/Thyroid-Pax8-ChIP-Seq(GSE26938)/Homer","GTCATGCHTGRCTGS","1e0","-1.102e-01","1.0000","9.0","1.59","1116.7","2.27","0.700440528634361","-0.154628732872671","0","6","PAX8"
"Isl1(Homeobox)/Neuron-Isl1-ChIP-Seq(GSE31456)/Homer","CTAATKGV","1e0","-1.057e-01","1.0000","86.0","15.22","8418.6","17.15","0.887463556851312","-0.0518494719442352","0","83","ISL1"
"HEB(bHLH)/mES-Heb-ChIP-Seq(GSE53233)/Homer","VCAGCTGBNN","1e0","-1.054e-01","1.0000","123.0","21.77","11767.6","23.97","0.908218606591573","-0.0418096049925595","0","8","TCF12"
"CRE(bZIP)/Promoter/Homer","CSGTGACGTCAC","1e0","-9.086e-02","1.0000","16.0","2.83","1872.8","3.82","0.740837696335079","-0.130276927387418","0","66","CREB1"
"GLI3(Zf)/Limb-GLI3-ChIP-Chip(GSE11077)/Homer","CGTGGGTGGTCC","1e0","-8.970e-02","1.0000","3.0","0.53","480.7","0.98","0.540816326530612","-0.266950206091706","0","2","GIL3"
"E2A(bHLH) near_PU.1/Bcell-PU.1-ChIP-Seq(GSE21512)/Homer","NVCACCTGBN","1e0","-8.683e-02","1.0000","87.0","15.40","8592.5","17.50","0.88","-0.0555173278498314","0","8","TCF3"
"OCT:OCT-short(POU Homeobox)/NPC-OCT6-ChIP-Seq(GSE43916)/Homer","ATGCATWATGCATRW","1e0","-8.602e-02","1.0000","20.0","3.54","2285.6","4.66","0.759656652360515","-0.119382654664212","0","35","OCT6(POU3F1)"
"CHR(?)/Hela-CellCycle-Expression/Homer","SRGTTTCAAA","1e0","-8.599e-02","1.0000","23.0","4.07","2582.9","5.26","0.773764258555133","-0.111391334928519","0","150","CHR"
"MyoG(bHLH)/C2C12-MyoG-ChIP-Seq(GSE36024)/Homer","AACAGCTG","1e0","-8.584e-02","1.0000","84.0","14.87","8322.1","16.95","0.877286135693215","-0.0568587340171468","0","8","MYOG"
"Stat3+il21(Stat)/CD4-Stat3-ChIP-Seq(GSE19198)/Homer","SVYTTCCNGGAARB","1e0","-8.565e-02","1.0000","20.0","3.54","2286.7","4.66","0.759656652360515","-0.119382654664212","0","23","STAT3"
"STAT4(Stat)/CD4-Stat4-ChIP-Seq(GSE22104)/Homer","NYTTCCWGGAAR","1e0","-8.288e-02","1.0000","28.0","4.96","3081.0","6.28","0.789808917197452","-0.102477967246999","0","23","STAT4"
"EBF(EBF)/proBcell-EBF-ChIP-Seq(GSE21978)/Homer","DGTCCCYRGGGA","1e0","-7.302e-02","1.0000","4.0","0.71","626.6","1.28","0.5546875","-0.255951620928793","0","89","EBF1"
"Stat3(Stat)/mES-Stat3-ChIP-Seq(GSE11431)/Homer","CTTCCGGGAA","1e0","-7.124e-02","1.0000","13.0","2.30","1615.9","3.29","0.699088145896656","-0.155468061932381","0","23","STAT3"
"Tbr1(T-box)/Cortex-Tbr1-ChIP-Seq(GSE71384)/Homer","AAGGTGTKAA","1e0","-6.966e-02","1.0000","84.0","14.87","8406.8","17.13","0.868067717454758","-0.0614463944435563","0","41","TBR1"
"EKLF(Zf)/Erythrocyte-Klf1-ChIP-Seq(GSE20478)/Homer","NWGGGTGTGGCY","1e0","-6.026e-02","1.0000","7.0","1.24","999.1","2.04","0.607843137254902","-0.216208482263664","0","35","KLF1"
"AR-halfsite(NR)/LNCaP-AR-ChIP-Seq(GSE27824)/Homer","CCAGGAACAG","1e0","-5.761e-02","1.0000","175.0","30.97","16708.9","34.04","0.909811985898942","-0.0410483460557635","0","145","AR(NR)"
"STAT6(Stat)/Macrophage-Stat6-ChIP-Seq(GSE38377)/Homer","TTCCKNAGAA","1e0","-5.507e-02","1.0000","15.0","2.65","1874.8","3.82","0.693717277486911","-0.158817488974901","0","111","STAT6"
"Gata1(Zf)/K562-GATA1-ChIP-Seq(GSE18829)/Homer","SAGATAAGRV","1e0","-5.298e-02","1.0000","19.0","3.36","2294.7","4.67","0.71948608137045","-0.142977603176268","0","31","GATA1"
"Mef2a(MADS)/HL1-Mef2a.biotin-ChIP-Seq(GSE21529)/Homer","CYAAAAATAG","1e0","-4.402e-02","1.0000","9.0","1.59","1272.3","2.59","0.613899613899614","-0.2119026397608","0","44","MEF2A"
"Nr5a2(NR)/Pancreas-LRH1-ChIP-Seq(GSE34295)/Homer","BTCAAGGTCA","1e0","-3.771e-02","1.0000","22.0","3.89","2675.4","5.45","0.713761467889908","-0.146446900950935","0","71","NR5A2(NR)"
"NFkB-p50 p52(RHD)/Monocyte-p50-ChIP-Chip(Schreiber_et_al.)/Homer","GGGGGAATCCCC","1e0","-3.696e-02","1.0000","2.0","0.35","444.9","0.91","0.384615384615385","-0.414973347970818","0","54","NFKB1"
"DMRT1(DM)/Testis-DMRT1-ChIP-Seq(GSE64892)/Homer","TWGHWACAWTGTWDC","1e0","-3.258e-02","1.0000","6.0","1.06","973.3","1.98","0.535353535353535","-0.271359324996761","0","134","DMRT1"
"ZNF165(Zf)/WHIM12-ZNF165-ChIP-Seq(GSE65937)/Homer","AAGGKGRCGCAGGCA","1e0","-3.218e-02","1.0000","2.0","0.35","458.5","0.93","0.376344086021505","-0.42441490420366","0","98","ZNF165"
"FOXA1:AR(Forkhead NR)/LNCAP-AR-ChIP-Seq(GSE27824)/Homer","AGTAAACAAAAAAGAACAND","1e0","-2.428e-02","1.0000","1.0","0.18","323.9","0.66","0.272727272727273","-0.564271430438563","0","28","FOXA1"
"NF1-halfsite(CTF)/LNCaP-NF1-ChIP-Seq(Unpublished)/Homer","YTGCCAAG","1e0","-1.772e-02","1.0000","61.0","10.80","6713.2","13.68","0.789473684210526","-0.102662341897148","0","123","NF1"
"RBPJ:Ebox(? bHLH)/Panc1-Rbpj1-ChIP-Seq(GSE47459)/Homer","GGGRAARRGRMCAGMTG","1e0","-1.471e-02","1.0000","9.0","1.59","1443.6","2.94","0.540816326530612","-0.266950206091706","0","8","RBPJ"
"Bcl6(Zf)/Liver-Bcl6-ChIP-Seq(GSE31578)/Homer","NNNCTTTCCAGGAAA","1e0","-1.444e-02","1.0000","34.0","6.02","4114.7","8.38","0.718377088305489","-0.143647527372452","0","23","BCL6"
"Nkx2.5(Homeobox)/HL1-Nkx2.5.biotin-ChIP-Seq(GSE21529)/Homer","RRSCACTYAA","1e0","-1.265e-02","1.0000","101.0","17.88","10599.9","21.59","0.828161185734136","-0.081885127874332","0","11","NKX2-5"
"Pit1+1bp(Homeobox)/GCrat-Pit1-ChIP-Seq(GSE58009)/Homer","ATGCATAATTCA","1e0","-1.060e-02","1.0000","7.0","1.24","1249.9","2.55","0.486274509803922","-0.31311849527172","0","36","PIT1(POU1F1)"
"CArG(MADS)/PUER-Srf-ChIP-Seq(Sullivan_et_al.)/Homer","CCATATATGGNM","1e0","-8.926e-03","1.0000","5.0","0.88","1016.8","2.07","0.42512077294686","-0.371487673306749","0","98","SRF"
"DMRT6(DM)/Testis-DMRT6-ChIP-Seq(GSE60440)/Homer","YDGHTACAWTGTADC","1e0","-4.370e-03","1.0000","3.0","0.53","815.6","1.66","0.319277108433735","-0.495832218439266","0","133","Dmrtb1(mouse)"
"Nr5a2(NR)/mES-Nr5a2-ChIP-Seq(GSE19019)/Homer","BTCAAGGTCA","1e0","-1.462e-03","1.0000","11.0","1.95","2018.9","4.11","0.474452554744526","-0.323807210513551","0","72","NR5A2(NR)"
"ZNF341(Zf)/EBV-ZNF341-ChIP-Seq(GSE113194)/Homer","GGAACAGCCG","1e0","-1.102e-03","1.0000","23.0","4.07","3461.4","7.05","0.577304964539007","-0.238594707766179","0","146","ZNF341"
"ZFP3(Zf)/HEK293-ZFP3.GFP-ChIP-Seq(GSE58341)/Homer","GGGTTTTGAAGGATGARTAGGAGTT","1e0","0.000e+00","1.0000","0.0","0.00","10.3","0.02","0","0","0","121","ZFP3"
"DUX(Homeobox)/C2C12-Dux-ChIP-Seq(GSE87279)/Homer","BCWGATTCAATCAAN","1e0","0.000e+00","1.0000","0.0","0.00","7.8","0.02","0","0","0","152","DUX4"
"ZBTB33(Zf)/GM12878-ZBTB33-ChIP-Seq(GSE32465)/Homer","GGVTCTCGCGAGAAC","1e0","0.000e+00","1.0000","0.0","0.00","105.3","0.21","0","0","0","136","ZBTB33"
"GATA3(Zf) DR4/iTreg-Gata3-ChIP-Seq(GSE20898)/Homer","AGATGKDGAGATAAG","1e0","0.000e+00","1.0000","0.0","0.00","268.8","0.55","0","0","0","144","GATA3"
"p53(p53)/mES-cMyc-ChIP-Seq(GSE11431)/Homer","ACATGCCCGGGCAT","1e0","0.000e+00","1.0000","0.0","0.00","41.3","0.08","0","0","0","1","TP53"
"ZNF16(Zf)/HEK293-ZNF16.GFP-ChIP-Seq(GSE58341)/Homer","MACCTTCYATGGCTCCCTAKTGCCY","1e0","0.000e+00","1.0000","0.0","0.00","40.6","0.08","0","0","0","65","ZNF16"
"ZNF136(Zf)/HEK293-ZNF136.GFP-ChIP-Seq(GSE58341)/Homer","YTKGATAHAGTATTCTWGGTNGGCA","1e0","0.000e+00","1.0000","0.0","0.00","187.1","0.38","0","0","0","168","ZNF136"
"ZKSCAN1(Zf)/HepG2-ZKSCAN1-ChIP-Seq(Encode)/Homer","GCACAYAGTAGGKCY","1e0","0.000e+00","1.0000","0.0","0.00","36.2","0.07","0","0","0","123","ZKSCAN1"
"Pax7(Paired Homeobox) longest/Myoblast-Pax7-ChIP-Seq(GSE25064)/Homer","NTAATTDGCYAATTANNWWD","1e0","0.000e+00","1.0000","0.0","0.00","84.3","0.17","0","0","0","44","PAX7"
"GFX(?)/Promoter/Homer","ATTCTCGCGAGA","1e0","0.000e+00","1.0000","0.0","0.00","33.3","0.07","0","0","0","136","GFX"
"NF1:FOXA1(CTF Forkhead)/LNCAP-FOXA1-ChIP-Seq(GSE27824)/Homer","WNTGTTTRYTTTGGCA","1e0","0.000e+00","1.0000","0.0","0.00","269.5","0.55","0","0","0","55","FOXA1_NF1"
"OCT:OCT(POU Homeobox IR1)/NPC-Brn2-ChIP-Seq(GSE35496)/Homer","ATGAATWATTCATGA","1e0","0.000e+00","1.0000","0.0","0.00","48.0","0.10","0","0","0","37","BRN2(POU3F2)"
"ZNF41(Zf)/HEK293-ZNF41.GFP-ChIP-Seq(GSE58341)/Homer","CCTCATGGTGYCYTWYTCCCTTGTG","1e0","0.000e+00","1.0000","0.0","0.00","80.7","0.16","0","0","0","47","ZNF41"
