"Motif Name","Consensus","P-value","Log P-value","q-value (Benjamini)","# of Target Sequences with Motif(of 511)","% of Target Sequences with Motif","# of Background Sequences with Motif(of 47157)","% of Background Sequences with Motif","FC","log FC","Significance(-logpvalXFC)","clusterId","finalGene"
"Zfp281(Zf)/ES-Zfp281-ChIP-Seq(GSE81042)/Homer","CCCCTCCCCCAC","1e-15","-3.551e+01","0.0000","40.0","7.83","749.8","1.59","4.92452830188679","0.692364637737492","10.3854695660624","156","ZFP281"
"Maz(Zf)/HepG2-Maz-ChIP-Seq(GSE31477)/Homer","GGGGGGGG","1e-12","-2.934e+01","0.0000","133.0","26.03","6502.3","13.77","1.89034132171387","0.276540227852312","3.31848273422774","102","MAZ"
"NFY(CCAAT)/Promoter/Homer","RGCCAATSRG","1e-10","-2.387e+01","0.0000","89.0","17.42","3952.1","8.37","2.08124253285544","0.318322692678385","3.18322692678385","166","NFYA"
"ZNF467(Zf)/HEK293-ZNF467.GFP-ChIP-Seq(GSE58341)/Homer","TGGGGAAGGGCM","1e-8","-1.983e+01","0.0000","76.0","14.87","3416.7","7.24","2.05386740331492","0.312572402324807","2.50057921859846","139","ZNF467"
"KLF14(Zf)/HEK293-KLF14.GFP-ChIP-Seq(GSE58341)/Homer","RGKGGGCGKGGC","1e-6","-1.611e+01","0.0000","140.0","27.40","8489.8","17.98","1.52391546162403","0.182960875423178","1.09776525253907","35","KLF14"
"Sp5(Zf)/mES-Sp5.Flag-ChIP-Seq(GSE72989)/Homer","RGKGGGCGGAGC","1e-6","-1.432e+01","0.0000","97.0","18.98","5435.3","11.51","1.64900086880973","0.217220884461482","1.30332530676889","35","SP5"
"Foxa2(Forkhead)/Liver-Foxa2-ChIP-Seq(GSE25694)/Homer","CYTGTTTACWYW","1e-6","-1.402e+01","0.0000","64.0","12.52","3113.2","6.59","1.89984825493171","0.278718914280401","1.67231348568241","30","FOXA2"
"Lhx3(Homeobox)/Neuron-Lhx3-ChIP-Seq(GSE31456)/Homer","ADBTAATTAR","1e-5","-1.155e+01","0.0005","95.0","18.59","5649.9","11.97","1.5530492898914","0.191185239365488","0.955926196827439","43","LHX3"
"WT1(Zf)/Kidney-WT1-ChIP-Seq(GSE90016)/Homer","MCTCCCMCRCAB","1e-4","-1.144e+01","0.0005","68.0","13.31","3659.4","7.75","1.71741935483871","0.234876352968365","0.939505411873459","19","WT1"
"Sp2(Zf)/HEK293-Sp2.eGFP-ChIP-Seq(Encode)/Homer","YGGCCCCGCCCC","1e-4","-1.123e+01","0.0006","109.0","21.33","6779.6","14.36","1.48537604456825","0.171836415543147","0.687345662172589","35","SP2"
"MNT(bHLH)/HepG2-MNT-ChIP-Seq(Encode)/Homer","DGCACACGTG","1e-4","-1.004e+01","0.0017","81.0","15.85","4798.6","10.16","1.56003937007874","0.19313555860587","0.772542234423479","144","MNT"
"SCRT1(Zf)/HEK293-SCRT1.eGFP-ChIP-Seq(Encode)/Homer","GCAACAGGTG","1e-4","-9.820e+00","0.0019","36.0","7.05","1624.5","3.44","2.04941860465116","0.311630674419869","1.24652269767947","110","SCRT1"
"Sox3(HMG)/NPC-Sox3-ChIP-Seq(GSE33059)/Homer","CCWTTGTY","1e-4","-9.571e+00","0.0023","97.0","18.98","6104.0","12.93","1.46790409899459","0.16669768321088","0.666790732843519","74","SOX3"
"ZNF7(Zf)/HepG2-ZNF7.Flag-ChIP-Seq(Encode)/Homer","CTGCCWVCTTTTRTA","1e-3","-9.076e+00","0.0035","37.0","7.24","1753.1","3.71","1.95148247978437","0.290364656582101","0.871093969746303","16","ZNF7"
"Sox10(HMG)/SciaticNerve-Sox3-ChIP-Seq(GSE35132)/Homer","CCWTTGTYYB","1e-3","-8.153e+00","0.0082","91.0","17.81","5872.5","12.44","1.43167202572347","0.155843539108444","0.467530617325331","74","SOX10"
"DMRT1(DM)/Testis-DMRT1-ChIP-Seq(GSE64892)/Homer","TWGHWACAWTGTWDC","1e-3","-7.952e+00","0.0094","19.0","3.72","709.2","1.50","2.48","0.394451680826216","1.18335504247865","134","DMRT1"
"Hand2(bHLH)/Mesoderm-Hand2-ChIP-Seq(GSE61475)/Homer","TGACANARRCCAGRC","1e-3","-7.905e+00","0.0094","41.0","8.02","2141.1","4.53","1.77041942604856","0.248076166271332","0.744228498813994","105","HAND2"
"FOXK2(Forkhead)/U2OS-FOXK2-ChIP-Seq(E-MTAB-2204)/Homer","SCHTGTTTACAT","1e-3","-7.861e+00","0.0094","55.0","10.76","3155.0","6.68","1.61077844311377","0.207035808854825","0.621107426564474","30","FOXK2"
"TCF4(bHLH)/SHSY5Y-TCF4-ChIP-Seq(GSE96915)/Homer","SMCATCTGKH","1e-3","-7.354e+00","0.0144","117.0","22.90","8136.8","17.23","1.32907719094602","0.123550204891859","0.370650614675578","8","TCF4"
"KLF5(Zf)/LoVo-KLF5-ChIP-Seq(GSE49402)/Homer","DGGGYGKGGC","1e-3","-7.328e+00","0.0144","86.0","16.83","5624.4","11.91","1.41309823677582","0.150172354493046","0.450517063479139","34","KLF5"
"CRE(bZIP)/Promoter/Homer","CSGTGACGTCAC","1e-3","-7.089e+00","0.0170","36.0","7.05","1880.2","3.98","1.7713567839196","0.248306044917711","0.744918134753132","66","CREB1"
"Smad3(MAD)/NPC-Smad3-ChIP-Seq(GSE36673)/Homer","TWGTCTGV","1e-3","-7.040e+00","0.0171","177.0","34.64","13314.9","28.20","1.22836879432624","0.0893287750259479","0.267986325077844","135","SMAD3"
"Lhx2(Homeobox)/HFSC-Lhx2-ChIP-Seq(GSE48068)/Homer","TAATTAGN","1e-3","-6.970e+00","0.0175","54.0","10.57","3203.5","6.78","1.55899705014749","0.192845293440363","0.578535880321089","44","LHX2"
"Sox2(HMG)/mES-Sox2-ChIP-Seq(GSE11431)/Homer","BCCATTGTTC","1e-2","-6.815e+00","0.0196","50.0","9.78","2927.0","6.20","1.57741935483871","0.197947165289347","0.395894330578695","74","SOX2"
"LEF1(HMG)/H1-LEF1-ChIP-Seq(GSE64758)/Homer","CCTTTGATST","1e-2","-6.557e+00","0.0243","39.0","7.63","2154.2","4.56","1.67324561403509","0.223559695290445","0.447119390580891","92","LEF1"
"CEBP(bZIP)/ThioMac-CEBPb-ChIP-Seq(GSE21512)/Homer","ATTGCGCAAC","1e-2","-6.503e+00","0.0247","37.0","7.24","2017.2","4.27","1.69555035128806","0.229310691172123","0.458621382344246","165","CEBPB"
"FOXK1(Forkhead)/HEK293-FOXK1-ChIP-Seq(GSE51673)/Homer","NVWTGTTTAC","1e-2","-6.438e+00","0.0253","74.0","14.48","4836.7","10.24","1.4140625","0.150468605221316","0.300937210442632","30","FOXK1"
"Tcf7(HMG)/GM12878-TCF7-ChIP-Seq(Encode)/Homer","CTTTGATGTGSB","1e-2","-6.376e+00","0.0260","27.0","5.28","1334.2","2.83","1.86572438162544","0.270847487009522","0.541694974019044","93","TCF7"
"BHLHA15(bHLH)/NIH3T3-BHLHB8.HA-ChIP-Seq(GSE119782)/Homer","NAMCAGCTGK","1e-2","-6.192e+00","0.0302","111.0","21.72","7902.4","16.74","1.29749103942652","0.113104367259568","0.226208734519136","8","BHLHA15"
"Isl1(Homeobox)/Neuron-Isl1-ChIP-Seq(GSE31456)/Homer","CTAATKGV","1e-2","-6.177e+00","0.0302","93.0","18.20","6419.0","13.59","1.3392200147167","0.12685193125258","0.253703862505161","83","ISL1"
"Tcf21(bHLH)/ArterySmoothMuscle-Tcf21-ChIP-Seq(GSE61369)/Homer","NAACAGCTGG","1e-2","-6.099e+00","0.0310","90.0","17.61","6191.2","13.11","1.34324942791762","0.128156664277193","0.256313328554385","8","TCF21"
"Smad2(MAD)/ES-SMAD2-ChIP-Seq(GSE29422)/Homer","CTGTCTGG","1e-2","-5.907e+00","0.0364","139.0","27.20","10342.9","21.90","1.24200913242009","0.0941247891940804","0.188249578388161","137","SMAD2"
"NPAS(bHLH)/Liver-NPAS-ChIP-Seq(GSE39860)/Homer","NVCACGTG","1e-2","-5.884e+00","0.0364","116.0","22.70","8396.0","17.78","1.27671541057368","0.106094100558928","0.212188201117856","13","NPAS2"
"RFX(HTH)/K562-RFX3-ChIP-Seq(SRA012198)/Homer","CGGTTGCCATGGCAAC","1e-2","-5.734e+00","0.0407","13.0","2.54","492.1","1.04","2.44230769230769","0.387800377321158","0.775600754642315","34","RFX3"
"Rfx1(HTH)/NPC-H3K4me1-ChIP-Seq(GSE16256)/Homer","KGTTGCCATGGCAA","1e-2","-5.732e+00","0.0407","19.0","3.72","862.8","1.83","2.0327868852459","0.308091850151468","0.616183700302936","34","RFX1"
"Smad4(MAD)/ESC-SMAD4-ChIP-Seq(GSE29422)/Homer","VBSYGTCTGG","1e-2","-5.661e+00","0.0414","140.0","27.40","10496.6","22.23","1.23256860098965","0.0908111001213973","0.181622200242795","138","SMAD4"
"JunD(bZIP)/K562-JunD-ChIP-Seq/Homer","ATGACGTCATCN","1e-2","-5.583e+00","0.0435","17.0","3.33","746.1","1.58","2.10759493670886","0.323787146551897","0.647574293103794","98","JUND"
"Znf263(Zf)/K562-Znf263-ChIP-Seq(GSE31477)/Homer","CVGTSCTCCC","1e-2","-5.576e+00","0.0435","169.0","33.07","13037.1","27.61","1.19775443679826","0.0783677882744397","0.156735576548879","80","ZNF263"
"Rfx2(HTH)/LoVo-RFX2-ChIP-Seq(GSE49402)/Homer","GTTGCCATGGCAACM","1e-2","-5.438e+00","0.0477","13.0","2.54","511.0","1.08","2.35185185185185","0.371409961132988","0.742819922265976","33","RFX2"
"TATA-Box(TBP)/Promoter/Homer","CCTTTTAWAGSC","1e-2","-5.422e+00","0.0477","64.0","12.52","4235.5","8.97","1.39576365663322","0.144811885830319","0.289623771660637","164","TBP"
"Otx2(Homeobox)/EpiLC-Otx2-ChIP-Seq(GSE56098)/Homer","NYTAATCCYB","1e-2","-5.299e+00","0.0521","37.0","7.24","2172.4","4.60","1.57391304347826","0.196980734515573","0.393961469031146","37","OTX2"
"Sox6(HMG)/Myotubes-Sox6-ChIP-Seq(GSE32627)/Homer","CCATTGTTNY","1e-2","-5.210e+00","0.0556","81.0","15.85","5652.6","11.97","1.32414369256475","0.12193511614736","0.243870232294719","73","SOX6"
"DMRT6(DM)/Testis-DMRT6-ChIP-Seq(GSE60440)/Homer","YDGHTACAWTGTADC","1e-2","-5.191e+00","0.0556","14.0","2.74","588.0","1.25","2.192","0.340840549812332","0.681681099624663","133","Dmrtb1(mouse)"
"Lhx1(Homeobox)/EmbryoCarcinoma-Lhx1-ChIP-Seq(GSE70957)/Homer","NNYTAATTAR","1e-2","-5.058e+00","0.0619","53.0","10.37","3435.8","7.28","1.42445054945055","0.153647377076004","0.307294754152007","44","LHX1"
"CTCF(Zf)/CD4+-CTCF-ChIP-Seq(Barski_et_al.)/Homer","AYAGTGCCMYCTRGTGGCCA","1e-2","-4.847e+00","0.0747","17.0","3.33","806.7","1.71","1.94736842105263","0.289448123114166","0.578896246228332","83","CTCF"
"X-box(HTH)/NPC-H3K4me1-ChIP-Seq(GSE16256)/Homer","GGTTGCCATGGCAA","1e-2","-4.829e+00","0.0747","11.0","2.15","429.2","0.91","2.36263736263736","0.373397067594512","0.746794135189023","32","RFX2"
"Tcf12(bHLH)/GM12878-Tcf12-ChIP-Seq(GSE32465)/Homer","VCAGCTGYTG","1e-2","-4.793e+00","0.0755","92.0","18.00","6663.8","14.11","1.27569099929128","0.105745491348958","0.211490982697916","8","TCF12"
"Oct4:Sox17(POU Homeobox HMG)/F9-Sox17-ChIP-Seq(GSE44553)/Homer","CCATTGTATGCAAAT","1e-2","-4.765e+00","0.0760","9.0","1.76","317.5","0.67","2.62686567164179","0.419437865113323","0.838875730226647","76","OCT4_SOX17"
"Tcf3(HMG)/mES-Tcf3-ChIP-Seq(GSE11724)/Homer","ASWTCAAAGG","1e-2","-4.690e+00","0.0803","17.0","3.33","821.0","1.74","1.91379310344828","0.28189498522372","0.56378997044744","92","TCF7L1"
"BMAL1(bHLH)/Liver-Bmal1-ChIP-Seq(GSE39860)/Homer","GNCACGTG","1e-2","-4.646e+00","0.0822","125.0","24.46","9504.3","20.13","1.21510183805266","0.0846126778116122","0.169225355623224","13","ARNTL"
"Phox2b(Homeobox)/CLBGA-PHOX2B-ChIP-Seq(GSE90683)/Homer","TTAATTNAATTA","1e-2","-4.623e+00","0.0824","11.0","2.15","442.6","0.94","2.28723404255319","0.359310606315907","0.718621212631813","60","PHOX2B"
"PBX2(Homeobox)/K562-PBX2-ChIP-Seq(Encode)/Homer","RTGATTKATRGN","1e-1","-4.588e+00","0.0837","46.0","9.00","2972.5","6.30","1.42857142857143","0.154901959985743","0.154901959985743","10","PBX2"
"LXH9(Homeobox)/Hct116-LXH9.V5-ChIP-Seq(GSE116822)/Homer","NGCTAATTAG","1e-1","-4.440e+00","0.0953","68.0","13.31","4765.4","10.09","1.3191278493558","0.120286889237765","0.120286889237765","44","LXH9"
"Sox4(HMG)/proB-Sox4-ChIP-Seq(GSE50066)/Homer","YCTTTGTTCC","1e-1","-4.354e+00","0.1019","46.0","9.00","3015.6","6.39","1.40845070422535","0.148741651280925","0.148741651280925","74","SOX4"
"Olig2(bHLH)/Neuron-Olig2-ChIP-Seq(GSE30882)/Homer","RCCATMTGTT","1e-1","-4.325e+00","0.1029","132.0","25.83","10210.9","21.62","1.19472710453284","0.0772687165560256","0.0772687165560256","8","OLIG2"
"NeuroD1(bHLH)/Islet-NeuroD1-ChIP-Seq(GSE30298)/Homer","GCCATCTGTT","1e-1","-4.193e+00","0.1154","62.0","12.13","4332.6","9.18","1.32135076252723","0.121018119665331","0.121018119665331","8","NEUROD1"
"FOXM1(Forkhead)/MCF7-FOXM1-ChIP-Seq(GSE72977)/Homer","TRTTTACTTW","1e-1","-4.035e+00","0.1329","50.0","9.78","3396.2","7.19","1.36022253129346","0.133609964404719","0.133609964404719","30","FOXM1"
"SCL(bHLH)/HPC7-Scl-ChIP-Seq(GSE13511)/Homer","AVCAGCTG","1e-1","-3.899e+00","0.1495","315.0","61.64","26951.5","57.08","1.07988787666433","0.0333786656037723","0.0333786656037723","8","TAL1"
"Atoh1(bHLH)/Cerebellum-Atoh1-ChIP-Seq(GSE22111)/Homer","VNRVCAGCTGGY","1e-1","-3.880e+00","0.1497","86.0","16.83","6407.2","13.57","1.24023581429624","0.0935042683160867","0.0935042683160867","8","ATOH1"
"Nkx6.1(Homeobox)/Islet-Nkx6.1-ChIP-Seq(GSE40975)/Homer","GKTAATGR","1e-1","-3.880e+00","0.1497","123.0","24.07","9579.0","20.29","1.18629866929522","0.074194043241684","0.074194043241684","9","NKX6-1"
"NFIL3(bZIP)/HepG2-NFIL3-ChIP-Seq(Encode)/Homer","VTTACGTAAYNNNNN","1e-1","-3.804e+00","0.1563","40.0","7.83","2646.4","5.60","1.39821428571429","0.145573735051743","0.145573735051743","127","NFIL3"
"Ptf1a(bHLH)/Panc1-Ptf1a-ChIP-Seq(GSE47459)/Homer","ACAGCTGTTN","1e-1","-3.771e+00","0.1589","193.0","37.77","15807.4","33.48","1.12813620071685","0.0523615355063027","0.0523615355063027","8","PTF1A"
"c-Myc(bHLH)/mES-cMyc-ChIP-Seq(GSE11431)/Homer","VVCCACGTGG","1e-1","-3.706e+00","0.1669","32.0","6.26","2038.7","4.32","1.44907407407407","0.161090586395518","0.161090586395518","13","MYC"
"n-Myc(bHLH)/mES-nMyc-ChIP-Seq(GSE11431)/Homer","VRCCACGTGG","1e-1","-3.700e+00","0.1669","49.0","9.59","3387.1","7.17","1.33751743375174","0.126299451502864","0.126299451502863","13","MYCN"
"Atf2(bZIP)/3T3L1-Atf2-ChIP-Seq(GSE56872)/Homer","NRRTGACGTCAT","1e-1","-3.610e+00","0.1781","31.0","6.07","1977.8","4.19","1.44868735083532","0.160974668108962","0.160974668108962","96","ATF2"
"c-Jun-CRE(bZIP)/K562-cJun-ChIP-Seq(GSE31477)/Homer","ATGACGTCATCY","1e-1","-3.576e+00","0.1814","26.0","5.09","1599.6","3.39","1.50147492625369","0.176518084133677","0.176518084133677","96","JUN"
"MyoG(bHLH)/C2C12-MyoG-ChIP-Seq(GSE36024)/Homer","AACAGCTG","1e-1","-3.568e+00","0.1814","96.0","18.79","7353.0","15.57","1.2068079640334","0.0816381675324053","0.0816381675324053","8","MYOG"
"Phox2a(Homeobox)/Neuron-Phox2a-ChIP-Seq(GSE31456)/Homer","YTAATYNRATTA","1e-1","-3.534e+00","0.1837","16.0","3.13","867.7","1.84","1.70108695652174","0.230726514536912","0.230726514536912","59","PHOX2A"
"Twist2(bHLH)/Myoblast-Twist2.Ty1-ChIP-Seq(GSE127998)/Homer","MCAGCTGBYH","1e-1","-3.530e+00","0.1837","126.0","24.66","9963.9","21.10","1.16872037914692","0.0677106169620202","0.0677106169620201","8","TWIST2"
"Hoxa9(Homeobox)/ChickenMSG-Hoxa9.Flag-ChIP-Seq(GSE86088)/Homer","RGCAATNAAA","1e-1","-3.445e+00","0.1951","127.0","24.85","10082.5","21.35","1.16393442622951","0.0659285137083082","0.0659285137083082","32","HOXA9"
"FOXA1(Forkhead)/LNCAP-FOXA1-ChIP-Seq(GSE27824)/Homer","WAAGTAAACA","1e-1","-3.434e+00","0.1951","57.0","11.15","4104.4","8.69","1.28308400460299","0.108255090935513","0.108255090935513","30","FOXA1"
"NeuroG2(bHLH)/Fibroblast-NeuroG2-ChIP-Seq(GSE75910)/Homer","ACCATCTGTT","1e-1","-3.408e+00","0.1967","105.0","20.55","8181.9","17.33","1.18580496249279","0.0740132634981711","0.0740132634981711","8","NEUROG2"
"FOXA1(Forkhead)/MCF7-FOXA1-ChIP-Seq(GSE26831)/Homer","WAAGTAAACA","1e-1","-3.391e+00","0.1974","47.0","9.20","3294.1","6.98","1.31805157593123","0.119932404722394","0.119932404722394","30","FOXA1"
"Tgif1(Homeobox)/mES-Tgif1-ChIP-Seq(GSE55404)/Homer","YTGWCADY","1e-1","-3.343e+00","0.2043","173.0","33.86","14195.4","30.06","1.12641383898869","0.0516979775220271","0.0516979775220271","94","TGIF1"
"CDX4(Homeobox)/ZebrafishEmbryos-Cdx4.Myc-ChIP-Seq(GSE48254)/Homer","NGYCATAAAWCH","1e-1","-3.337e+00","0.2043","46.0","9.00","3225.8","6.83","1.31771595900439","0.119821805757792","0.119821805757792","32","CDX4"
"ZBTB18(Zf)/HEK293-ZBTB18.GFP-ChIP-Seq(GSE58341)/Homer","AACATCTGGA","1e-1","-3.170e+00","0.2366","37.0","7.24","2534.4","5.37","1.34823091247672","0.129764280497591","0.129764280497591","167","ZBTB18"
"ZNF341(Zf)/EBV-ZNF341-ChIP-Seq(GSE113194)/Homer","GGAACAGCCG","1e-1","-3.154e+00","0.2373","48.0","9.39","3432.7","7.27","1.29160935350757","0.111131181407073","0.111131181407073","146","ZNF341"
"Sox15(HMG)/CPA-Sox15-ChIP-Seq(GSE62909)/Homer","RAACAATGGN","1e-1","-3.128e+00","0.2403","46.0","9.00","3274.8","6.94","1.29682997118156","0.11288303898447","0.11288303898447","74","SOX15"
"PR(NR)/T47D-PR-ChIP-Seq(GSE31130)/Homer","VAGRACAKNCTGTBC","1e-1","-3.123e+00","0.2403","110.0","21.53","8718.8","18.46","1.16630552546046","0.0668123331335939","0.0668123331335939","80","PGR(NR)"
"Atf7(bZIP)/3T3L1-Atf7-ChIP-Seq(GSE56872)/Homer","NGRTGACGTCAY","1e-1","-3.113e+00","0.2403","37.0","7.24","2546.6","5.39","1.34322820037106","0.128149801010408","0.128149801010408","98","ATF7"
"RXR(NR) DR1/3T3L1-RXR-ChIP-Seq(GSE13511)/Homer","TAGGGCAAAGGTCA","1e-1","-3.103e+00","0.2403","54.0","10.57","3941.4","8.35","1.26586826347305","0.102388511823824","0.102388511823824","22","RXRA(NR)"
"Cdx2(Homeobox)/mES-Cdx2-ChIP-Seq(GSE14586)/Homer","GYMATAAAAH","1e-1","-3.065e+00","0.2435","31.0","6.07","2076.5","4.40","1.37954545454545","0.13973601458907","0.13973601458907","103","CDX2"
"Jun-AP1(bZIP)/K562-cJun-ChIP-Seq(GSE31477)/Homer","GATGASTCATCN","1e-1","-3.064e+00","0.2435","13.0","2.54","706.8","1.50","1.69333333333333","0.228742457564257","0.228742457564257","17","JUN"
"Six1(Homeobox)/Myoblast-Six1-ChIP-Chip(GSE20150)/Homer","GKVTCADRTTWC","1e-1","-3.052e+00","0.2435","14.0","2.74","779.2","1.65","1.66060606060606","0.220266618606482","0.220266618606482","65","SIX1"
"Twist(bHLH)/HMLE-TWIST1-ChIP-Seq(Chang_et_al)/Homer","VCAKCTGGNNNCCAGMTGBN","1e-1","-3.028e+00","0.2438","12.0","2.35","639.9","1.36","1.72794117647059","0.237528953901519","0.237528953901519","8","TWIST1"
"Atf1(bZIP)/K562-ATF1-ChIP-Seq(GSE31477)/Homer","GATGACGTCA","1e-1","-2.994e+00","0.2492","54.0","10.57","3970.5","8.41","1.25683709869203","0.0992789915095141","0.0992789915095141","97","ATF1"
"Egr1(Zf)/K562-Egr1-ChIP-Seq(GSE32465)/Homer","TGCGTGGGYG","1e-1","-2.950e+00","0.2574","57.0","11.15","4233.5","8.97","1.24303232998885","0.0944824243400874","0.0944824243400874","19","EGR1"
"E2F(E2F)/Hela-CellCycle-Expression/Homer","TTSGCGCGAAAA","1e-1","-2.876e+00","0.2740","7.0","1.37","313.8","0.66","2.07575757575758","0.317176631614538","0.317176631614538","157","E2F"
"Ap4(bHLH)/AML-Tfap4-ChIP-Seq(GSE45738)/Homer","NAHCAGCTGD","1e-1","-2.765e+00","0.3029","105.0","20.55","8420.6","17.83","1.15255187885586","0.0616604830367335","0.0616604830367335","8","TFAP4"
"OCT4-SOX2-TCF-NANOG(POU Homeobox HMG)/mES-Oct4-ChIP-Seq(GSE11431)/Homer","ATTTGCATAACAATG","1e-1","-2.719e+00","0.3136","7.0","1.37","325.6","0.69","1.98550724637681","0.297871476419152","0.297871476419151","93","OCT4-SOX2-TCF-NANOG"
"Klf9(Zf)/GBM-Klf9-ChIP-Seq(GSE62211)/Homer","GCCACRCCCACY","1e-1","-2.608e+00","0.3464","28.0","5.48","1928.5","4.08","1.34313725490196","0.128120395394489","0.128120395394489","35","KLF9"
"Hoxd12(Homeobox)/ChickenMSG-Hoxd12.Flag-ChIP-Seq(GSE86088)/Homer","HDGYAATGAAAN","1e-1","-2.485e+00","0.3878","73.0","14.29","5745.6","12.17","1.17419884963024","0.0697416505609052","0.0697416505609052","32","HOXD12"
"CTCF-SatelliteElement(Zf?)/CD4+-CTCF-ChIP-Seq(Barski_et_al.)/Homer","TGCAGTTCCMVNWRTGGCCA","1e-1","-2.414e+00","0.4118","2.0","0.39","46.6","0.10","3.9","0.591064607026499","0.591064607026499","20","CTCF-SatelliteElement"
"Hoxc9(Homeobox)/Ainv15-Hoxc9-ChIP-Seq(GSE21812)/Homer","GGCCATAAATCA","1e-1","-2.374e+00","0.4238","23.0","4.50","1574.1","3.33","1.35135135135135","0.130768280269024","0.130768280269024","10","HOXC9"
"Pknox1(Homeobox)/ES-Prep1-ChIP-Seq(GSE63282)/Homer","SCTGTCAVTCAV","1e0","-2.298e+00","0.4528","15.0","2.94","956.1","2.02","1.45544554455446","0.162995960965534","0","120","PKNOX1"
"Dlx3(Homeobox)/Kerainocytes-Dlx3-ChIP-Seq(GSE89884)/Homer","NDGTAATTAC","1e0","-2.273e+00","0.4592","26.0","5.09","1838.8","3.89","1.30848329048843","0.116768181011051","0","43","DLX3"
"NRF1(NRF)/MCF7-NRF1-ChIP-Seq(Unpublished)/Homer","CTGCGCATGCGC","1e0","-2.238e+00","0.4708","13.0","2.54","811.1","1.72","1.47674418604651","0.169305269712389","0","7","NRF1"
"Arnt:Ahr(bHLH)/MCF7-Arnt-ChIP-Seq(Lo_et_al.)/Homer","TBGCACGCAA","1e0","-2.165e+00","0.5011","66.0","12.92","5258.9","11.14","1.15978456014363","0.0643773228213552","0","77","ARNT(HIF1B)"
"GSC(Homeobox)/FrogEmbryos-GSC-ChIP-Seq(DRA000576)/Homer","RGGATTAR","1e0","-2.142e+00","0.5078","47.0","9.20","3631.2","7.69","1.1963589076723","0.0778614875441242","0","38","GSC"
"GRE(NR) IR3/RAW264.7-GRE-ChIP-Seq(Unpublished)/Homer","VAGRACAKWCTGTYC","1e0","-2.124e+00","0.5119","14.0","2.74","906.4","1.92","1.42708333333333","0.154449334116838","0","78","GRE(NR)"
"Myf5(bHLH)/GM-Myf5-ChIP-Seq(GSE24852)/Homer","BAACAGCTGT","1e0","-2.119e+00","0.5119","65.0","12.72","5189.5","10.99","1.15741583257507","0.0634894188889045","0","8","MYF5"
"NFkB-p65-Rel(RHD)/ThioMac-LPS-Expression(GSE23622)/Homer","GGAAATTCCC","1e0","-2.118e+00","0.5119","4.0","0.78","173.9","0.37","2.10810810810811","0.323892878623485","0","53","NFKB1_RELA"
"NRF(NRF)/Promoter/Homer","STGCGCATGCGC","1e0","-2.098e+00","0.5119","21.0","4.11","1469.9","3.11","1.32154340836013","0.121081432849232","0","7","NRF1"
"Unknown-ESC-element(?)/mES-Nanog-ChIP-Seq(GSE11724)/Homer","CACAGCAGGGGG","1e0","-2.074e+00","0.5171","39.0","7.63","2972.2","6.29","1.21303656597774","0.0838738925096115","0","12","Novel_ESC_element"
"Hoxd13(Homeobox)/ChickenMSG-Hoxd13.Flag-ChIP-Seq(GSE86088)/Homer","NCYAATAAAA","1e0","-2.069e+00","0.5171","67.0","13.11","5382.5","11.40","1.15","0.0606978403536116","0","32","HOXD13"
"ZSCAN22(Zf)/HEK293-ZSCAN22.GFP-ChIP-Seq(GSE58341)/Homer","SMCAGTCWGAKGGAGGAGGC","1e0","-2.040e+00","0.5252","8.0","1.57","460.1","0.97","1.61855670103093","0.209127918142989","0","114","ZSCAN22"
"DUX4(Homeobox)/Myoblasts-DUX4.V5-ChIP-Seq(GSE75791)/Homer","NWTAAYCYAATCAWN","1e0","-2.039e+00","0.5252","3.0","0.59","115.5","0.24","2.45833333333333","0.390640769930538","0","26","DUX4"
"Tcfcp2l1(CP2)/mES-Tcfcp2l1-ChIP-Seq(GSE11431)/Homer","NRAACCRGTTYRAACCRGYT","1e0","-2.027e+00","0.5252","15.0","2.94","1001.6","2.12","1.38679245283019","0.142011469483406","0","1","TFCP2L1"
"HOXA1(Homeobox)/mES-Hoxa1-ChIP-Seq(SRP084292)/Homer","TGATKGATGR","1e0","-2.008e+00","0.5270","16.0","3.13","1084.5","2.30","1.36086956521739","0.133816501528856","0","10","HOXA1"
"E2F6(E2F)/Hela-E2F6-ChIP-Seq(GSE31477)/Homer","GGCGGGAARN","1e0","-1.956e+00","0.5504","30.0","5.87","2247.1","4.76","1.23319327731092","0.0910311485271213","0","5","E2F6"
"Srebp1a(bHLH)/HepG2-Srebp1a-ChIP-Seq(GSE31477)/Homer","RTCACSCCAY","1e0","-1.947e+00","0.5504","11.0","2.15","700.4","1.48","1.4527027027027","0.162176744520648","0","67","SREBF1"
"Six2(Homeobox)/NephronProgenitor-Six2-ChIP-Seq(GSE39837)/Homer","GWAAYHTGAKMC","1e0","-1.895e+00","0.5742","43.0","8.41","3370.7","7.14","1.17787114845938","0.0710977840217378","0","63","SIX2"
"ZNF165(Zf)/WHIM12-ZNF165-ChIP-Seq(GSE65937)/Homer","AAGGKGRCGCAGGCA","1e0","-1.890e+00","0.5742","8.0","1.57","478.9","1.01","1.55445544554455","0.191578278626591","0","98","ZNF165"
"Pdx1(Homeobox)/Islet-Pdx1-ChIP-Seq(SRA008281)/Homer","YCATYAATCA","1e0","-1.886e+00","0.5742","44.0","8.61","3459.4","7.33","1.17462482946794","0.0698991768125267","0","10","PDX1"
"AMYB(HTH)/Testes-AMYB-ChIP-Seq(GSE44588)/Homer","TGGCAGTTGG","1e0","-1.869e+00","0.5743","87.0","17.03","7227.9","15.31","1.11234487263227","0.04623945726434","0","21","MYBL1"
"Prop1(Homeobox)/GHFT1-PROP1.biotin-ChIP-Seq(GSE77302)/Homer","NTAATBNAATTA","1e0","-1.859e+00","0.5750","19.0","3.72","1357.7","2.88","1.29166666666667","0.111150452122667","0","58","PROP1"
"Zic(Zf)/Cerebellum-ZIC1.2-ChIP-Seq(GSE60731)/Homer","CCTGCTGAGH","1e0","-1.855e+00","0.5750","54.0","10.57","4335.9","9.18","1.15141612200436","0.0612323061061838","0","12","ZIC1"
"NFAT(RHD)/Jurkat-NFATC1-ChIP-Seq(Jolma_et_al.)/Homer","ATTTTCCATT","1e0","-1.854e+00","0.5750","43.0","8.41","3385.0","7.17","1.17294281729428","0.0692768401301121","0","17","NFATC1"
"Meis1(Homeobox)/MastCells-Meis1-ChIP-Seq(GSE48085)/Homer","VGCTGWCAVB","1e0","-1.847e+00","0.5750","102.0","19.96","8571.5","18.15","1.09972451790634","0.041283907579221","0","174","MEIS1"
"FoxD3(forkhead)/ZebrafishEmbryo-Foxd3.biotin-ChIP-seq(GSE106676)/Homer","TGTTTAYTTAGC","1e0","-1.842e+00","0.5750","42.0","8.22","3302.3","6.99","1.17596566523605","0.070394641794369","0","30","FOXD3"
"Pitx1(Homeobox)/Chicken-Pitx1-ChIP-Seq(GSE38910)/Homer","TAATCCCN","1e0","-1.830e+00","0.5750","182.0","35.62","15793.2","33.45","1.06487294469357","0.0272977930233827","0","155","PITX1"
"OCT:OCT(POU Homeobox)/NPC-OCT6-ChIP-Seq(GSE43916)/Homer","YATGCATATRCATRT","1e0","-1.814e+00","0.5750","4.0","0.78","195.6","0.41","1.90243902439024","0.279310745970745","0","171","POU3F1(OCT6)"
"Tgif2(Homeobox)/mES-Tgif2-ChIP-Seq(GSE55404)/Homer","TGTCANYT","1e0","-1.801e+00","0.5750","175.0","34.25","15175.6","32.14","1.06565028002489","0.0276147034011186","0","94","TGIF2"
"AP-1(bZIP)/ThioMac-PU.1-ChIP-Seq(GSE21512)/Homer","VTGACTCATC","1e0","-1.792e+00","0.5753","33.0","6.46","2548.5","5.40","1.1962962962963","0.0778387581721155","0","17","FOS"
"MYB(HTH)/ERMYB-Myb-ChIPSeq(GSE22095)/Homer","GGCVGTTR","1e0","-1.681e+00","0.6377","107.0","20.94","9108.2","19.29","1.0855365474339","0.035644449698939","0","21","MYB"
"Zfp57(Zf)/H1-ZFP57.HA-ChIP-Seq(GSE115387)/Homer","NANTGCSGCA","1e0","-1.680e+00","0.6377","34.0","6.65","2669.7","5.65","1.17699115044248","0.0707731974836661","0","173","ZFP57"
"Atf3(bZIP)/GBM-ATF3-ChIP-Seq(GSE33912)/Homer","DATGASTCATHN","1e0","-1.659e+00","0.6414","27.0","5.28","2077.6","4.40","1.2","0.0791812460476248","0","17","ATF3"
"OCT:OCT-short(POU Homeobox)/NPC-OCT6-ChIP-Seq(GSE43916)/Homer","ATGCATWATGCATRW","1e0","-1.659e+00","0.6414","21.0","4.11","1570.9","3.33","1.23423423423423","0.0913975883697493","0","35","OCT6(POU3F1)"
"ZNF415(Zf)/HEK293-ZNF415.GFP-ChIP-Seq(GSE58341)/Homer","GRTGMTRGAGCC","1e0","-1.658e+00","0.6414","38.0","7.44","3021.2","6.40","1.1625","0.0653929615619916","0","145","ZNF415"
"BMYB(HTH)/Hela-BMYB-ChIP-Seq(GSE27030)/Homer","NHAACBGYYV","1e0","-1.654e+00","0.6414","98.0","19.18","8317.9","17.62","1.08853575482406","0.0368426987586157","0","21","MYBL2"
"Srebp2(bHLH)/HepG2-Srebp2-ChIP-Seq(GSE31477)/Homer","CGGTCACSCCAC","1e0","-1.639e+00","0.6414","7.0","1.37","434.7","0.92","1.48913043478261","0.172932739810851","0","68","SREBF2"
"Duxbl(Homeobox)/NIH3T3-Duxbl.HA-ChIP-Seq(GSE119782)/Homer","TAAYCYAATCAA","1e0","-1.625e+00","0.6414","4.0","0.78","211.7","0.45","1.73333333333333","0.238882088915137","0","27","DUX4"
"Pit1(Homeobox)/GCrat-Pit1-ChIP-Seq(GSE58009)/Homer","ATGMATATDC","1e0","-1.613e+00","0.6414","30.0","5.87","2347.8","4.97","1.18108651911469","0.0722817125142824","0","3","PIT1(POU1F1)"
"ZNF519(Zf)/HEK293-ZNF519.GFP-ChIP-Seq(GSE58341)/Homer","GAGSCCGAGC","1e0","-1.578e+00","0.6590","12.0","2.35","842.2","1.78","1.32022471910112","0.120647859962842","0","143","ZNF519"
"PBX1(Homeobox)/MCF7-PBX1-ChIP-Seq(GSE28007)/Homer","GSCTGTCACTCA","1e0","-1.578e+00","0.6590","6.0","1.17","365.2","0.77","1.51948051948052","0.18169513657368","0","119","PBX1"
"Pbx3(Homeobox)/GM12878-PBX3-ChIP-Seq(GSE32465)/Homer","SCTGTCAMTCAN","1e0","-1.574e+00","0.6590","14.0","2.74","1007.7","2.13","1.28638497652582","0.10937095938165","0","119","PBX3"
"Fra2(bZIP)/Striatum-Fra2-ChIP-Seq(GSE43429)/Homer","GGATGACTCATC","1e0","-1.558e+00","0.6590","22.0","4.31","1681.6","3.56","1.21067415730337","0.0830272721878563","0","17","FOSL2"
"ZNF189(Zf)/HEK293-ZNF189.GFP-ChIP-Seq(GSE58341)/Homer","TGGAACAGMA","1e0","-1.520e+00","0.6780","34.0","6.65","2723.7","5.77","1.1525129982669","0.0616458321473732","0","108","ZNF189"
"Elk1(ETS)/Hela-Elk1-ChIP-Seq(GSE31477)/Homer","HACTTCCGGY","1e0","-1.509e+00","0.6806","50.0","9.78","4126.6","8.74","1.11899313501144","0.0488274221531983","0","24","ELK1"
"Ascl1(bHLH)/NeuralTubes-Ascl1-ChIP-Seq(GSE55840)/Homer","NNVVCAGCTGBN","1e0","-1.501e+00","0.6817","104.0","20.35","8944.4","18.94","1.07444561774023","0.0311844388939843","0","8","ASCL1"
"PRDM10(Zf)/HEK293-PRDM10.eGFP-ChIP-Seq(Encode)/Homer","TGGTACATTCCA","1e0","-1.488e+00","0.6855","26.0","5.09","2043.3","4.33","1.17551963048499","0.0702298859833933","0","88","PRDM10"
"Oct11(POU Homeobox)/NCIH1048-POU2F3-ChIP-seq(GSE115123)/Homer","GATTTGCATA","1e0","-1.475e+00","0.6897","9.0","1.76","617.8","1.31","1.34351145038168","0.128241372158386","0","93","OCT11(POU2F3)"
"E2F7(E2F)/Hela-E2F7-ChIP-Seq(GSE32673)/Homer","VDTTTCCCGCCA","1e0","-1.453e+00","0.7002","8.0","1.57","540.3","1.14","1.37719298245614","0.138994801072761","0","5","E2F7"
"Foxa3(Forkhead)/Liver-Foxa3-ChIP-Seq(GSE77670)/Homer","BSNTGTTTACWYWGN","1e0","-1.437e+00","0.7066","16.0","3.13","1205.2","2.55","1.22745098039216","0.0890041571124933","0","29","FOXA3"
"FoxL2(Forkhead)/Ovary-FoxL2-ChIP-Seq(GSE60858)/Homer","WWTRTAAACAVG","1e0","-1.435e+00","0.7066","42.0","8.22","3454.6","7.32","1.12295081967213","0.0503607364816585","0","30","FOXL2"
"KLF10(Zf)/HEK293-KLF10.GFP-ChIP-Seq(GSE58341)/Homer","GGGGGTGTGTCC","1e0","-1.414e+00","0.7126","68.0","13.31","5767.2","12.21","1.09009009009009","0.0374623915297926","0","70","KLF10"
"Hoxd10(Homeobox)/ChickenMSG-Hoxd10.Flag-ChIP-Seq(GSE86088)/Homer","GGCMATGAAA","1e0","-1.400e+00","0.7182","45.0","8.81","3733.8","7.91","1.11378002528445","0.0467994249143714","0","32","HOXD10"
"ARE(NR)/LNCAP-AR-ChIP-Seq(GSE27824)/Homer","RGRACASNSTGTYCYB","1e0","-1.370e+00","0.7351","11.0","2.15","801.7","1.70","1.26470588235294","0.101989538537331","0","79","AR(NR)"
"KLF6(Zf)/PDAC-KLF6-ChIP-Seq(GSE64557)/Homer","MKGGGYGTGGCC","1e0","-1.369e+00","0.7351","53.0","10.37","4455.5","9.44","1.09851694915254","0.040806762090972","0","35","KLF6"
"Fosl2(bZIP)/3T3L1-Fosl2-ChIP-Seq(GSE56872)/Homer","NATGASTCABNN","1e0","-1.365e+00","0.7351","15.0","2.94","1138.0","2.41","1.21991701244813","0.0863302878372889","0","17","FOXL2"
"E2A(bHLH)/proBcell-E2A-ChIP-Seq(GSE21978)/Homer","DNRCAGCTGY","1e0","-1.324e+00","0.7540","96.0","18.79","8333.6","17.65","1.06458923512748","0.0271820703766843","0","8","TCF3"
"PPARa(NR) DR1/Liver-Ppara-ChIP-Seq(GSE47954)/Homer","VNAGGKCAAAGGTCA","1e0","-1.310e+00","0.7594","42.0","8.22","3507.6","7.43","1.10632570659489","0.0438830037794751","0","22","PPARA(NR)"
"bHLHE41(bHLH)/proB-Bhlhe41-ChIP-Seq(GSE93764)/Homer","KCACGTGMCN","1e0","-1.302e+00","0.7607","84.0","16.44","7265.1","15.39","1.0682261208577","0.0286631933725529","0","13","bHLHE41"
"Rfx5(HTH)/GM12878-Rfx5-ChIP-Seq(GSE31477)/Homer","SCCTAGCAACAG","1e0","-1.263e+00","0.7857","15.0","2.94","1164.8","2.47","1.19028340080972","0.0756503771524916","0","46","RFX5"
"Sox17(HMG)/Endoderm-Sox17-ChIP-Seq(GSE61475)/Homer","CCATTGTTYB","1e0","-1.228e+00","0.8083","26.0","5.09","2130.5","4.51","1.12860310421286","0.0525412404587982","0","73","SOX17"
"HIF-1b(HLH)/T47D-HIF1b-ChIP-Seq(GSE59937)/Homer","RTACGTGC","1e0","-1.205e+00","0.8226","102.0","19.96","8956.7","18.97","1.05218766473379","0.0220932060626898","0","80","ARNT(HIF1B)"
"Pax8(Paired Homeobox)/Thyroid-Pax8-ChIP-Seq(GSE26938)/Homer","GTCATGCHTGRCTGS","1e0","-1.192e+00","0.8277","14.0","2.74","1097.6","2.32","1.18103448275862","0.0722625779294883","0","6","PAX8"
"Sox9(HMG)/Limb-SOX9-ChIP-Seq(GSE73225)/Homer","AGGVNCCTTTGT","1e0","-1.183e+00","0.8295","33.0","6.46","2765.5","5.86","1.10238907849829","0.0423349019769934","0","102","SOX9"
"MyoD(bHLH)/Myotube-MyoD-ChIP-Seq(GSE21614)/Homer","RRCAGCTGYTSY","1e0","-1.174e+00","0.8325","68.0","13.31","5902.2","12.50","1.0648","0.0272680424666187","0","8","MYOD1"
"Pit1+1bp(Homeobox)/GCrat-Pit1-ChIP-Seq(GSE58009)/Homer","ATGCATAATTCA","1e0","-1.173e+00","0.8325","10.0","1.96","759.5","1.61","1.21739130434783","0.0854301953246264","0","36","PIT1(POU1F1)"
"JunB(bZIP)/DendriticCells-Junb-ChIP-Seq(GSE36099)/Homer","RATGASTCAT","1e0","-1.158e+00","0.8351","22.0","4.31","1804.2","3.82","1.1282722513089","0.0524139072490229","0","17","JunB"
"ETS(ETS)/Promoter/Homer","AACCGGAAGT","1e0","-1.142e+00","0.8434","25.0","4.89","2074.6","4.39","1.11389521640091","0.0468443388814989","0","24","ETS1"
"Hoxb4(Homeobox)/ES-Hoxb4-ChIP-Seq(GSE34014)/Homer","TGATTRATGGCY","1e0","-1.133e+00","0.8454","10.0","1.96","768.3","1.63","1.20245398773006","0.0800684669525183","0","10","HOXB4"
"Six4(Homeobox)/MCF7-SIX4-ChIP-Seq(Encode)/Homer","TGWAAYCTGABACCB","1e0","-1.127e+00","0.8454","3.0","0.59","185.1","0.39","1.51282051282051","0.179787404615645","0","64","SIX4"
"Oct4(POU Homeobox)/mES-Oct4-ChIP-Seq(GSE11431)/Homer","ATTTGCATAW","1e0","-1.109e+00","0.8560","15.0","2.94","1207.8","2.56","1.1484375","0.0601073651003077","0","93","OCT4(POU5F1)"
"Tlx?(NR)/NPC-H3K4me1-ChIP-Seq(GSE16256)/Homer","CTGGCAGSCTGCCA","1e0","-1.107e+00","0.8560","18.0","3.52","1470.5","3.11","1.13183279742765","0.0537822744512935","0","131","NR2E1(NR)"
"ZNF652/HepG2-ZNF652.Flag-ChIP-Seq(Encode)/Homer","TTAACCCTTTVNKKN","1e0","-1.106e+00","0.8560","12.0","2.35","947.7","2.01","1.16915422885572","0.0678718048512474","0","109","ZNF652"
"PAX5(Paired Homeobox) condensed/GM12878-PAX5-ChIP-Seq(GSE32465)/Homer","GTCACGCTCSCTGM","1e0","-1.102e+00","0.8560","7.0","1.37","519.2","1.10","1.24545454545455","0.0953278819981817","0","32","PAX5"
"PRDM14(Zf)/H1-PRDM14-ChIP-Seq(GSE22767)/Homer","RGGTCTCTAACY","1e0","-1.095e+00","0.8560","10.0","1.96","777.2","1.65","1.18787878787879","0.0747721271425698","0","147","PRDM14"
"FOXA1:AR(Forkhead NR)/LNCAP-AR-ChIP-Seq(GSE27824)/Homer","AGTAAACAAAAAAGAACAND","1e0","-1.092e+00","0.8560","3.0","0.59","189.1","0.40","1.475","0.168792020314182","0","28","FOXA1"
"EHF(ETS)/LoVo-EHF-ChIP-Seq(GSE49402)/Homer","AVCAGGAAGT","1e0","-1.092e+00","0.8560","69.0","13.50","6043.5","12.80","1.0546875","0.0231237988471377","0","48","EHF"
"Elk4(ETS)/Hela-Elk4-ChIP-Seq(GSE31477)/Homer","NRYTTCCGGY","1e0","-1.088e+00","0.8560","54.0","10.57","4691.8","9.94","1.06338028169014","0.026688602910113","0","24","ELK4"
"Unknown(Homeobox)/Limb-p300-ChIP-Seq/Homer","SSCMATWAAA","1e0","-1.084e+00","0.8560","25.0","4.89","2096.9","4.44","1.10135135135135","0.0419258890090003","0","32","Unknown"
"Pitx1:Ebox(Homeobox bHLH)/Hindlimb-Pitx1-ChIP-Seq(GSE41591)/Homer","YTAATTRAWWCCAGATGT","1e0","-1.077e+00","0.8560","7.0","1.37","524.8","1.11","1.23423423423423","0.0913975883697493","0","8","PITX1"
"Nanog(Homeobox)/mES-Nanog-ChIP-Seq(GSE11724)/Homer","RGCCATTAAC","1e0","-1.070e+00","0.8560","202.0","39.53","18211.9","38.57","1.02488981073373","0.0106771754769288","0","32","NANOG"
"PU.1:IRF8(ETS:IRF)/pDC-Irf8-ChIP-Seq(GSE66899)/Homer","GGAAGTGAAAST","1e0","-1.067e+00","0.8560","6.0","1.17","441.8","0.94","1.24468085106383","0.095058008146463","0","52","IRF8"
"MafA(bZIP)/Islet-MafA-ChIP-Seq(GSE30298)/Homer","TGCTGACTCA","1e0","-1.059e+00","0.8560","50.0","9.78","4347.4","9.21","1.06188925081433","0.0260792245907524","0","69","MAFA"
"bZIP:IRF(bZIP IRF)/Th17-BatF-ChIP-Seq(GSE39756)/Homer","NAGTTTCABTHTGACTNW","1e0","-1.055e+00","0.8560","15.0","2.94","1223.9","2.59","1.13513513513514","0.0550475663309054","0","24","IRF4"
"E2F1(E2F)/Hela-E2F1-ChIP-Seq(GSE22478)/Homer","CWGGCGGGAA","1e0","-1.040e+00","0.8560","14.0","2.74","1140.9","2.42","1.13223140495868","0.0539351968399568","0","5","E2F1"
"Hnf1(Homeobox)/Liver-Foxa2-Chip-Seq(GSE25694)/Homer","GGTTAAWCATTAA","1e0","-1.030e+00","0.8560","4.0","0.78","279.1","0.59","1.32203389830508","0.121242591048336","0","124","HNF1A"
"Hoxa13(Homeobox)/ChickenMSG-Hoxa13.Flag-ChIP-Seq(GSE86088)/Homer","CYHATAAAAN","1e0","-1.028e+00","0.8560","98.0","19.18","8722.5","18.47","1.03844071467244","0.0163817073944034","0","32","HOXA13"
"E2F4(E2F)/K562-E2F4-ChIP-Seq(GSE31477)/Homer","GGCGGGAAAH","1e0","-1.027e+00","0.8560","32.0","6.26","2745.8","5.82","1.07560137457045","0.0316513485605412","0","5","E2F4"
"c-Myc(bHLH)/LNCAP-cMyc-ChIP-Seq(Unpublished)/Homer","VCCACGTG","1e0","-1.018e+00","0.8560","33.0","6.46","2839.3","6.01","1.07487520798669","0.0313580459923445","0","13","MYC"
"AR-halfsite(NR)/LNCaP-AR-ChIP-Seq(GSE27824)/Homer","CCAGGAACAG","1e0","-1.017e+00","0.8560","173.0","33.86","15596.0","33.03","1.02512867090524","0.0107783800815022","0","145","AR(NR)"
"Oct6(POU Homeobox)/NPC-Pou3f1-ChIP-Seq(GSE35496)/Homer","WATGCAAATGAG","1e0","-1.017e+00","0.8560","12.0","2.35","971.9","2.06","1.14077669902913","0.0572006419025828","0","121","OCT6(POU3F1)"
"Fra1(bZIP)/BT549-Fra1-ChIP-Seq(GSE46166)/Homer","NNATGASTCATH","1e0","-1.003e+00","0.8560","21.0","4.11","1772.2","3.75","1.096","0.0398105541483504","0","17","FOSL1"
"GRE(NR) IR3/A549-GR-ChIP-Seq(GSE32465)/Homer","NRGVACABNVTGTYCY","1e0","-9.671e-01","0.8702","6.0","1.17","460.6","0.98","1.19387755102041","0.0769597860536667","0","80","NR3C1_GRE(NR)"
"STAT6(Stat)/CD4-Stat6-ChIP-Seq(GSE22104)/Homer","ABTTCYYRRGAA","1e0","-9.616e-01","0.8703","18.0","3.52","1520.6","3.22","1.09316770186335","0.0386867917823","0","112","STAT6"
"IRF:BATF(IRF:bZIP)/pDC-Irf8-ChIP-Seq(GSE66899)/Homer","CTTTCANTATGACTV","1e0","-9.450e-01","0.8802","4.0","0.78","292.6","0.62","1.25806451612903","0.0997029131922265","0","25","BATF3_IRF8"
"HINFP(Zf)/K562-HINFP.eGFP-ChIP-Seq(Encode)/Homer","TWVGGTCCGC","1e0","-9.360e-01","0.8835","33.0","6.46","2879.6","6.10","1.05901639344262","0.0249026829843171","0","104","HINFP"
"Ascl2(bHLH)/ESC-Ascl2-ChIP-Seq(GSE97712)/Homer","SSRGCAGCTGCH","1e0","-9.113e-01","0.9008","77.0","15.07","6896.9","14.61","1.03148528405202","0.0134630363803351","0","8","ASCL2"
"SF1(NR)/H295R-Nr5a1-ChIP-Seq(GSE44220)/Homer","CAAGGHCANV","1e0","-9.087e-01","0.9008","17.0","3.33","1450.0","3.07","1.08469055374593","0.0353058580291334","0","162","NR5A1(NR)"
"ETS:RUNX(ETS Runt)/Jurkat-RUNX1-ChIP-Seq(GSE17954)/Homer","RCAGGATGTGGT","1e0","-9.083e-01","0.9008","4.0","0.78","299.0","0.63","1.23809523809524","0.0927540532368987","0","116","RUNX1"
"BATF(bZIP)/Th17-BATF-ChIP-Seq(GSE39756)/Homer","DATGASTCAT","1e0","-8.983e-01","0.9008","23.0","4.50","1994.1","4.22","1.06635071090047","0.0279000628136698","0","17","BATF"
"HOXA2(Homeobox)/mES-Hoxa2-ChIP-Seq(Donaldson_et_al.)/Homer","GYCATCMATCAT","1e0","-8.964e-01","0.9008","5.0","0.98","387.1","0.82","1.19512195121951","0.0774122233087781","0","10","HOXA2"
"Rfx6(HTH)/Min6b1-Rfx6.HA-ChIP-Seq(GSE62844)/Homer","TGTTKCCTAGCAACM","1e0","-8.932e-01","0.9008","49.0","9.59","4355.2","9.22","1.04013015184382","0.0170876861170342","0","46","Rfx6"
"Max(bHLH)/K562-Max-ChIP-Seq(GSE31477)/Homer","RCCACGTGGYYN","1e0","-8.903e-01","0.9008","35.0","6.85","3084.0","6.53","1.0490045941807","0.0207773902173516","0","13","MAX"
"KLF3(Zf)/MEF-Klf3-ChIP-Seq(GSE44748)/Homer","NRGCCCCRCCCHBNN","1e0","-8.679e-01","0.9075","24.0","4.70","2098.3","4.44","1.05855855855856","0.0247148878210976","0","35","KLF3"
"NF1-halfsite(CTF)/LNCaP-NF1-ChIP-Seq(Unpublished)/Homer","YTGCCAAG","1e0","-8.587e-01","0.9113","63.0","12.33","5656.6","11.98","1.02921535893155","0.012506258542439","0","123","NF1"
"HOXB13(Homeobox)/ProstateTumor-HOXB13-ChIP-Seq(GSE56288)/Homer","TTTTATKRGG","1e0","-8.553e-01","0.9113","43.0","8.41","3832.3","8.12","1.03571428571429","0.0152399665567369","0","32","HOXB13"
"LXRE(NR) DR4/RAW-LXRb.biotin-ChIP-Seq(GSE21512)/Homer","RGGTTACTANAGGTCA","1e0","-8.205e-01","0.9374","2.0","0.39","138.1","0.29","1.3448275862069","0.128666609127543","0","83","NR1H2(NR)"
"CLOCK(bHLH)/Liver-Clock-ChIP-Seq(GSE39860)/Homer","GHCACGTG","1e0","-8.147e-01","0.9381","34.0","6.65","3035.1","6.43","1.03421461897356","0.0146106723788825","0","13","CLOCK"
"Hnf6b(Homeobox)/LNCaP-Hnf6b-ChIP-Seq(GSE106305)/Homer","TATTGAYY","1e0","-8.048e-01","0.9429","29.0","5.68","2584.3","5.47","1.03839122486289","0.0163610093775881","0","160","ONECUT2"
"Gata4(Zf)/Heart-Gata4-ChIP-Seq(GSE35151)/Homer","NBWGATAAGR","1e0","-7.889e-01","0.9532","36.0","7.05","3233.8","6.85","1.02919708029197","0.0124985454989731","0","30","GATA4"
"Foxo3(Forkhead)/U2OS-Foxo3-ChIP-Seq(E-MTAB-2701)/Homer","DGTAAACA","1e0","-7.815e-01","0.9556","40.0","7.83","3604.2","7.63","1.0262123197903","0.0112372241030629","0","30","FOXO3"
"RUNX-AML(Runt)/CD4+-PolII-ChIP-Seq(Barski_et_al.)/Homer","GCTGTGGTTW","1e0","-7.680e-01","0.9639","35.0","6.85","3154.4","6.68","1.02544910179641","0.0109141090168799","0","41","RUNX1"
"STAT4(Stat)/CD4-Stat4-ChIP-Seq(GSE22104)/Homer","NYTTCCWGGAAR","1e0","-7.602e-01","0.9668","27.0","5.28","2425.3","5.14","1.0272373540856","0.0116708035385366","0","23","STAT4"
"HEB(bHLH)/mES-Heb-ChIP-Seq(GSE53233)/Homer","VCAGCTGBNN","1e0","-7.586e-01","0.9668","118.0","23.09","10797.0","22.87","1.0096195889812","0.00415776831042786","0","8","TCF12"
"Foxh1(Forkhead)/hESC-FOXH1-ChIP-Seq(GSE29422)/Homer","NNTGTGGATTSS","1e0","-7.552e-01","0.9668","26.0","5.09","2336.9","4.95","1.02828282828283","0.01211258340319","0","107","FOXH1"
"ETS1(ETS)/Jurkat-ETS1-ChIP-Seq(GSE17954)/Homer","ACAGGAAGTG","1e0","-7.468e-01","0.9668","58.0","11.35","5282.8","11.19","1.01429848078642","0.00616577500079145","0","24","ETS1"
"Gata6(Zf)/HUG1N-GATA6-ChIP-Seq(GSE51936)/Homer","YCTTATCTBN","1e0","-7.444e-01","0.9668","31.0","6.07","2801.7","5.93","1.02360876897133","0.010133997710995","0","31","GATA6"
"Elf4(ETS)/BMDM-Elf4-ChIP-Seq(GSE88699)/Homer","ACTTCCKGKT","1e0","-7.441e-01","0.9668","54.0","10.57","4916.9","10.41","1.01536983669549","0.0066242577968901","0","24","ELF4"
"SpiB(ETS)/OCILY3-SPIB-ChIP-Seq(GSE56857)/Homer","AAAGRGGAAGTG","1e0","-7.437e-01","0.9668","9.0","1.76","784.6","1.66","1.06024096385542","0.0254045797740947","0","56","SPIB"
"BORIS(Zf)/K562-CTCFL-ChIP-Seq(GSE32465)/Homer","CNNBRGCGCCCCCTGSTGGC","1e0","-7.287e-01","0.9668","17.0","3.33","1523.4","3.23","1.03095975232198","0.013241711175217","0","83","CTCFL"
"ZNF669(Zf)/HEK293-ZNF669.GFP-ChIP-Seq(GSE58341)/Homer","GARTGGTCATCGCCC","1e0","-7.262e-01","0.9668","4.0","0.78","332.1","0.70","1.11428571428571","0.0469965626762236","0","74","ZNF669"
"Bach2(bZIP)/OCILy7-Bach2-ChIP-Seq(GSE44420)/Homer","TGCTGAGTCA","1e0","-7.203e-01","0.9668","7.0","1.37","608.2","1.29","1.06201550387597","0.0261308568571578","0","17","BACH2"
"Foxf1(Forkhead)/Lung-Foxf1-ChIP-Seq(GSE77951)/Homer","WWATRTAAACAN","1e0","-7.167e-01","0.9668","42.0","8.22","3831.4","8.11","1.01356350184957","0.00585096332889442","0","30","FOXF1"
"Pax7(Paired Homeobox)/Myoblast-Pax7-ChIP-Seq(GSE25064)/Homer","TAATCAATTA","1e0","-6.981e-01","0.9768","3.0","0.59","246.1","0.52","1.13461538461538","0.054848668007345","0","95","PAX7"
"ZNF675(Zf)/HEK293-ZNF675.GFP-ChIP-Seq(GSE58341)/Homer","ARGAGGMCAAAATGW","1e0","-6.953e-01","0.9768","6.0","1.17","523.5","1.11","1.05405405405405","0.0228628829595042","0","38","ZNF675"
"ZNF382(Zf)/HEK293-ZNF382.GFP-ChIP-Seq(GSE58341)/Homer","GNCTGTASTRNTGBCTCHTT","1e0","-6.932e-01","0.9768","1.0","0.20","64.2","0.14","1.42857142857143","0.154901959985743","0","88","ZNF382"
"ELF3(ETS)/PDAC-ELF3-ChIP-Seq(GSE64557)/Homer","ANCAGGAAGT","1e0","-6.821e-01","0.9791","36.0","7.05","3301.1","6.99","1.00858369098712","0.00371194124571728","0","24","ELF3"
"HIF-1a(bHLH)/MCF7-HIF1a-ChIP-Seq(GSE28352)/Homer","TACGTGCV","1e0","-6.622e-01","0.9942","20.0","3.91","1832.0","3.88","1.00773195876289","0.00334503180165955","0","163","HIF1A"
"Fox:Ebox(Forkhead bHLH)/Panc1-Foxa2-ChIP-Seq(GSE47459)/Homer","NNNVCTGWGYAAACASN","1e0","-6.472e-01","1.0000","40.0","7.83","3696.5","7.83","1","0","0","30","FOXA2"
"PGR(NR)/EndoStromal-PGR-ChIP-Seq(GSE69539)/Homer","AAGAACATWHTGTTC","1e0","-6.312e-01","1.0000","7.0","1.37","635.8","1.35","1.01481481481481","0.00638679866140066","0","80","PGR(NR)"
"PU.1(ETS)/ThioMac-PU.1-ChIP-Seq(GSE21512)/Homer","AGAGGAAGTG","1e0","-6.248e-01","1.0000","20.0","3.91","1852.7","3.92","0.997448979591837","-0.00110930962459043","0","15","SPI1"
"CRX(Homeobox)/Retina-Crx-ChIP-Seq(GSE20012)/Homer","GCTAATCC","1e0","-6.081e-01","1.0000","93.0","18.20","8647.5","18.31","0.99399235390497","-0.00261695631662167","0","37","CRX"
"SPDEF(ETS)/VCaP-SPDEF-ChIP-Seq(SRA014231)/Homer","ASWTCCTGBT","1e0","-5.984e-01","1.0000","57.0","11.15","5315.6","11.26","0.990230905861457","-0.00426352313114791","0","47","SPDEF"
"YY1(Zf)/Promoter/Homer","CAAGATGGCGGC","1e0","-5.928e-01","1.0000","6.0","1.17","553.6","1.17","1","0","0","35","YY1"
"HIF2a(bHLH)/785_O-HIF2a-ChIP-Seq(GSE34871)/Homer","GCACGTACCC","1e0","-5.870e-01","1.0000","33.0","6.46","3089.6","6.54","0.987767584097859","-0.00534523032918317","0","81","EPAS1"
"STAT6(Stat)/Macrophage-Stat6-ChIP-Seq(GSE38377)/Homer","TTCCKNAGAA","1e0","-5.812e-01","1.0000","16.0","3.13","1501.0","3.18","0.984276729559748","-0.00688278243798424","0","111","STAT6"
"Zic3(Zf)/mES-Zic3-ChIP-Seq(GSE37889)/Homer","GGCCYCCTGCTGDGH","1e0","-5.781e-01","1.0000","32.0","6.26","3002.2","6.36","0.984276729559748","-0.00688278243798424","0","12","ZIC3"
"RORa(NR)/Liver-Rora-ChIP-Seq(GSE101115)/Homer","AAWCTAGGTCARDNN","1e0","-5.692e-01","1.0000","4.0","0.78","369.7","0.78","1","0","0","4","RORA(NR)"
"Sp1(Zf)/Promoter/Homer","GGCCCCGCCCCC","1e0","-5.577e-01","1.0000","13.0","2.54","1230.6","2.61","0.973180076628353","-0.0118067907183429","0","35","SP1"
"GATA3(Zf) DR4/iTreg-Gata3-ChIP-Seq(GSE20898)/Homer","AGATGKDGAGATAAG","1e0","-5.495e-01","1.0000","2.0","0.39","179.6","0.38","1.02631578947368","0.0112810104096891","0","144","GATA3"
"VDR(NR) DR3/GM10855-VDR+vitD-ChIP-Seq(GSE22484)/Homer","ARAGGTCANWGAGTTCANNN","1e0","-5.409e-01","1.0000","8.0","1.57","762.6","1.62","0.969135802469136","-0.0136153621333973","0","142","VDR(NR)"
"Hoxa10(Homeobox)/ChickenMSG-Hoxa10.Flag-ChIP-Seq(GSE86088)/Homer","GGYAATGAAA","1e0","-5.378e-01","1.0000","17.0","3.33","1619.2","3.43","0.970845481049563","-0.0128498865364506","0","32","HOXA10"
"Zfp809(Zf)/ES-Zfp809-ChIP-Seq(GSE70799)/Homer","GGGGCTYGKCTGGGA","1e0","-5.360e-01","1.0000","7.0","1.37","668.7","1.42","0.964788732394366","-0.0155677772266496","0","131","Zfp809(mouse)"
"Hoxd11(Homeobox)/ChickenMSG-Hoxd11.Flag-ChIP-Seq(GSE86088)/Homer","VGCCATAAAA","1e0","-5.147e-01","1.0000","98.0","19.18","9223.2","19.53","0.982078853046595","-0.00785364045320962","0","31","HOXD11"
"Mef2c(MADS)/GM12878-Mef2c-ChIP-Seq(GSE32465)/Homer","DCYAAAAATAGM","1e0","-5.097e-01","1.0000","11.0","2.15","1063.9","2.25","0.955555555555555","-0.0197440581957572","0","45","MEF2C"
"NPAS2(bHLH)/Liver-NPAS2-ChIP-Seq(GSE39860)/Homer","KCCACGTGAC","1e0","-5.050e-01","1.0000","55.0","10.76","5219.6","11.05","0.973755656108597","-0.0115500066907592","0","101","NPAS2"
"CArG(MADS)/PUER-Srf-ChIP-Seq(Sullivan_et_al.)/Homer","CCATATATGGNM","1e0","-4.831e-01","1.0000","8.0","1.57","786.6","1.67","0.940119760479042","-0.0268168187383496","0","98","SRF"
"TR4(NR) DR1/Hela-TR4-ChIP-Seq(GSE24685)/Homer","GAGGTCAAAGGTCA","1e0","-4.737e-01","1.0000","5.0","0.98","496.5","1.05","0.933333333333333","-0.0299632233774433","0","22","NR2C2(NR)"
"Nkx3.1(Homeobox)/LNCaP-Nkx3.1-ChIP-Seq(GSE28264)/Homer","AAGCACTTAA","1e0","-4.716e-01","1.0000","90.0","17.61","8533.9","18.07","0.974543442169341","-0.011198796593655","0","11","NKX3-1"
"NFkB-p65(RHD)/GM12787-p65-ChIP-Seq(GSE19485)/Homer","WGGGGATTTCCC","1e0","-4.705e-01","1.0000","19.0","3.72","1851.1","3.92","0.948979591836735","-0.0227431271385598","0","53","NFKB1_RELA"
"Bapx1(Homeobox)/VertebralCol-Bapx1-ChIP-Seq(GSE36672)/Homer","TTRAGTGSYK","1e0","-4.656e-01","1.0000","88.0","17.22","8354.1","17.69","0.973431317128321","-0.0116946857920872","0","11","NKX3-2"
"RORgt(NR)/EL4-RORgt.Flag-ChIP-Seq(GSE56019)/Homer","AAYTAGGTCA","1e0","-4.636e-01","1.0000","4.0","0.78","400.1","0.85","0.917647058823529","-0.0373243230238123","0","4","RORC(NR)"
"RORgt(NR)/EL4-RORgt.Flag-ChIP-Seq(GSE56019)/Homer","AAYTAGGTCA","1e0","-4.636e-01","1.0000","4.0","0.78","400.1","0.85","0.917647058823529","-0.0373243230238123","0","4","RORC(NR)"
"Oct2(POU Homeobox)/Bcell-Oct2-ChIP-Seq(GSE21512)/Homer","ATATGCAAAT","1e0","-4.626e-01","1.0000","5.0","0.98","500.1","1.06","0.924528301886792","-0.0340797895722754","0","94","OCT2(POU2F2)"
"Nr5a2(NR)/Pancreas-LRH1-ChIP-Seq(GSE34295)/Homer","BTCAAGGTCA","1e0","-4.571e-01","1.0000","22.0","4.31","2147.9","4.55","0.947252747252747","-0.0235341264963808","0","71","NR5A2(NR)"
"IRF2(IRF)/Erythroblas-IRF2-ChIP-Seq(GSE36985)/Homer","GAAASYGAAASY","1e0","-4.507e-01","1.0000","3.0","0.59","303.5","0.64","0.921875","-0.035327962341743","0","53","IRF2"
"CEBP:CEBP(bZIP)/MEF-Chop-ChIP-Seq(GSE35681)/Homer","NTNATGCAAYMNNHTGMAAY","1e0","-4.472e-01","1.0000","3.0","0.59","304.0","0.64","0.921875","-0.035327962341743","0","102","CEBP_CEBP"
"TCFL2(HMG)/K562-TCF7L2-ChIP-Seq(GSE29196)/Homer","ACWTCAAAGG","1e0","-4.438e-01","1.0000","3.0","0.59","305.9","0.65","0.907692307692308","-0.0420613450007114","0","91","TCFL2"
"Egr2(Zf)/Thymocytes-Egr2-ChIP-Seq(GSE34254)/Homer","NGCGTGGGCGGR","1e0","-4.396e-01","1.0000","9.0","1.76","904.9","1.92","0.916666666666667","-0.0377885608893997","0","19","EGR2"
"p73(p53)/Trachea-p73-ChIP-Seq(PRJNA310161)/Homer","NRRRCAWGTCCDGRCATGYY","1e0","-4.259e-01","1.0000","2.0","0.39","206.8","0.44","0.886363636363636","-0.0523880694596882","0","1","TP73"
"MafF(bZIP)/HepG2-MafF-ChIP-Seq(GSE31477)/Homer","HWWGTCAGCAWWTTT","1e0","-4.259e-01","1.0000","9.0","1.76","911.8","1.93","0.911917098445596","-0.040044641193624","0","86","MAFF"
"HRE(HSF)/HepG2-HSF1-ChIP-Seq(GSE31477)/Homer","BSTTCTRGAABVTTCYAGAA","1e0","-4.058e-01","1.0000","4.0","0.78","420.5","0.89","0.876404494382023","-0.0572954039544324","0","149","HSF1(HRE)"
"ZNF322(Zf)/HEK293-ZNF322.GFP-ChIP-Seq(GSE58341)/Homer","GAGCCTGGTACTGWGCCTGR","1e0","-3.923e-01","1.0000","9.0","1.76","929.9","1.97","0.893401015228426","-0.0489535583474431","0","167","ZNF322"
"Klf4(Zf)/mES-Klf4-ChIP-Seq(GSE11431)/Homer","GCCACACCCA","1e0","-3.918e-01","1.0000","17.0","3.33","1714.1","3.63","0.917355371900826","-0.0374623915297926","0","34","KLF4"
"TEAD1(TEAD)/HepG2-TEAD1-ChIP-Seq(Encode)/Homer","CYRCATTCCA","1e0","-3.915e-01","1.0000","30.0","5.87","2968.5","6.29","0.933227344992051","-0.0300125441976545","0","28","TEAD1"
"E2F3(E2F)/MEF-E2F3-ChIP-Seq(GSE71376)/Homer","BTKGGCGGGAAA","1e0","-3.895e-01","1.0000","28.0","5.48","2778.7","5.88","0.931972789115646","-0.0305967675917693","0","5","E2F3"
"bHLHE40(bHLH)/HepG2-BHLHE40-ChIP-Seq(GSE31477)/Homer","KCACGTGMCN","1e0","-3.819e-01","1.0000","20.0","3.91","2013.4","4.26","0.917840375586854","-0.0372328417068521","0","13","BHLHE40"
"Mef2d(MADS)/Retina-Mef2d-ChIP-Seq(GSE61391)/Homer","GCTATTTTTAGC","1e0","-3.695e-01","1.0000","4.0","0.78","434.3","0.92","0.847826086956522","-0.0716932246550749","0","44","MEF2D"
"ZNF768(Zf)/Rajj-ZNF768-ChIP-Seq(GSE111879)/Homer","RHHCAGAGAGGB","1e0","-3.619e-01","1.0000","1.0","0.20","110.8","0.23","0.869565217391304","-0.0606978403536117","0","175","ZNF768"
"IRF1(IRF)/PBMC-IRF1-ChIP-Seq(GSE43036)/Homer","GAAAGTGAAAGT","1e0","-3.582e-01","1.0000","3.0","0.59","333.1","0.71","0.830985915492958","-0.0804063370769311","0","53","IRF1"
"PPARE(NR) DR1/3T3L1-Pparg-ChIP-Seq(GSE13511)/Homer","TGACCTTTGCCCCA","1e0","-3.364e-01","1.0000","33.0","6.46","3314.4","7.02","0.92022792022792","-0.0361045941347211","0","22","PPARG(NR)"
"p53(p53)/Saos-p53-ChIP-Seq(GSE15780)/Homer","RRCATGYCYRGRCATGYYYN","1e0","-3.343e-01","1.0000","3.0","0.59","342.1","0.72","0.819444444444444","-0.0864804847891243","0","1","TP53"
"p53(p53)/Saos-p53-ChIP-Seq/Homer","RRCATGYCYRGRCATGYYYN","1e0","-3.343e-01","1.0000","3.0","0.59","342.1","0.72","0.819444444444444","-0.0864804847891243","0","1","TP53"
"Hoxa11(Homeobox)/ChickenMSG-Hoxa11.Flag-ChIP-Seq(GSE86088)/Homer","TTTTATGGCM","1e0","-3.304e-01","1.0000","93.0","18.20","9029.6","19.12","0.951882845188284","-0.0214164999550065","0","32","HOXA11"
"PAX6(Paired Homeobox)/Forebrain-Pax6-ChIP-Seq(GSE66961)/Homer","NGTGTTCAVTSAAGCGKAAA","1e0","-3.274e-01","1.0000","4.0","0.78","453.0","0.96","0.8125","-0.0901766303490879","0","61","PAX6"
"FOXP1(Forkhead)/H9-FOXP1-ChIP-Seq(GSE31006)/Homer","NYYTGTTTACHN","1e0","-3.234e-01","1.0000","23.0","4.50","2358.1","4.99","0.901803607214429","-0.0448880318480462","0","30","FOXP1"
"PU.1-IRF(ETS:IRF)/Bcell-PU.1-ChIP-Seq(GSE21512)/Homer","MGGAAGTGAAAC","1e0","-3.217e-01","1.0000","42.0","8.22","4198.6","8.89","0.924634420697413","-0.0340299434301633","0","53","SPI1"
"ELF5(ETS)/T47D-ELF5-ChIP-Seq(GSE30407)/Homer","ACVAGGAAGT","1e0","-3.210e-01","1.0000","35.0","6.85","3525.4","7.47","0.917001338688086","-0.0376300303229732","0","24","ELF5"
"Mef2a(MADS)/HL1-Mef2a.biotin-ChIP-Seq(GSE21529)/Homer","CYAAAAATAG","1e0","-2.987e-01","1.0000","8.0","1.57","885.7","1.88","0.835106382978723","-0.0782581968544461","0","44","MEF2A"
"HNF1b(Homeobox)/PDAC-HNF1B-ChIP-Seq(GSE64557)/Homer","GTTAATNATTAA","1e0","-2.957e-01","1.0000","3.0","0.59","358.5","0.76","0.776315789473684","-0.109961580638647","0","123","HNF1B"
"GFY(?)/Promoter/Homer","ACTACAATTCCC","1e0","-2.941e-01","1.0000","2.0","0.39","247.0","0.52","0.75","-0.1249387366083","0","45","GFY"
"Barx1(Homeobox)/Stomach-Barx1.3xFlag-ChIP-Seq(GSE69483)/Homer","AAACMATTAN","1e0","-2.923e-01","1.0000","12.0","2.35","1297.9","2.75","0.854545454545455","-0.0682648315585263","0","25","BARX1"
"HNF4a(NR) DR1/HepG2-HNF4a-ChIP-Seq(GSE25021)/Homer","CARRGKBCAAAGTYCA","1e0","-2.899e-01","1.0000","12.0","2.35","1299.1","2.75","0.854545454545455","-0.0682648315585263","0","22","HNF4A(NR)"
"NF1(CTF)/LNCAP-NF1-ChIP-Seq(Unpublished)/Homer","CYTGGCABNSTGCCAR","1e0","-2.897e-01","1.0000","9.0","1.76","994.5","2.11","0.834123222748815","-0.0787697874835428","0","132","NFIB"
"ELF1(ETS)/Jurkat-ELF1-ChIP-Seq(SRA014231)/Homer","AVCCGGAAGT","1e0","-2.832e-01","1.0000","31.0","6.07","3184.6","6.74","0.900593471810089","-0.0454712054600622","0","24","ELF1"
"Stat3+il21(Stat)/CD4-Stat3-ChIP-Seq(GSE19198)/Homer","SVYTTCCNGGAARB","1e0","-2.831e-01","1.0000","18.0","3.52","1906.7","4.04","0.871287128712871","-0.0598387016324739","0","23","STAT3"
"Brachyury(T-box)/Mesoendoderm-Brachyury-ChIP-exo(GSE54963)/Homer","ANTTMRCASBNNNGTGYKAAN","1e0","-2.815e-01","1.0000","12.0","2.35","1306.9","2.77","0.848375451263538","-0.0714119067927122","0","41","TBXT"
"PAX5(Paired Homeobox)/GM12878-PAX5-ChIP-Seq(GSE32465)/Homer","GCAGCCAAGCRTGACH","1e0","-2.776e-01","1.0000","16.0","3.13","1712.1","3.63","0.862258953168044","-0.064362287489664","0","6","PAX5"
"TRPS1(Zf)/MCF7-TRPS1-ChIP-Seq(GSE107013)/Homer","AGATAAGANN","1e0","-2.747e-01","1.0000","66.0","12.92","6568.3","13.91","0.92882818116463","-0.0320646163329811","0","31","TRPS1"
"Tbx20(T-box)/Heart-Tbx20-ChIP-Seq(GSE29636)/Homer","GGTGYTGACAGS","1e0","-2.724e-01","1.0000","11.0","2.15","1212.0","2.57","0.836575875486381","-0.0774946634156892","0","106","TBX20"
"STAT1(Stat)/HelaS3-STAT1-ChIP-Seq(GSE12782)/Homer","NATTTCCNGGAAAT","1e0","-2.713e-01","1.0000","5.0","0.98","588.9","1.25","0.784","-0.105683937315562","0","23","STAT1"
"RARa(NR)/K562-RARa-ChIP-Seq(Encode)/Homer","TTGAMCTTTG","1e0","-2.684e-01","1.0000","105.0","20.55","10282.1","21.78","0.943526170798898","-0.0252460492076682","0","160","RARA(NR)"
"GRHL2(CP2)/HBE-GRHL2-ChIP-Seq(GSE46194)/Homer","AAACYKGTTWDACMRGTTTB","1e0","-2.573e-01","1.0000","13.0","2.54","1429.2","3.03","0.838283828382838","-0.0766089118823669","0","167","GRHL2"
"RUNX2(Runt)/PCa-RUNX2-ChIP-Seq(GSE33889)/Homer","NWAACCACADNN","1e0","-2.573e-01","1.0000","33.0","6.46","3414.4","7.23","0.893499308437068","-0.0489057792994468","0","43","RUNX2"
"Ronin(THAP)/ES-Thap11-ChIP-Seq(GSE51522)/Homer","RACTACAACTCCCAGVAKGC","1e0","-2.445e-01","1.0000","1.0","0.20","141.1","0.30","0.666666666666667","-0.176091259055681","0","45","THAP11"
"Gli2(Zf)/GM2-Gli2-ChIP-Chip(GSE112702)/Homer","YSTGGGTGGTCT","1e0","-2.441e-01","1.0000","8.0","1.57","925.6","1.96","0.801020408163265","-0.0963564189472423","0","2","GIL2"
"ZNF264(Zf)/HEK293-ZNF264.GFP-ChIP-Seq(GSE58341)/Homer","RGGGCACTAACY","1e0","-2.401e-01","1.0000","23.0","4.50","2452.2","5.19","0.867052023121387","-0.0619548440731142","0","65","ZNF264"
"ZNF416(Zf)/HEK293-ZNF416.GFP-ChIP-Seq(GSE58341)/Homer","WDNCTGGGCA","1e0","-2.344e-01","1.0000","31.0","6.07","3251.9","6.89","0.880986937590711","-0.0550305308323682","0","41","ZNF416"
"RAR:RXR(NR) DR5/ES-RAR-ChIP-Seq(GSE56893)/Homer","AGGTCAAGGTCA","1e0","-2.339e-01","1.0000","2.0","0.39","271.2","0.57","0.68421052631579","-0.164810248645992","0","160","RAR_RXR(NR)"
"PRDM1(Zf)/Hela-PRDM1-ChIP-Seq(GSE31477)/Homer","ACTTTCACTTTC","1e0","-2.304e-01","1.0000","14.0","2.74","1558.1","3.30","0.83030303030303","-0.0807633770574994","0","122","PRDM1"
"ERG(ETS)/VCaP-ERG-ChIP-Seq(GSE14097)/Homer","ACAGGAAGTG","1e0","-2.244e-01","1.0000","69.0","13.50","6953.5","14.73","0.916496945010183","-0.0378689783476248","0","24","ERG"
"GATA3(Zf) DR8/iTreg-Gata3-ChIP-Seq(GSE20898)/Homer","AGATSTNDNNDSAGATAASN","1e0","-2.214e-01","1.0000","2.0","0.39","277.9","0.59","0.661016949152542","-0.179787404615645","0","167","GATA3"
"Usf2(bHLH)/C2C12-Usf2-ChIP-Seq(GSE36030)/Homer","GTCACGTGGT","1e0","-2.188e-01","1.0000","13.0","2.54","1468.5","3.11","0.816720257234727","-0.0879266724068994","0","99","USF2"
"Atf4(bZIP)/MEF-Atf4-ChIP-Seq(GSE35681)/Homer","MTGATGCAAT","1e0","-2.158e-01","1.0000","12.0","2.35","1368.8","2.90","0.810344827586207","-0.0913301356272198","0","140","ATF4"
"PSE(SNAPc)/K562-mStart-Seq/Homer","WAVTCACCMTAASYDAAAAG","1e0","-2.013e-01","1.0000","15.0","2.94","1694.3","3.59","0.818941504178273","-0.0867471181661618","0","126","PSE"
"Fli1(ETS)/CD8-FLI-ChIP-Seq(GSE20898)/Homer","NRYTTCCGGH","1e0","-2.011e-01","1.0000","70.0","13.70","7101.4","15.04","0.910904255319149","-0.0405272690992166","0","24","FLI1"
"Foxo1(Forkhead)/RAW-Foxo1-ChIP-Seq(Fan_et_al.)/Homer","CTGTTTAC","1e0","-1.997e-01","1.0000","90.0","17.61","9020.1","19.10","0.921989528795811","-0.0352740112804507","0","94","FOXO1"
"Tbet(T-box)/CD8-Tbet-ChIP-Seq(GSE33802)/Homer","AGGTGTGAAM","1e0","-1.984e-01","1.0000","46.0","9.00","4783.7","10.13","0.888450148075025","-0.0513669359209556","0","41","TBX21"
"RBPJ:Ebox(? bHLH)/Panc1-Rbpj1-ChIP-Seq(GSE47459)/Homer","GGGRAARRGRMCAGMTG","1e0","-1.981e-01","1.0000","14.0","2.74","1595.4","3.38","0.810650887573965","-0.0911661374572667","0","8","RBPJ"
"Nr5a2(NR)/mES-Nr5a2-ChIP-Seq(GSE19019)/Homer","BTCAAGGTCA","1e0","-1.957e-01","1.0000","15.0","2.94","1701.8","3.60","0.816666666666667","-0.08795517035513","0","72","NR5A2(NR)"
"RORg(NR)/Liver-Rorc-ChIP-Seq(GSE101115)/Homer","WAABTAGGTCAV","1e0","-1.931e-01","1.0000","2.0","0.39","292.6","0.62","0.629032258064516","-0.201327082471755","0","4","RORG(NR)"
"GATA(Zf) IR3/iTreg-Gata3-ChIP-Seq(GSE20898)/Homer","NNNNNBAGATAWYATCTVHN","1e0","-1.889e-01","1.0000","3.0","0.59","416.9","0.88","0.670454545454545","-0.173630660508024","0","38","GATA3"
"EKLF(Zf)/Erythrocyte-Klf1-ChIP-Seq(GSE20478)/Homer","NWGGGTGTGGCY","1e0","-1.862e-01","1.0000","7.0","1.37","869.4","1.84","0.744565217391304","-0.12809725585313","0","35","KLF1"
"PRDM15(Zf)/ESC-Prdm15-ChIP-Seq(GSE73694)/Homer","YCCDNTCCAGGTTTT","1e0","-1.841e-01","1.0000","41.0","8.02","4322.6","9.15","0.876502732240437","-0.0572467257822848","0","125","PRDM15"
"Slug(Zf)/Mesoderm-Snai2-ChIP-Seq(GSE61475)/Homer","SNGCACCTGCHS","1e0","-1.798e-01","1.0000","24.0","4.70","2640.6","5.59","0.840787119856887","-0.0753139499507058","0","8","SNAI2"
"TEAD3(TEA)/HepG2-TEAD3-ChIP-Seq(Encode)/Homer","TRCATTCCAG","1e0","-1.772e-01","1.0000","31.0","6.07","3346.4","7.09","0.856135401974612","-0.0674575441078089","0","28","TEAD3"
"ZBTB33(Zf)/GM12878-ZBTB33-ChIP-Seq(GSE32465)/Homer","GGVTCTCGCGAGAAC","1e0","-1.765e-01","1.0000","1.0","0.20","169.0","0.36","0.555555555555556","-0.255272505103306","0","136","ZBTB33"
"HIC1(Zf)/Treg-ZBTB29-ChIP-Seq(GSE99889)/Homer","TGCCAGCB","1e0","-1.737e-01","1.0000","83.0","16.24","8420.0","17.83","0.910824453168817","-0.0405653182701981","0","153","HIC1"
"Etv2(ETS)/ES-ER71-ChIP-Seq(GSE59402)/Homer","NNAYTTCCTGHN","1e0","-1.685e-01","1.0000","41.0","8.02","4355.8","9.22","0.869848156182212","-0.0605565527694659","0","24","ETV2"
"THRb(NR)/HepG2-THRb.Flag-ChIP-Seq(Encode)/Homer","GGTCACCTGAGGTCA","1e0","-1.662e-01","1.0000","23.0","4.50","2562.6","5.43","0.828729281767956","-0.0815873158135033","0","82","THRB(NR)"
"STAT5(Stat)/mCD4+-Stat5-ChIP-Seq(GSE12346)/Homer","RTTTCTNAGAAA","1e0","-1.637e-01","1.0000","4.0","0.78","553.1","1.17","0.666666666666667","-0.176091259055681","0","23","STAT5A"
"ISRE(IRF)/ThioMac-LPS-Expression(GSE23622)/Homer","AGTTTCASTTTC","1e0","-1.625e-01","1.0000","1.0","0.20","175.9","0.37","0.540540540540541","-0.267171728403014","0","53","ISRE(STAT1/STAT2/IRF9)"
"Chop(bZIP)/MEF-Chop-ChIP-Seq(GSE35681)/Homer","ATTGCATCAT","1e0","-1.622e-01","1.0000","9.0","1.76","1112.6","2.36","0.745762711864407","-0.127399335155957","0","141","DDIT3"
"Brn1(POU Homeobox)/NPC-Brn1-ChIP-Seq(GSE35496)/Homer","TATGCWAATBAV","1e0","-1.608e-01","1.0000","5.0","0.98","671.1","1.42","0.690140845070423","-0.161062268690562","0","121","OCT8(POU3F3)"
"GATA:SCL(Zf bHLH)/Ter119-SCL-ChIP-Seq(GSE18720)/Homer","CRGCTGBNGNSNNSAGATAA","1e0","-1.542e-01","1.0000","3.0","0.59","442.1","0.94","0.627659574468085","-0.202275841957554","0","142","TAL1_GATA1"
"USF1(bHLH)/GM12878-Usf1-ChIP-Seq(GSE32465)/Homer","SGTCACGTGR","1e0","-1.500e-01","1.0000","21.0","4.11","2387.6","5.06","0.812252964426878","-0.0903086949637299","0","13","USF1"
"IRF4(IRF)/GM12878-IRF4-ChIP-Seq(GSE32465)/Homer","ACTGAAACCA","1e0","-1.458e-01","1.0000","13.0","2.54","1562.3","3.31","0.767371601208459","-0.114994277155781","0","169","IRF4"
"ZNF143|STAF(Zf)/CUTLL-ZNF143-ChIP-Seq(GSE29600)/Homer","ATTTCCCAGVAKSCY","1e0","-1.421e-01","1.0000","8.0","1.57","1028.5","2.18","0.720183486238532","-0.142556841195371","0","46","ZNF143"
"Gata1(Zf)/K562-GATA1-ChIP-Seq(GSE18829)/Homer","SAGATAAGRV","1e0","-1.412e-01","1.0000","14.0","2.74","1676.0","3.55","0.771830985915493","-0.112477790234706","0","31","GATA1"
"GABPA(ETS)/Jurkat-GABPa-ChIP-Seq(GSE17954)/Homer","RACCGGAAGT","1e0","-1.410e-01","1.0000","44.0","8.61","4717.5","9.99","0.861861861861862","-0.0645623367723276","0","24","GABPA"
"TFE3(bHLH)/MEF-TFE3-ChIP-Seq(GSE75757)/Homer","GTCACGTGACYV","1e0","-1.402e-01","1.0000","4.0","0.78","575.9","1.22","0.639344262295082","-0.194265227984268","0","13","TFE3"
"CEBP:AP1(bZIP)/ThioMac-CEBPb-ChIP-Seq(GSE21512)/Homer","DRTGTTGCAA","1e0","-1.393e-01","1.0000","27.0","5.28","3020.5","6.40","0.825","-0.0835460514500749","0","87","CEBPA_JUN(AP-1)"
"MYNN(Zf)/HEK293-MYNN.eGFP-ChIP-Seq(Encode)/Homer","TTCAAAWTAAAAGTC","1e0","-1.367e-01","1.0000","6.0","1.17","811.4","1.72","0.680232558139535","-0.167342585161387","0","159","MYNN"
"HLF(bZIP)/HSC-HLF.Flag-ChIP-Seq(GSE69817)/Homer","RTTATGYAAB","1e0","-1.314e-01","1.0000","21.0","4.11","2423.8","5.13","0.801169590643275","-0.096275543235747","0","128","HLF"
"Rbpj1(?)/Panc1-Rbpj1-ChIP-Seq(GSE47459)/Homer","HTTTCCCASG","1e0","-1.311e-01","1.0000","40.0","7.83","4346.8","9.21","0.850162866449511","-0.0704978681389055","0","113","RBPJ"
"RUNX1(Runt)/Jurkat-RUNX1-ChIP-Seq(GSE29180)/Homer","AAACCACARM","1e0","-1.240e-01","1.0000","45.0","8.81","4863.1","10.30","0.855339805825243","-0.0678613162931243","0","43","RUNX1"
"PRDM9(Zf)/Testis-DMC1-ChIP-Seq(GSE35498)/Homer","ADGGYAGYAGCATCT","1e0","-1.219e-01","1.0000","17.0","3.33","2026.7","4.29","0.776223776223776","-0.110013058678404","0","167","PRDM9"
"IRF3(IRF)/BMDM-Irf3-ChIP-Seq(GSE67343)/Homer","AGTTTCAKTTTC","1e0","-1.217e-01","1.0000","6.0","1.17","830.7","1.76","0.664772727272727","-0.177326806067988","0","53","IRF3"
"ZNF317(Zf)/HEK293-ZNF317.GFP-ChIP-Seq(GSE58341)/Homer","GTCWGCTGTYYCTCT","1e0","-1.198e-01","1.0000","3.0","0.59","474.6","1.01","0.584158415841584","-0.233469362140498","0","129","ZNF317"
"E-box(bHLH)/Promoter/Homer","SSGGTCACGTGA","1e0","-1.157e-01","1.0000","4.0","0.78","602.6","1.28","0.609375","-0.215115366957388","0","13","EBOX_promoter"
"GFY-Staf(? Zf)/Promoter/Homer","RACTACAATTCCCAGAAKGC","1e0","-1.146e-01","1.0000","1.0","0.20","205.4","0.44","0.454545454545455","-0.342422680822206","0","46","GFY"
"Cux2(Homeobox)/Liver-Cux2-ChIP-Seq(GSE35985)/Homer","HNRAATCAAT","1e0","-1.138e-01","1.0000","13.0","2.54","1617.8","3.43","0.740524781341108","-0.130460403422832","0","58","CUX2"
"THRa(NR)/C17.2-THRa-ChIP-Seq(GSE38347)/Homer","GGTCANYTGAGGWCA","1e0","-1.133e-01","1.0000","13.0","2.54","1618.8","3.43","0.740524781341108","-0.130460403422832","0","82","THRA(NR)"
"MafB(bZIP)/BMM-Mafb-ChIP-Seq(GSE75722)/Homer","WNTGCTGASTCAGCANWTTY","1e0","-1.064e-01","1.0000","11.0","2.15","1414.1","2.99","0.719063545150502","-0.143232728408824","0","17","MAFB"
"Erra(NR)/HepG2-Erra-ChIP-Seq(GSE31477)/Homer","CAAAGGTCAG","1e0","-1.001e-01","1.0000","76.0","14.87","7994.9","16.93","0.878322504430006","-0.056345989586981","0","170","ESRRA(NR)"
"MITF(bHLH)/MastCells-MITF-ChIP-Seq(GSE48085)/Homer","RTCATGTGAC","1e0","-9.912e-02","1.0000","36.0","7.05","4039.0","8.55","0.824561403508772","-0.083776997736774","0","139","MITF"
"ETV1(ETS)/GIST48-ETV1-ChIP-Seq(GSE22441)/Homer","AACCGGAAGT","1e0","-9.811e-02","1.0000","68.0","13.31","7221.8","15.29","0.870503597122302","-0.060229429937645","0","24","ETV1"
"Gata2(Zf)/K562-GATA2-ChIP-Seq(GSE18829)/Homer","BBCTTATCTS","1e0","-9.603e-02","1.0000","16.0","3.13","1978.0","4.19","0.747016706443914","-0.126669685419847","0","31","GATA2"
"GLI3(Zf)/Limb-GLI3-ChIP-Chip(GSE11077)/Homer","CGTGGGTGGTCC","1e0","-9.514e-02","1.0000","3.0","0.59","503.3","1.07","0.551401869158878","-0.258531766043065","0","2","GIL3"
"IRF8(IRF)/BMDM-IRF8-ChIP-Seq(GSE77884)/Homer","GRAASTGAAAST","1e0","-8.925e-02","1.0000","6.0","1.17","880.8","1.87","0.625668449197861","-0.203655744790337","0","51","IRF8"
"NF1:FOXA1(CTF Forkhead)/LNCAP-FOXA1-ChIP-Seq(GSE27824)/Homer","WNTGTTTRYTTTGGCA","1e0","-8.511e-02","1.0000","1.0","0.20","231.1","0.49","0.408163265306122","-0.389166084364532","0","55","FOXA1_NF1"
"ETV4(ETS)/HepG2-ETV4-ChIP-Seq(ENCODE)/Homer","ACCGGAAGTG","1e0","-7.348e-02","1.0000","60.0","11.74","6545.9","13.86","0.847041847041847","-0.0720951333641923","0","24","ETV4"
"HNF6(Homeobox)/Liver-Hnf6-ChIP-Seq(ERP000394)/Homer","NTATYGATCH","1e0","-7.064e-02","1.0000","16.0","3.13","2048.0","4.34","0.721198156682028","-0.141945391966062","0","158","ONECUT1"
"Tbr1(T-box)/Cortex-Tbr1-ChIP-Seq(GSE71384)/Homer","AAGGTGTKAA","1e0","-6.565e-02","1.0000","59.0","11.55","6487.3","13.74","0.84061135371179","-0.0754047484953685","0","41","TBR1"
"LRF(Zf)/Erythroblasts-ZBTB7A-ChIP-Seq(GSE74977)/Homer","AAGACCCYYN","1e0","-5.975e-02","1.0000","59.0","11.55","6521.2","13.81","0.836350470673425","-0.0776116943504682","0","127","ZBTB7A"
"PAX3:FKHR-fusion(Paired Homeobox)/Rh4-PAX3:FKHR-ChIP-Seq(GSE19063)/Homer","ACCRTGACTAATTNN","1e0","-5.536e-02","1.0000","3.0","0.59","570.8","1.21","0.487603305785124","-0.311933358674306","0","49","PAX3_FKHR_fusion"
"Mef2b(MADS)/HEK293-Mef2b.V5-ChIP-Seq(GSE67450)/Homer","GCTATTTTTGGM","1e0","-5.455e-02","1.0000","16.0","3.13","2104.5","4.46","0.701793721973094","-0.153790521165693","0","45","MEF2B"
"Tbx6(T-box)/ESC-Tbx6-ChIP-Seq(GSE93524)/Homer","DAGGTGTBAA","1e0","-5.036e-02","1.0000","40.0","7.83","4657.8","9.86","0.794117647058824","-0.100115152883268","0","40","TBX6"
"ZNF711(Zf)/SHSY5Y-ZNF711-ChIP-Seq(GSE20673)/Homer","AGGCCTAG","1e0","-4.972e-02","1.0000","53.0","10.37","5983.3","12.67","0.818468823993686","-0.0869978584944004","0","85","ZNF711"
"Reverb(NR) DR2/RAW-Reverba.biotin-ChIP-Seq(GSE45914)/Homer","GTRGGTCASTGGGTCA","1e0","-4.886e-02","1.0000","2.0","0.39","442.6","0.94","0.414893617021277","-0.382063246573199","0","140","NR1D1(NR)"
"ZNF692(Zf)/HEK293-ZNF692.GFP-ChIP-Seq(GSE58341)/Homer","GTGGGCCCCA","1e0","-4.797e-02","1.0000","1.0","0.20","282.1","0.60","0.333333333333333","-0.477121254719662","0","84","ZNF692"
"GLIS3(Zf)/Thyroid-Glis3.GFP-ChIP-Seq(GSE103297)/Homer","CTCCCTGGGAGGCCN","1e0","-3.826e-02","1.0000","55.0","10.76","6272.2","13.28","0.810240963855422","-0.0913858037016283","0","14","GLIS3"
"FXR(NR) IR1/Liver-FXR-ChIP-Seq(Chong_et_al.)/Homer","AGGTCANTGACCTB","1e0","-3.743e-02","1.0000","7.0","1.37","1138.7","2.41","0.568464730290456","-0.245296475418462","0","74","NR1H4(NR)"
"EWS:FLI1-fusion(ETS)/SK_N_MC-EWS:FLI1-ChIP-Seq(SRA014231)/Homer","VACAGGAAAT","1e0","-3.714e-02","1.0000","22.0","4.31","2846.1","6.03","0.714759535655058","-0.14584004197942","0","24","EWSR1_FLI1_fusion"
"CUX1(Homeobox)/K562-CUX1-ChIP-Seq(GSE92882)/Homer","TATCGATNAN","1e0","-3.532e-02","1.0000","18.0","3.52","2419.2","5.12","0.6875","-0.1627272974977","0","75","CUX1"
"RUNX(Runt)/HPC7-Runx1-ChIP-Seq(GSE22178)/Homer","SAAACCACAG","1e0","-3.435e-02","1.0000","28.0","5.48","3510.1","7.43","0.737550471063257","-0.132208255276206","0","42","RUNX1"
"TEAD(TEA)/Fibroblast-PU.1-ChIP-Seq(Unpublished)/Homer","YCWGGAATGY","1e0","-3.422e-02","1.0000","10.0","1.96","1514.1","3.21","0.610591900311526","-0.214248961048396","0","27","TEAD2"
"GATA(Zf) IR4/iTreg-Gata3-ChIP-Seq(GSE20898)/Homer","NAGATWNBNATCTNN","1e0","-3.288e-02","1.0000","1.0","0.20","316.1","0.67","0.298507462686567","-0.525044807036845","0","135","GATA3"
"p63(p53)/Keratinocyte-p63-ChIP-Seq(GSE17611)/Homer","NNDRCATGYCYNRRCATGYH","1e0","-2.987e-02","1.0000","9.0","1.76","1418.0","3.00","0.586666666666667","-0.231608586905513","0","1","TP63"
"Stat3(Stat)/mES-Stat3-ChIP-Seq(GSE11431)/Homer","CTTCCGGGAA","1e0","-2.750e-02","1.0000","10.0","1.96","1552.9","3.29","0.595744680851064","-0.224939826593498","0","23","STAT3"
"Nkx2.2(Homeobox)/NPC-Nkx2.2-ChIP-Seq(GSE61673)/Homer","BTBRAGTGSN","1e0","-2.735e-02","1.0000","87.0","17.03","9586.7","20.30","0.838916256157636","-0.0762813899506118","0","11","NKX2-2"
"ERRg(NR)/Kidney-ESRRG-ChIP-Seq(GSE104905)/Homer","GTGACCTTGRVN","1e0","-2.597e-02","1.0000","24.0","4.70","3147.8","6.67","0.704647676161919","-0.152027975980831","0","155","ERRG(NR)"
"Ets1-distal(ETS)/CD4+-PolII-ChIP-Seq(Barski_et_al.)/Homer","MACAGGAAGT","1e0","-2.586e-02","1.0000","9.0","1.76","1442.0","3.05","0.577049180327869","-0.238787171532636","0","24","ETS1"
"ZEB1(Zf)/PDAC-ZEB1-ChIP-Seq(GSE64557)/Homer","VCAGGTRDRY","1e0","-2.550e-02","1.0000","76.0","14.87","8519.8","18.04","0.824279379157428","-0.0839255646839687","0","8","ZEB1"
"CHR(?)/Hela-CellCycle-Expression/Homer","SRGTTTCAAA","1e0","-2.491e-02","1.0000","13.0","2.54","1923.1","4.07","0.624078624078624","-0.204760692605282","0","150","CHR"
"AP-2alpha(AP2)/Hela-AP2alpha-ChIP-Seq(GSE31477)/Homer","ATGCCCTGAGGC","1e0","-2.396e-02","1.0000","20.0","3.91","2725.4","5.77","0.677642980935875","-0.168999055759865","0","114","TFAP2A"
"Tbx21(T-box)/GM12878-TBX21-ChIP-Seq(Encode)/Homer","AGGTGTGAAA","1e0","-2.374e-02","1.0000","38.0","7.44","4666.0","9.88","0.753036437246964","-0.123184009041749","0","41","TBX21"
"ETS:E-box(ETS bHLH)/HPC7-Scl-ChIP-Seq(GSE22178)/Homer","AGGAARCAGCTG","1e0","-2.209e-02","1.0000","1.0","0.20","352.1","0.75","0.266666666666667","-0.574031267727719","0","98","ETS_E-box"
"Tbox:Smad(T-box MAD)/ESCd5-Smad2_3-ChIP-Seq(GSE29422)/Homer","AGGTGHCAGACA","1e0","-2.117e-02","1.0000","5.0","0.98","965.9","2.05","0.478048780487805","-0.320527785363259","0","172","SMAD2_SMAD3(T-box)"
"EWS:ERG-fusion(ETS)/CADO_ES1-EWS:ERG-ChIP-Seq(SRA014231)/Homer","ATTTCCTGTN","1e0","-2.012e-02","1.0000","21.0","4.11","2874.1","6.09","0.67487684729064","-0.170775470756806","0","24","EWSR1_ERG_fusion"
"EAR2(NR)/K562-NR2F6-ChIP-Seq(Encode)/Homer","NRBCARRGGTCA","1e0","-1.807e-02","1.0000","38.0","7.44","4739.0","10.04","0.741035856573705","-0.130160777263122","0","61","NR2F6(NR)"
"Nur77(NR)/K562-NR4A1-ChIP-Seq(GSE31363)/Homer","TGACCTTTNCNT","1e0","-1.806e-02","1.0000","3.0","0.59","704.1","1.49","0.395973154362416","-0.40233425677013","0","69","NR4A1(NR)"
"Nkx2.1(Homeobox)/LungAC-Nkx2.1-ChIP-Seq(GSE43252)/Homer","RSCACTYRAG","1e0","-1.782e-02","1.0000","113.0","22.11","12298.9","26.05","0.848752399232246","-0.0712189850568294","0","11","NKX2-1"
"TEAD2(TEA)/Py2T-Tead2-ChIP-Seq(GSE55709)/Homer","CCWGGAATGY","1e0","-1.706e-02","1.0000","8.0","1.57","1385.7","2.93","0.535836177474403","-0.270967967944876","0","28","TEAD2"
"NFAT:AP1(RHD bZIP)/Jurkat-NFATC1-ChIP-Seq(Jolma_et_al.)/Homer","SARTGGAAAAWRTGAGTCAB","1e0","-1.407e-02","1.0000","1.0","0.20","393.5","0.83","0.240963855421687","-0.618048096712093","0","17","NFAT_AP1_complex"
"ZFX(Zf)/mES-Zfx-ChIP-Seq(GSE11431)/Homer","AGGCCTRG","1e0","-1.403e-02","1.0000","27.0","5.28","3617.6","7.66","0.689295039164491","-0.161594847098792","0","84","ZFX"
"GATA3(Zf)/iTreg-Gata3-ChIP-Seq(GSE20898)/Homer","AGATAASR","1e0","-1.398e-02","1.0000","40.0","7.83","5017.9","10.63","0.73659454374412","-0.132771502465353","0","31","GATA3"
"Eomes(T-box)/H9-Eomes-ChIP-Seq(GSE26097)/Homer","ATTAACACCT","1e0","-1.370e-02","1.0000","87.0","17.03","9829.6","20.82","0.817963496637848","-0.0872660772119163","0","41","EOMES"
"EBF1(EBF)/Near-E2A-ChIP-Seq(GSE21512)/Homer","GTCCCCWGGGGA","1e0","-1.276e-02","1.0000","30.0","5.87","3967.7","8.40","0.698809523809524","-0.155641184814267","0","118","EBF1"
"COUP-TFII(NR)/K562-NR2F1-ChIP-Seq(Encode)/Homer","GKBCARAGGTCA","1e0","-1.118e-02","1.0000","42.0","8.22","5287.8","11.20","0.733928571428571","-0.134346205130131","0","60","NR2F2(NR)"
"Zac1(Zf)/Neuro2A-Plagl1-ChIP-Seq(GSE75942)/Homer","HAWGRGGCCM","1e0","-1.084e-02","1.0000","80.0","15.66","9205.1","19.49","0.803488968701898","-0.0950200813956968","0","61","PLAGL1"
"ERE(NR) IR3/MCF7-ERa-ChIP-Seq(Unpublished)/Homer","VAGGTCACNSTGACC","1e0","-9.179e-03","1.0000","8.0","1.57","1479.5","3.13","0.501597444089457","-0.299644685137215","0","18","ESR1(NR)"
"TEAD4(TEA)/Tropoblast-Tead4-ChIP-Seq(GSE37350)/Homer","CCWGGAATGY","1e0","-8.018e-03","1.0000","18.0","3.52","2719.5","5.76","0.611111111111111","-0.213879819945081","0","28","TEAD4"
"COUP-TFII(NR)/Artia-Nr2f2-ChIP-Seq(GSE46497)/Homer","AGRGGTCA","1e0","-7.938e-03","1.0000","58.0","11.35","7055.6","14.94","0.759705488621151","-0.119354735950238","0","60","NR2F2(NR)"
"Gfi1b(Zf)/HPC7-Gfi1b-ChIP-Seq(GSE22178)/Homer","MAATCACTGC","1e0","-7.645e-03","1.0000","17.0","3.33","2611.3","5.53","0.602169981916817","-0.220280897798378","0","54","GFI1B"
"Nkx2.5(Homeobox)/HL1-Nkx2.5.biotin-ChIP-Seq(GSE21529)/Homer","RRSCACTYAA","1e0","-6.612e-03","1.0000","78.0","15.26","9157.1","19.39","0.787003610108303","-0.104023275459844","0","11","NKX2-5"
"AP-2gamma(AP2)/MCF7-TFAP2C-ChIP-Seq(GSE21234)/Homer","SCCTSAGGSCAW","1e0","-6.051e-03","1.0000","28.0","5.48","3914.4","8.29","0.661037394451146","-0.179773972065904","0","115","TFAP2C"
"HRE(HSF)/Striatum-HSF1-ChIP-Seq(GSE38000)/Homer","TTCTAGAABNTTCTA","1e0","-5.721e-03","1.0000","1.0","0.20","475.6","1.01","0.198019801980198","-0.703291378118661","0","148","HRE"
"ZBTB12(Zf)/HEK293-ZBTB12.GFP-ChIP-Seq(GSE58341)/Homer","NGNTCTAGAACCNGV","1e0","-5.504e-03","1.0000","9.0","1.76","1685.4","3.57","0.492997198879552","-0.307155548298043","0","148","ZBTB12"
"Bcl6(Zf)/Liver-Bcl6-ChIP-Seq(GSE31578)/Homer","NNNCTTTCCAGGAAA","1e0","-4.175e-03","1.0000","23.0","4.50","3424.6","7.25","0.620689655172414","-0.20712549279565","0","23","BCL6"
"E2A(bHLH) near_PU.1/Bcell-PU.1-ChIP-Seq(GSE21512)/Homer","NVCACCTGBN","1e0","-3.550e-03","1.0000","60.0","11.74","7482.0","15.85","0.740694006309148","-0.130361169642175","0","8","TCF3"
"EBF2(EBF)/BrownAdipose-EBF2-ChIP-Seq(GSE97114)/Homer","NABTCCCWDGGGAVH","1e0","-3.346e-03","1.0000","19.0","3.72","2999.3","6.35","0.585826771653543","-0.232230785410078","0","90","EBF2"
"ZEB2(Zf)/SNU398-ZEB2-ChIP-Seq(GSE103048)/Homer","GNMCAGGTGTGC","1e0","-2.907e-03","1.0000","35.0","6.85","4851.1","10.27","0.66699123661149","-0.175879872104853","0","8","ZEB2"
"MafK(bZIP)/C2C12-MafK-ChIP-Seq(GSE36030)/Homer","GCTGASTCAGCA","1e0","-2.610e-03","1.0000","4.0","0.78","1084.6","2.30","0.339130434782609","-0.469633233327112","0","17","MAFK"
"Esrrb(NR)/mES-Esrrb-ChIP-Seq(GSE11431)/Homer","KTGACCTTGA","1e0","-2.583e-03","1.0000","16.0","3.13","2684.5","5.69","0.550087873462214","-0.259567928848623","0","154","ESRRB(NR)"
"THRb(NR)/Liver-NR1A2-ChIP-Seq(GSE52613)/Homer","TRAGGTCA","1e0","-2.019e-03","1.0000","144.0","28.18","16066.4","34.03","0.828092859241845","-0.0819209603224718","0","61","THRB(NR)"
"Bcl11a(Zf)/HSPC-BCL11A-ChIP-Seq(GSE104676)/Homer","TYTGACCASWRG","1e0","-1.290e-03","1.0000","23.0","4.50","3646.9","7.72","0.582901554404145","-0.234404786560392","0","130","BCL11A"
"NFkB-p50 p52(RHD)/Monocyte-p50-ChIP-Chip(Schreiber_et_al.)/Homer","GGGGGAATCCCC","1e0","-1.219e-03","1.0000","1.0","0.20","616.2","1.30","0.153846153846154","-0.812913356642855","0","54","NFKB1"
"EBF(EBF)/proBcell-EBF-ChIP-Seq(GSE21978)/Homer","DGTCCCYRGGGA","1e0","-3.140e-04","1.0000","2.0","0.39","962.2","2.04","0.191176470588235","-0.718565560399399","0","89","EBF1"
"Tbx5(T-box)/HL1-Tbx5.biotin-ChIP-Seq(GSE21529)/Homer","AGGTGTCA","1e0","-2.230e-04","1.0000","133.0","26.03","15629.9","33.10","0.786404833836858","-0.104353825666483","0","39","TBX5"
"Pax7(Paired Homeobox) long/Myoblast-Pax7-ChIP-Seq(GSE25064)/Homer","TAATCHGATTAC","1e0","0.000e+00","1.0000","0.0","0.00","63.3","0.13","0","0","0","60","PAX7"
"Pax7(Paired Homeobox) longest/Myoblast-Pax7-ChIP-Seq(GSE25064)/Homer","NTAATTDGCYAATTANNWWD","1e0","0.000e+00","1.0000","0.0","0.00","73.9","0.16","0","0","0","44","PAX7"
"EBNA1(EBV-virus)/Raji-EBNA1-ChIP-Seq(GSE30709)/Homer","GGYAGCAYDTGCTDCCCNNN","1e0","0.000e+00","1.0000","0.0","0.00","19.2","0.04","0","0","0","151","EBNA1(EBV-virus)"
"NF-E2(bZIP)/K562-NFE2-ChIP-Seq(GSE31477)/Homer","GATGACTCAGCA","1e0","0.000e+00","1.0000","0.0","0.00","154.5","0.33","0","0","0","17","NFE2"
"ZNF41(Zf)/HEK293-ZNF41.GFP-ChIP-Seq(GSE58341)/Homer","CCTCATGGTGYCYTWYTCCCTTGTG","1e0","0.000e+00","1.0000","0.0","0.00","64.2","0.14","0","0","0","47","ZNF41"
"T1ISRE(IRF)/ThioMac-Ifnb-Expression/Homer","ACTTTCGTTTCT","1e0","0.000e+00","1.0000","0.0","0.00","33.0","0.07","0","0","0","49","SRF(SRE)"
"RARg(NR)/ES-RARg-ChIP-Seq(GSE30538)/Homer","AGGTCAAGGTCA","1e0","0.000e+00","1.0000","0.0","0.00","72.6","0.15","0","0","0","117","RARG(NR)"
"ZNF528(Zf)/HEK293-ZNF528.GFP-ChIP-Seq(GSE58341)/Homer","AGAAATGACTTCCCT","1e0","0.000e+00","1.0000","0.0","0.00","9.1","0.02","0","0","0","62","ZNF528"
"GFX(?)/Promoter/Homer","ATTCTCGCGAGA","1e0","0.000e+00","1.0000","0.0","0.00","58.7","0.12","0","0","0","136","GFX"
"Brn2(POU Homeobox)/NPC-Brn2-ChIP-Seq(GSE35496)/Homer","ATGAATATTC","1e0","0.000e+00","1.0000","0.0","0.00","174.6","0.37","0","0","0","3","OCT7(POU3F2)"
"REST-NRSF(Zf)/Jurkat-NRSF-ChIP-Seq/Homer","GGMGCTGTCCATGGTGCTGA","1e0","0.000e+00","1.0000","0.0","0.00","94.6","0.20","0","0","0","50","REST"
"DUX(Homeobox)/C2C12-Dux-ChIP-Seq(GSE87279)/Homer","BCWGATTCAATCAAN","1e0","0.000e+00","1.0000","0.0","0.00","12.7","0.03","0","0","0","152","DUX4"
"Bach1(bZIP)/K562-Bach1-ChIP-Seq(GSE31477)/Homer","AWWNTGCTGAGTCAT","1e0","0.000e+00","1.0000","0.0","0.00","192.6","0.41","0","0","0","17","BACH1"
"RAR:RXR(NR) DR5/ES-RAR-ChIP-Seq(GSE56893)/Homer","RGGTCADNNAGAGGTCAV","1e0","0.000e+00","1.0000","0.0","0.00","108.4","0.23","0","0","0","160","RAR_RXR(NR)"
"Mouse_Recombination_Hotspot(Zf)/Testis-DMC1-ChIP-Seq(GSE24438)/Homer","ACTYKNATTCGTGNTACTTC","1e0","0.000e+00","1.0000","0.0","0.00","153.5","0.33","0","0","0","173","DMC1"
"OCT:OCT(POU Homeobox)/NPC-Brn1-ChIP-Seq(GSE35496)/Homer","ATGAATATTCATGAG","1e0","0.000e+00","1.0000","0.0","0.00","18.4","0.04","0","0","0","3","OCT4(POU5F1)"
"NFE2L2(bZIP)/HepG2-NFE2L2-ChIP-Seq(Encode)/Homer","AWWWTGCTGAGTCAT","1e0","0.000e+00","1.0000","0.0","0.00","90.9","0.19","0","0","0","17","NFE2L2"
"ZFP3(Zf)/HEK293-ZFP3.GFP-ChIP-Seq(GSE58341)/Homer","GGGTTTTGAAGGATGARTAGGAGTT","1e0","0.000e+00","1.0000","0.0","0.00","8.1","0.02","0","0","0","121","ZFP3"
"OCT:OCT(POU Homeobox IR1)/NPC-Brn2-ChIP-Seq(GSE35496)/Homer","ATGAATWATTCATGA","1e0","0.000e+00","1.0000","0.0","0.00","38.3","0.08","0","0","0","37","BRN2(POU3F2)"
"p53(p53)/mES-cMyc-ChIP-Seq(GSE11431)/Homer","ACATGCCCGGGCAT","1e0","0.000e+00","1.0000","0.0","0.00","25.5","0.05","0","0","0","1","TP53"
"ZKSCAN1(Zf)/HepG2-ZKSCAN1-ChIP-Seq(Encode)/Homer","GCACAYAGTAGGKCY","1e0","0.000e+00","1.0000","0.0","0.00","30.6","0.06","0","0","0","123","ZKSCAN1"
"ZNF136(Zf)/HEK293-ZNF136.GFP-ChIP-Seq(GSE58341)/Homer","YTKGATAHAGTATTCTWGGTNGGCA","1e0","0.000e+00","1.0000","0.0","0.00","98.7","0.21","0","0","0","168","ZNF136"
"ZNF16(Zf)/HEK293-ZNF16.GFP-ChIP-Seq(GSE58341)/Homer","MACCTTCYATGGCTCCCTAKTGCCY","1e0","0.000e+00","1.0000","0.0","0.00","25.1","0.05","0","0","0","65","ZNF16"
"Nrf2(bZIP)/Lymphoblast-Nrf2-ChIP-Seq(GSE37589)/Homer","HTGCTGAGTCAT","1e0","0.000e+00","1.0000","0.0","0.00","113.1","0.24","0","0","0","17","NFE2L2"
