"Motif Name","Consensus","P-value","Log P-value","q-value (Benjamini)","# of Target Sequences with Motif(of 521)","% of Target Sequences with Motif","# of Background Sequences with Motif(of 47059)","% of Background Sequences with Motif","FC","log FC","Significance(-logpvalXFC)","clusterId","finalGene"
"REST-NRSF(Zf)/Jurkat-NRSF-ChIP-Seq/Homer","GGMGCTGTCCATGGTGCTGA","1e-18","-4.354e+01","0.0000","19.0","3.65","80.0","0.17","21.4705882352941","1.3318439430782","23.9731909754076","50","REST"
"TR4(NR) DR1/Hela-TR4-ChIP-Seq(GSE24685)/Homer","GAGGTCAAAGGTCA","1e-12","-2.872e+01","0.0000","36.0","6.92","761.6","1.58","4.37974683544304","0.641449007502335","7.69738809002802","22","NR2C2(NR)"
"COUP-TFII(NR)/Artia-Nr2f2-ChIP-Seq(GSE46497)/Homer","AGRGGTCA","1e-11","-2.735e+01","0.0000","155.0","29.81","8335.8","17.24","1.72911832946636","0.237824714543937","2.6160718599833","60","NR2F2(NR)"
"EAR2(NR)/K562-NR2F6-ChIP-Seq(Encode)/Homer","NRBCARRGGTCA","1e-10","-2.370e+01","0.0000","120.0","23.08","6129.0","12.68","1.82018927444795","0.26011655093798","2.6011655093798","61","NR2F6(NR)"
"COUP-TFII(NR)/K562-NR2F1-ChIP-Seq(Encode)/Homer","GKBCARAGGTCA","1e-7","-1.711e+01","0.0000","120.0","23.08","6850.7","14.17","1.6287932251235","0.211865954236233","1.48306167965363","60","NR2F2(NR)"
"Sox15(HMG)/CPA-Sox15-ChIP-Seq(GSE62909)/Homer","RAACAATGGN","1e-6","-1.534e+01","0.0000","82.0","15.77","4256.6","8.80","1.79204545454545","0.253349021178734","1.5200941270724","74","SOX15"
"Sox3(HMG)/NPC-Sox3-ChIP-Seq(GSE33059)/Homer","CCWTTGTY","1e-5","-1.349e+01","0.0001","124.0","23.85","7651.6","15.83","1.50663297536323","0.178007468513777","0.890037342568884","74","SOX3"
"KLF14(Zf)/HEK293-KLF14.GFP-ChIP-Seq(GSE58341)/Homer","RGKGGGCGKGGC","1e-5","-1.225e+01","0.0003","125.0","24.04","7923.1","16.39","1.46674801708359","0.166355509760203","0.831777548801014","35","KLF14"
"Sox6(HMG)/Myotubes-Sox6-ChIP-Seq(GSE32627)/Homer","CCATTGTTNY","1e-5","-1.221e+01","0.0003","113.0","21.73","6980.6","14.44","1.50484764542936","0.177492533086904","0.887462665434521","73","SOX6"
"PPARa(NR) DR1/Liver-Ppara-ChIP-Seq(GSE47954)/Homer","VNAGGKCAAAGGTCA","1e-5","-1.206e+01","0.0003","81.0","15.58","4556.3","9.42","1.65392781316348","0.218516550543668","1.09258275271834","22","PPARA(NR)"
"Sox17(HMG)/Endoderm-Sox17-ChIP-Seq(GSE61475)/Homer","CCATTGTTYB","1e-4","-1.125e+01","0.0005","54.0","10.38","2711.8","5.61","1.85026737967914","0.267234492256278","1.06893796902511","73","SOX17"
"Sox10(HMG)/SciaticNerve-Sox3-ChIP-Seq(GSE35132)/Homer","CCWTTGTYYB","1e-4","-1.114e+01","0.0005","114.0","21.92","7227.4","14.95","1.46622073578595","0.166199357151883","0.664797428607532","74","SOX10"
"Bach1(bZIP)/K562-Bach1-ChIP-Seq(GSE31477)/Homer","AWWNTGCTGAGTCAT","1e-4","-1.028e+01","0.0011","12.0","2.31","260.2","0.54","4.27777777777778","0.631218220069176","2.5248728802767","17","BACH1"
"HNF4a(NR) DR1/HepG2-HNF4a-ChIP-Seq(GSE25021)/Homer","CARRGKBCAAAGTYCA","1e-4","-1.020e+01","0.0011","38.0","7.31","1733.0","3.58","2.04189944134078","0.310034350313986","1.24013740125594","22","HNF4A(NR)"
"Sox2(HMG)/mES-Sox2-ChIP-Seq(GSE11431)/Homer","BCCATTGTTC","1e-4","-9.995e+00","0.0013","66.0","12.69","3708.2","7.67","1.65449804432855","0.218666258145724","0.874665032582895","74","SOX2"
"TEAD(TEA)/Fibroblast-PU.1-ChIP-Seq(Unpublished)/Homer","YCWGGAATGY","1e-4","-9.858e+00","0.0014","40.0","7.69","1893.5","3.92","1.96173469387755","0.292640272780974","1.17056109112389","27","TEAD2"
"NF-E2(bZIP)/K562-NFE2-ChIP-Seq(GSE31477)/Homer","GATGACTCAGCA","1e-3","-9.158e+00","0.0027","11.0","2.12","249.7","0.52","4.07692307692308","0.610332517293952","1.83099755188186","17","NFE2"
"Lhx2(Homeobox)/HFSC-Lhx2-ChIP-Seq(GSE48068)/Homer","TAATTAGN","1e-3","-9.110e+00","0.0027","73.0","14.04","4350.4","9.00","1.56","0.193124598354462","0.579373795063384","44","LHX2"
"Lhx3(Homeobox)/Neuron-Lhx3-ChIP-Seq(GSE31456)/Homer","ADBTAATTAR","1e-3","-9.109e+00","0.0027","114.0","21.92","7580.1","15.68","1.39795918367347","0.145494491463912","0.436483474391736","43","LHX3"
"JunB(bZIP)/DendriticCells-Junb-ChIP-Seq(GSE36099)/Homer","RATGASTCAT","1e-3","-8.986e+00","0.0027","45.0","8.65","2318.1","4.79","1.80584551148225","0.256680594050251","0.770041782150753","17","JunB"
"Meis1(Homeobox)/MastCells-Meis1-ChIP-Seq(GSE48085)/Homer","VGCTGWCAVB","1e-3","-8.512e+00","0.0041","137.0","26.35","9598.8","19.85","1.32745591939547","0.123020108449432","0.369060325348295","174","MEIS1"
"RXR(NR) DR1/3T3L1-RXR-ChIP-Seq(GSE13511)/Homer","TAGGGCAAAGGTCA","1e-3","-8.505e+00","0.0041","79.0","15.19","4902.9","10.14","1.49802761341223","0.175519818865469","0.526559456596407","22","RXRA(NR)"
"Fosl2(bZIP)/3T3L1-Fosl2-ChIP-Seq(GSE56872)/Homer","NATGASTCABNN","1e-3","-8.461e+00","0.0041","31.0","5.96","1421.9","2.94","2.02721088435374","0.306898929328079","0.920696787984237","17","FOSL2"
"Lhx1(Homeobox)/EmbryoCarcinoma-Lhx1-ChIP-Seq(GSE70957)/Homer","NNYTAATTAR","1e-3","-8.310e+00","0.0044","75.0","14.42","4623.1","9.56","1.50836820083682","0.17850736810731","0.53552210432193","44","LHX1"
"TEAD2(TEA)/Py2T-Tead2-ChIP-Seq(GSE55709)/Homer","CCWGGAATGY","1e-3","-8.291e+00","0.0044","34.0","6.54","1634.4","3.38","1.93491124260355","0.286661048046613","0.859983144139837","28","TEAD2"
"Foxo1(Forkhead)/RAW-Foxo1-ChIP-Seq(Fan_et_al.)/Homer","CTGTTTAC","1e-3","-8.239e+00","0.0044","144.0","27.69","10247.3","21.20","1.3061320754717","0.115987094816823","0.347961284450469","94","FOXO1"
"Bach2(bZIP)/OCILy7-Bach2-ChIP-Seq(GSE44420)/Homer","TGCTGAGTCA","1e-3","-8.144e+00","0.0046","21.0","4.04","819.4","1.69","2.3905325443787","0.378494660496931","1.13548398149079","17","BACH2"
"Erra(NR)/HepG2-Erra-ChIP-Seq(GSE31477)/Homer","CAAAGGTCAG","1e-3","-8.074e+00","0.0048","137.0","26.35","9694.1","20.05","1.3142144638404","0.118666242592364","0.355998727777093","170","ESRRA(NR)"
"Dlx3(Homeobox)/Kerainocytes-Dlx3-ChIP-Seq(GSE89884)/Homer","NDGTAATTAC","1e-3","-8.064e+00","0.0048","43.0","8.27","2277.3","4.71","1.75583864118896","0.24448460242365","0.733453807270951","43","DLX3"
"PPARE(NR) DR1/3T3L1-Pparg-ChIP-Seq(GSE13511)/Homer","TGACCTTTGCCCCA","1e-3","-7.910e+00","0.0052","69.0","13.27","4223.6","8.74","1.51830663615561","0.181359490230032","0.544078470690097","22","PPARG(NR)"
"Atf3(bZIP)/GBM-ATF3-ChIP-Seq(GSE33912)/Homer","DATGASTCATHN","1e-3","-7.823e+00","0.0055","49.0","9.42","2736.9","5.66","1.6643109540636","0.221234471604606","0.663703414813817","17","ATF3"
"LXH9(Homeobox)/Hct116-LXH9.V5-ChIP-Seq(GSE116822)/Homer","NGCTAATTAG","1e-3","-7.677e+00","0.0062","95.0","18.27","6313.6","13.06","1.3989280245023","0.145795370413483","0.437386111240448","44","LXH9"
"MafA(bZIP)/Islet-MafA-ChIP-Seq(GSE30298)/Homer","TGCTGACTCA","1e-3","-7.664e+00","0.0062","75.0","14.42","4727.7","9.78","1.47443762781186","0.168626405595809","0.505879216787426","69","MAFA"
"Tbx20(T-box)/Heart-Tbx20-ChIP-Seq(GSE29636)/Homer","GGTGYTGACAGS","1e-3","-7.503e+00","0.0069","28.0","5.38","1306.6","2.70","1.99259259259259","0.299418511507402","0.898255534522205","106","TBX20"
"TEAD4(TEA)/Tropoblast-Tead4-ChIP-Seq(GSE37350)/Homer","CCWGGAATGY","1e-3","-7.493e+00","0.0069","52.0","10.00","2999.7","6.20","1.61290322580645","0.207608310501746","0.622824931505238","28","TEAD4"
"BATF(bZIP)/Th17-BATF-ChIP-Seq(GSE39756)/Homer","DATGASTCAT","1e-3","-7.457e+00","0.0069","47.0","9.04","2636.0","5.45","1.65871559633028","0.219771928198721","0.659315784596162","17","BATF"
"TEAD3(TEA)/HepG2-TEAD3-ChIP-Seq(Encode)/Homer","TRCATTCCAG","1e-3","-7.250e+00","0.0082","60.0","11.54","3635.2","7.52","1.53457446808511","0.18598796822807","0.557963904684211","28","TEAD3"
"Fra1(bZIP)/BT549-Fra1-ChIP-Seq(GSE46166)/Homer","NNATGASTCATH","1e-3","-7.135e+00","0.0090","41.0","7.88","2241.4","4.64","1.69827586206897","0.230008236934674","0.690024710804023","17","FOSL1"
"Sox4(HMG)/proB-Sox4-ChIP-Seq(GSE50066)/Homer","YCTTTGTTCC","1e-3","-7.064e+00","0.0094","61.0","11.73","3740.1","7.74","1.51550387596899","0.180557051432637","0.54167115429791","74","SOX4"
"Nkx6.1(Homeobox)/Islet-Nkx6.1-ChIP-Seq(GSE40975)/Homer","GKTAATGR","1e-3","-7.023e+00","0.0095","162.0","31.15","12084.6","25.00","1.246","0.0955180423231508","0.286554126969452","9","NKX6-1"
"RARa(NR)/K562-RARa-ChIP-Seq(Encode)/Homer","TTGAMCTTTG","1e-2","-6.749e+00","0.0122","172.0","33.08","13028.6","26.95","1.22745825602968","0.0890067313577515","0.178013462715503","160","RARA(NR)"
"Srebp2(bHLH)/HepG2-Srebp2-ChIP-Seq(GSE31477)/Homer","CGGTCACSCCAC","1e-2","-6.695e+00","0.0126","14.0","2.69","498.7","1.03","2.61165048543689","0.416915055297236","0.833830110594471","68","SREBF2"
"Foxo3(Forkhead)/U2OS-Foxo3-ChIP-Seq(E-MTAB-2701)/Homer","DGTAAACA","1e-2","-6.634e+00","0.0131","68.0","13.08","4354.4","9.01","1.45172031076582","0.161882953009186","0.323765906018371","30","FOXO3"
"TEAD1(TEAD)/HepG2-TEAD1-ChIP-Seq(Encode)/Homer","CYRCATTCCA","1e-2","-6.557e+00","0.0138","52.0","10.00","3131.9","6.48","1.54320987654321","0.188424994129407","0.376849988258813","28","TEAD1"
"Egr1(Zf)/K562-Egr1-ChIP-Seq(GSE32465)/Homer","TGCGTGGGYG","1e-2","-6.539e+00","0.0138","55.0","10.58","3362.3","6.95","1.52230215827338","0.182500863109053","0.365001726218106","19","EGR1"
"Hoxb4(Homeobox)/ES-Hoxb4-ChIP-Seq(GSE34014)/Homer","TGATTRATGGCY","1e-2","-6.461e+00","0.0145","22.0","4.23","1002.1","2.07","2.04347826086957","0.310370021918125","0.620740043836249","10","HOXB4"
"Maz(Zf)/HepG2-Maz-ChIP-Seq(GSE31477)/Homer","GGGGGGGG","1e-2","-6.459e+00","0.0145","88.0","16.92","5987.5","12.38","1.36672051696284","0.135679714018906","0.271359428037811","102","MAZ"
"Nrf2(bZIP)/Lymphoblast-Nrf2-ChIP-Seq(GSE37589)/Homer","HTGCTGAGTCAT","1e-2","-6.361e+00","0.0154","8.0","1.54","201.8","0.42","3.66666666666667","0.564271430438563","1.12854286087712","17","NFE2L2"
"MafK(bZIP)/C2C12-MafK-ChIP-Seq(GSE36030)/Homer","GCTGASTCAGCA","1e-2","-6.310e+00","0.0159","23.0","4.42","1080.6","2.24","1.97321428571429","0.295174251014929","0.590348502029858","17","MAFK"
"Fra2(bZIP)/Striatum-Fra2-ChIP-Seq(GSE43429)/Homer","GGATGACTCATC","1e-2","-6.198e+00","0.0174","37.0","7.12","2066.5","4.27","1.66744730679157","0.222052118611833","0.444104237223665","17","FOSL2"
"c-Jun-CRE(bZIP)/K562-cJun-ChIP-Seq(GSE31477)/Homer","ATGACGTCATCY","1e-2","-6.109e+00","0.0187","31.0","5.96","1647.9","3.41","1.74780058651026","0.242491880747739","0.484983761495477","96","JUN"
"Brn1(POU Homeobox)/NPC-Brn1-ChIP-Seq(GSE35496)/Homer","TATGCWAATBAV","1e-2","-6.098e+00","0.0187","21.0","4.04","967.3","2.00","2.02","0.305351369446624","0.610702738893247","121","OCT8(POU3F3)"
"Nur77(NR)/K562-NR4A1-ChIP-Seq(GSE31363)/Homer","TGACCTTTNCNT","1e-2","-6.023e+00","0.0196","22.0","4.23","1039.9","2.15","1.96744186046512","0.293901907459437","0.587803814918874","69","NR4A1(NR)"
"Jun-AP1(bZIP)/K562-cJun-ChIP-Seq(GSE31477)/Homer","GATGASTCATCN","1e-2","-5.904e+00","0.0216","20.0","3.85","918.5","1.90","2.02631578947368","0.306707128555672","0.613414257111343","17","JUN"
"MafB(bZIP)/BMM-Mafb-ChIP-Seq(GSE75722)/Homer","WNTGCTGASTCAGCANWTTY","1e-2","-5.872e+00","0.0219","34.0","6.54","1889.8","3.91","1.67263427109974","0.2234009909284","0.446801981856801","17","MAFB"
"THRb(NR)/Liver-NR1A2-ChIP-Seq(GSE52613)/Homer","TRAGGTCA","1e-2","-5.844e+00","0.0221","232.0","44.62","18655.4","38.59","1.15625809795284","0.0630547873764222","0.126109574752844","61","THRB(NR)"
"Zfp281(Zf)/ES-Zfp281-ChIP-Seq(GSE81042)/Homer","CCCCTCCCCCAC","1e-2","-5.810e+00","0.0225","16.0","3.08","671.3","1.39","2.2158273381295","0.345535916246349","0.691071832492698","156","ZFP281"
"PU.1-IRF(ETS:IRF)/Bcell-PU.1-ChIP-Seq(GSE21512)/Homer","MGGAAGTGAAAC","1e-2","-5.528e+00","0.0293","70.0","13.46","4720.2","9.76","1.37909836065574","0.139595242221266","0.279190484442532","53","SPI1"
"FOXP1(Forkhead)/H9-FOXP1-ChIP-Seq(GSE31006)/Homer","NYYTGTTTACHN","1e-2","-5.331e+00","0.0351","43.0","8.27","2633.9","5.45","1.51743119266055","0.181109007275904","0.362218014551808","30","FOXP1"
"HOXA2(Homeobox)/mES-Hoxa2-ChIP-Seq(Donaldson_et_al.)/Homer","GYCATCMATCAT","1e-2","-5.283e+00","0.0362","13.0","2.50","523.9","1.08","2.31481481481481","0.364516253185088","0.729032506370176","10","HOXA2"
"HOXA1(Homeobox)/mES-Hoxa1-ChIP-Seq(SRP084292)/Homer","TGATKGATGR","1e-2","-5.279e+00","0.0362","25.0","4.81","1316.9","2.72","1.76838235294118","0.247576172339633","0.495152344679266","10","HOXA1"
"Atf7(bZIP)/3T3L1-Atf7-ChIP-Seq(GSE56872)/Homer","NGRTGACGTCAY","1e-2","-5.270e+00","0.0362","44.0","8.46","2719.6","5.63","1.50266429840142","0.176861968187677","0.353723936375355","98","ATF7"
"BORIS(Zf)/K562-CTCFL-ChIP-Seq(GSE32465)/Homer","CNNBRGCGCCCCCTGSTGGC","1e-2","-5.252e+00","0.0362","24.0","4.62","1249.4","2.58","1.7906976744186","0.253022269592895","0.506044539185791","83","CTCFL"
"IRF1(IRF)/PBMC-IRF1-ChIP-Seq(GSE43036)/Homer","GAAAGTGAAAGT","1e-2","-5.192e+00","0.0372","11.0","2.12","411.0","0.85","2.49411764705882","0.396916935214459","0.793833870428917","53","IRF1"
"HLF(bZIP)/HSC-HLF.Flag-ChIP-Seq(GSE69817)/Homer","RTTATGYAAB","1e-2","-5.113e+00","0.0396","47.0","9.04","2976.3","6.16","1.46753246753247","0.166587718310938","0.333175436621876","128","HLF"
"Srebp1a(bHLH)/HepG2-Srebp1a-ChIP-Seq(GSE31477)/Homer","RTCACSCCAY","1e-2","-5.044e+00","0.0418","18.0","3.46","860.6","1.78","1.9438202247191","0.288656096483883","0.577312192967765","67","SREBF1"
"NFY(CCAAT)/Promoter/Homer","RGCCAATSRG","1e-2","-4.987e+00","0.0436","64.0","12.31","4347.4","8.99","1.36929922135706","0.136498361198088","0.272996722396175","166","NFYA"
"FOXK1(Forkhead)/HEK293-FOXK1-ChIP-Seq(GSE51673)/Homer","NVWTGTTTAC","1e-2","-4.739e+00","0.0551","81.0","15.58","5796.6","11.99","1.29941618015013","0.113748270237697","0.227496540475394","30","FOXK1"
"Pdx1(Homeobox)/Islet-Pdx1-ChIP-Seq(SRA008281)/Homer","YCATYAATCA","1e-2","-4.699e+00","0.0564","65.0","12.50","4489.0","9.29","1.34553283100108","0.128894299014415","0.257788598028829","10","PDX1"
"c-Myc(bHLH)/LNCAP-cMyc-ChIP-Seq(Unpublished)/Homer","VCCACGTG","1e-2","-4.696e+00","0.0564","36.0","6.92","2198.4","4.55","1.52087912087912","0.182094697799645","0.364189395599291","13","MYC"
"bHLHE40(bHLH)/HepG2-BHLHE40-ChIP-Seq(GSE31477)/Homer","KCACGTGMCN","1e-1","-4.584e+00","0.0616","28.0","5.38","1615.7","3.34","1.61077844311377","0.207035808854825","0.207035808854825","13","BHLHE40"
"NFIL3(bZIP)/HepG2-NFIL3-ChIP-Seq(Encode)/Homer","VTTACGTAAYNNNNN","1e-1","-4.535e+00","0.0638","43.0","8.27","2764.1","5.72","1.4458041958042","0.160109480759522","0.160109480759522","127","NFIL3"
"Unknown(Homeobox)/Limb-p300-ChIP-Seq/Homer","SSCMATWAAA","1e-1","-4.501e+00","0.0651","41.0","7.88","2614.2","5.41","1.45656192236599","0.163328952382986","0.163328952382986","32","Unknown"
"LXRE(NR) DR4/RAW-LXRb.biotin-ChIP-Seq(GSE21512)/Homer","RGGTTACTANAGGTCA","1e-1","-4.485e+00","0.0652","6.0","1.15","172.0","0.36","3.19444444444444","0.504395339586324","0.504395339586324","83","NR1H2(NR)"
"Pknox1(Homeobox)/ES-Prep1-ChIP-Seq(GSE63282)/Homer","SCTGTCAVTCAV","1e-1","-4.478e+00","0.0652","22.0","4.23","1193.1","2.47","1.71255060728745","0.233643414115377","0.233643414115377","120","PKNOX1"
"Sp5(Zf)/mES-Sp5.Flag-ChIP-Seq(GSE72989)/Homer","RGKGGGCGGAGC","1e-1","-4.293e+00","0.0770","67.0","12.88","4745.7","9.82","1.31160896130346","0.117804375236844","0.117804375236844","35","SP5"
"JunD(bZIP)/K562-JunD-ChIP-Seq/Homer","ATGACGTCATCN","1e-1","-4.270e+00","0.0777","14.0","2.69","662.4","1.37","1.96350364963504","0.293031712846001","0.293031712846001","98","JUND"
"NFE2L2(bZIP)/HepG2-NFE2L2-ChIP-Seq(Encode)/Homer","AWWWTGCTGAGTCAT","1e-1","-4.256e+00","0.0778","6.0","1.15","180.1","0.37","3.10810810810811","0.492496116286617","0.492496116286617","17","NFE2L2"
"Ets1-distal(ETS)/CD4+-PolII-ChIP-Seq(Barski_et_al.)/Homer","MACAGGAAGT","1e-1","-4.239e+00","0.0782","29.0","5.58","1737.1","3.59","1.55431754874652","0.19153975035926","0.19153975035926","24","ETS1"
"Atf2(bZIP)/3T3L1-Atf2-ChIP-Seq(GSE56872)/Homer","NRRTGACGTCAT","1e-1","-4.157e+00","0.0837","33.0","6.35","2054.0","4.25","1.49411764705882","0.174384795241664","0.174384795241664","96","ATF2"
"Oct6(POU Homeobox)/NPC-Pou3f1-ChIP-Seq(GSE35496)/Homer","WATGCAAATGAG","1e-1","-4.139e+00","0.0842","24.0","4.62","1379.3","2.85","1.62105263157895","0.209797115547615","0.209797115547615","121","OCT6(POU3F1)"
"PBX2(Homeobox)/K562-PBX2-ChIP-Seq(Encode)/Homer","RTGATTKATRGN","1e-1","-4.133e+00","0.0842","56.0","10.77","3881.6","8.03","1.3412204234122","0.127500158019301","0.127500158019301","10","PBX2"
"Foxf1(Forkhead)/Lung-Foxf1-ChIP-Seq(GSE77951)/Homer","WWATRTAAACAN","1e-1","-4.081e+00","0.0871","67.0","12.88","4796.7","9.92","1.29838709677419","0.113404190869615","0.113404190869615","30","FOXF1"
"Hoxc9(Homeobox)/Ainv15-Hoxc9-ChIP-Seq(GSE21812)/Homer","GGCCATAAATCA","1e-1","-4.033e+00","0.0903","33.0","6.35","2073.5","4.29","1.48018648018648","0.170316433107251","0.170316433107251","10","HOXC9"
"AP-1(bZIP)/ThioMac-PU.1-ChIP-Seq(GSE21512)/Homer","VTGACTCATC","1e-1","-3.990e+00","0.0932","47.0","9.04","3184.8","6.59","1.37177541729894","0.137283015881353","0.137283015881353","17","FOS"
"Tgif2(Homeobox)/mES-Tgif2-ChIP-Seq(GSE55404)/Homer","TGTCANYT","1e-1","-3.952e+00","0.0956","214.0","41.15","17722.6","36.66","1.12247681396618","0.0501773789220908","0.0501773789220908","94","TGIF2"
"Etv2(ETS)/ES-ER71-ChIP-Seq(GSE59402)/Homer","NNAYTTCCTGHN","1e-1","-3.848e+00","0.1049","65.0","12.50","4688.6","9.70","1.28865979381443","0.110138278741812","0.110138278741812","24","ETV2"
"WT1(Zf)/Kidney-WT1-ChIP-Seq(GSE90016)/Homer","MCTCCCMCRCAB","1e-1","-3.829e+00","0.1057","48.0","9.23","3298.4","6.82","1.3533724340176","0.131417326369433","0.131417326369433","19","WT1"
"Hoxd13(Homeobox)/ChickenMSG-Hoxd13.Flag-ChIP-Seq(GSE86088)/Homer","NCYAATAAAA","1e-1","-3.786e+00","0.1091","90.0","17.31","6813.0","14.09","1.22853087295955","0.0893860747660374","0.0893860747660374","32","HOXD13"
"CTCF(Zf)/CD4+-CTCF-ChIP-Seq(Barski_et_al.)/Homer","AYAGTGCCMYCTRGTGGCCA","1e-1","-3.783e+00","0.1091","16.0","3.08","845.3","1.75","1.76","0.24551266781415","0.24551266781415","83","CTCF"
"Ap4(bHLH)/AML-Tfap4-ChIP-Seq(GSE45738)/Homer","NAHCAGCTGD","1e-1","-3.763e+00","0.1092","117.0","22.50","9151.0","18.93","1.18858954041204","0.0750319041475657","0.0750319041475657","8","TFAP4"
"RAR:RXR(NR) DR5/ES-RAR-ChIP-Seq(GSE56893)/Homer","AGGTCAAGGTCA","1e-1","-3.756e+00","0.1092","8.0","1.54","318.5","0.66","2.33333333333333","0.367976785294594","0.367976785294594","160","RAR_RXR(NR)"
"RORgt(NR)/EL4-RORgt.Flag-ChIP-Seq(GSE56019)/Homer","AAYTAGGTCA","1e-1","-3.747e+00","0.1092","11.0","2.12","508.4","1.05","2.01904761904762","0.305146561858813","0.305146561858813","4","RORC(NR)"
"RORgt(NR)/EL4-RORgt.Flag-ChIP-Seq(GSE56019)/Homer","AAYTAGGTCA","1e-1","-3.747e+00","0.1092","11.0","2.12","508.4","1.05","2.01904761904762","0.305146561858813","0.305146561858813","4","RORC(NR)"
"Zic(Zf)/Cerebellum-ZIC1.2-ChIP-Seq(GSE60731)/Homer","CCTGCTGAGH","1e-1","-3.745e+00","0.1092","62.0","11.92","4465.0","9.24","1.29004329004329","0.110604284184111","0.110604284184111","12","ZIC1"
"IRF4(IRF)/GM12878-IRF4-ChIP-Seq(GSE32465)/Homer","ACTGAAACCA","1e-1","-3.744e+00","0.1092","30.0","5.77","1889.2","3.91","1.47570332480818","0.168999055759865","0.168999055759865","169","IRF4"
"VDR(NR) DR3/GM10855-VDR+vitD-ChIP-Seq(GSE22484)/Homer","ARAGGTCANWGAGTTCANNN","1e-1","-3.643e+00","0.1155","19.0","3.65","1077.0","2.23","1.63677130044843","0.213988001408314","0.213988001408314","142","VDR(NR)"
"PRDM1(Zf)/Hela-PRDM1-ChIP-Seq(GSE31477)/Homer","ACTTTCACTTTC","1e-1","-3.617e+00","0.1173","30.0","5.77","1910.1","3.95","1.46075949367089","0.164578717529271","0.164578717529271","122","PRDM1"
"Sox9(HMG)/Limb-SOX9-ChIP-Seq(GSE73225)/Homer","AGGVNCCTTTGT","1e-1","-3.555e+00","0.1235","48.0","9.23","3358.6","6.95","1.32805755395683","0.123216896435798","0.123216896435798","102","SOX9"
"PAX6(Paired Homeobox)/Forebrain-Pax6-ChIP-Seq(GSE66961)/Homer","NGTGTTCAVTSAAGCGKAAA","1e-1","-3.505e+00","0.1286","10.0","1.92","462.8","0.96","2","0.301029995663981","0.301029995663981","61","PAX6"
"Atf1(bZIP)/K562-ATF1-ChIP-Seq(GSE31477)/Homer","GATGACGTCA","1e-1","-3.475e+00","0.1312","56.0","10.77","4035.1","8.35","1.28982035928144","0.11052922781438","0.11052922781438","97","ATF1"
"E2F6(E2F)/Hela-E2F6-ChIP-Seq(GSE31477)/Homer","GGCGGGAARN","1e-1","-3.433e+00","0.1355","23.0","4.42","1402.2","2.90","1.52413793103448","0.183024271450136","0.183024271450136","5","E2F6"
"Foxa2(Forkhead)/Liver-Foxa2-ChIP-Seq(GSE25694)/Homer","CYTGTTTACWYW","1e-1","-3.400e+00","0.1387","54.0","10.38","3888.6","8.04","1.2910447761194","0.110941304763988","0.110941304763988","30","FOXA2"
"Pbx3(Homeobox)/GM12878-PBX3-ChIP-Seq(GSE32465)/Homer","SCTGTCAMTCAN","1e-1","-3.308e+00","0.1505","21.0","4.04","1269.8","2.63","1.5361216730038","0.186425616620847","0.186425616620847","119","PBX3"
"LEF1(HMG)/H1-LEF1-ChIP-Seq(GSE64758)/Homer","CCTTTGATST","1e-1","-3.277e+00","0.1539","40.0","7.69","2769.3","5.73","1.34205933682373","0.127771717834041","0.127771717834041","92","LEF1"
"CLOCK(bHLH)/Liver-Clock-ChIP-Seq(GSE39860)/Homer","GHCACGTG","1e-1","-3.240e+00","0.1581","40.0","7.69","2777.4","5.75","1.33739130434783","0.126258495111801","0.126258495111801","13","CLOCK"
"HOXB13(Homeobox)/ProstateTumor-HOXB13-ChIP-Seq(GSE56288)/Homer","TTTTATKRGG","1e-1","-3.205e+00","0.1623","63.0","12.12","4692.6","9.71","1.24819773429454","0.0962833899222625","0.0962833899222625","32","HOXB13"
"FoxL2(Forkhead)/Ovary-FoxL2-ChIP-Seq(GSE60858)/Homer","WWTRTAAACAVG","1e-1","-3.189e+00","0.1634","59.0","11.35","4360.0","9.02","1.25831485587583","0.0997893239871998","0.0997893239871998","30","FOXL2"
"p53(p53)/Saos-p53-ChIP-Seq/Homer","RRCATGYCYRGRCATGYYYN","1e-1","-3.173e+00","0.1634","9.0","1.73","423.3","0.88","1.96590909090909","0.293563430978627","0.293563430978627","1","TP53"
"p53(p53)/Saos-p53-ChIP-Seq(GSE15780)/Homer","RRCATGYCYRGRCATGYYYN","1e-1","-3.173e+00","0.1634","9.0","1.73","423.3","0.88","1.96590909090909","0.293563430978627","0.293563430978627","1","TP53"
"Klf9(Zf)/GBM-Klf9-ChIP-Seq(GSE62211)/Homer","GCCACRCCCACY","1e-1","-3.168e+00","0.1634","27.0","5.19","1753.6","3.63","1.4297520661157","0.155260732812345","0.155260732812345","35","KLF9"
"ZNF7(Zf)/HepG2-ZNF7.Flag-ChIP-Seq(Encode)/Homer","CTGCCWVCTTTTRTA","1e-1","-3.027e+00","0.1851","32.0","6.15","2176.9","4.50","1.36666666666667","0.135662602000073","0.135662602000073","16","ZNF7"
"Tgif1(Homeobox)/mES-Tgif1-ChIP-Seq(GSE55404)/Homer","YTGWCADY","1e-1","-3.027e+00","0.1851","200.0","38.46","16863.2","34.88","1.1026376146789","0.0424328036419314","0.0424328036419314","94","TGIF1"
"NF1(CTF)/LNCAP-NF1-ChIP-Seq(Unpublished)/Homer","CYTGGCABNSTGCCAR","1e-1","-3.026e+00","0.1851","17.0","3.27","1008.4","2.09","1.56459330143541","0.194401466549232","0.194401466549232","132","NFIB"
"ERG(ETS)/VCaP-ERG-ChIP-Seq(GSE14097)/Homer","ACAGGAAGTG","1e-1","-2.959e+00","0.1931","95.0","18.27","7519.2","15.55","1.17491961414791","0.0700081539896815","0.0700081539896814","24","ERG"
"STAT1(Stat)/HelaS3-STAT1-ChIP-Seq(GSE12782)/Homer","NATTTCCNGGAAAT","1e-1","-2.952e+00","0.1931","12.0","2.31","651.0","1.35","1.71111111111111","0.233278211397138","0.233278211397138","23","STAT1"
"p53(p53)/mES-cMyc-ChIP-Seq(GSE11431)/Homer","ACATGCCCGGGCAT","1e-1","-2.946e+00","0.1931","2.0","0.38","34.7","0.07","5.42857142857143","0.734685556602553","0.734685556602553","1","TP53"
"Esrrb(NR)/mES-Esrrb-ChIP-Seq(GSE11431)/Homer","KTGACCTTGA","1e-1","-2.923e+00","0.1951","48.0","9.23","3511.3","7.26","1.27134986225895","0.104265080325818","0.104265080325818","154","ESRRB(NR)"
"ETS1(ETS)/Jurkat-ETS1-ChIP-Seq(GSE17954)/Homer","ACAGGAAGTG","1e-1","-2.804e+00","0.2178","68.0","13.08","5238.7","10.84","1.20664206642066","0.0815784617858804","0.0815784617858804","24","ETS1"
"PU.1:IRF8(ETS:IRF)/pDC-Irf8-ChIP-Seq(GSE66899)/Homer","GGAAGTGAAAST","1e-1","-2.782e+00","0.2209","11.0","2.12","598.4","1.24","1.70967741935484","0.232914175766516","0.232914175766516","52","IRF8"
"Znf263(Zf)/K562-Znf263-ChIP-Seq(GSE31477)/Homer","CVGTSCTCCC","1e-1","-2.761e+00","0.2237","151.0","29.04","12562.7","25.99","1.11735282801077","0.0481903325270435","0.0481903325270435","80","ZNF263"
"EWS:ERG-fusion(ETS)/CADO_ES1-EWS:ERG-ChIP-Seq(SRA014231)/Homer","ATTTCCTGTN","1e-1","-2.747e+00","0.2249","47.0","9.04","3474.5","7.19","1.25730180806676","0.0994395400924807","0.0994395400924806","24","EWSR1_ERG_fusion"
"FOXA1(Forkhead)/LNCAP-FOXA1-ChIP-Seq(GSE27824)/Homer","WAAGTAAACA","1e-1","-2.736e+00","0.2255","70.0","13.46","5432.4","11.24","1.19750889679715","0.0782787486549157","0.0782787486549157","30","FOXA1"
"Hnf1(Homeobox)/Liver-Foxa2-Chip-Seq(GSE25694)/Homer","GGTTAAWCATTAA","1e-1","-2.731e+00","0.2255","9.0","1.73","462.7","0.96","1.80208333333333","0.255774870089227","0.255774870089227","124","HNF1A"
"FoxD3(forkhead)/ZebrafishEmbryo-Foxd3.biotin-ChIP-seq(GSE106676)/Homer","TGTTTAYTTAGC","1e-1","-2.722e+00","0.2255","57.0","10.96","4325.3","8.95","1.22458100558659","0.0879875188324385","0.0879875188324385","30","FOXD3"
"THRa(NR)/C17.2-THRa-ChIP-Seq(GSE38347)/Homer","GGTCANYTGAGGWCA","1e-1","-2.683e+00","0.2323","24.0","4.62","1604.1","3.32","1.39156626506024","0.143503891852089","0.143503891852089","82","THRA(NR)"
"THRb(NR)/HepG2-THRb.Flag-ChIP-Seq(Encode)/Homer","GGTCACCTGAGGTCA","1e-1","-2.662e+00","0.2354","34.0","6.54","2417.9","5.00","1.308","0.116607743988248","0.116607743988248","82","THRB(NR)"
"IRF3(IRF)/BMDM-Irf3-ChIP-Seq(GSE67343)/Homer","AGTTTCAKTTTC","1e-1","-2.659e+00","0.2354","16.0","3.08","984.9","2.04","1.50980392156863","0.178920549074545","0.178920549074545","53","IRF3"
"E2F7(E2F)/Hela-E2F7-ChIP-Seq(GSE32673)/Homer","VDTTTCCCGCCA","1e-1","-2.659e+00","0.2354","6.0","1.15","266.3","0.55","2.09090909090909","0.320335150859368","0.320335150859368","5","E2F7"
"IRF8(IRF)/BMDM-IRF8-ChIP-Seq(GSE77884)/Homer","GRAASTGAAAST","1e-1","-2.656e+00","0.2354","18.0","3.46","1138.4","2.35","1.47234042553191","0.16800823652104","0.16800823652104","51","IRF8"
"p63(p53)/Keratinocyte-p63-ChIP-Seq(GSE17611)/Homer","NNDRCATGYCYNRRCATGYH","1e-1","-2.634e+00","0.2354","25.0","4.81","1693.6","3.50","1.37428571428571","0.138077032023556","0.138077032023556","1","TP63"
"Fli1(ETS)/CD8-FLI-ChIP-Seq(GSE20898)/Homer","NRYTTCCGGH","1e-1","-2.629e+00","0.2354","77.0","14.81","6074.2","12.56","1.17914012738854","0.0715654191200312","0.0715654191200312","24","FLI1"
"EWS:FLI1-fusion(ETS)/SK_N_MC-EWS:FLI1-ChIP-Seq(SRA014231)/Homer","VACAGGAAAT","1e-1","-2.617e+00","0.2354","41.0","7.88","3007.2","6.22","1.26688102893891","0.102735832798737","0.102735832798737","24","EWSR1_FLI1_fusion"
"RUNX-AML(Runt)/CD4+-PolII-ChIP-Seq(Barski_et_al.)/Homer","GCTGTGGTTW","1e-1","-2.593e+00","0.2390","48.0","9.23","3601.4","7.45","1.23892617449664","0.0930454282776192","0.0930454282776192","41","RUNX1"
"Fox:Ebox(Forkhead bHLH)/Panc1-Foxa2-ChIP-Seq(GSE47459)/Homer","NNNVCTGWGYAAACASN","1e-1","-2.540e+00","0.2500","60.0","11.54","4638.7","9.59","1.20333680917623","0.080387201649049","0.080387201649049","30","FOXA2"
"Six2(Homeobox)/NephronProgenitor-Six2-ChIP-Seq(GSE39837)/Homer","GWAAYHTGAKMC","1e-1","-2.501e+00","0.2581","50.0","9.62","3797.0","7.85","1.22547770700637","0.0883054152925604","0.0883054152925604","63","SIX2"
"Six1(Homeobox)/Myoblast-Six1-ChIP-Chip(GSE20150)/Homer","GKVTCADRTTWC","1e-1","-2.486e+00","0.2602","15.0","2.88","933.2","1.93","1.49222797927461","0.173835178751457","0.173835178751457","65","SIX1"
"FOXK2(Forkhead)/U2OS-FOXK2-ChIP-Seq(E-MTAB-2204)/Homer","SCHTGTTTACAT","1e-1","-2.475e+00","0.2610","48.0","9.23","3635.6","7.52","1.22739361702128","0.0889838604342698","0.0889838604342698","30","FOXK2"
"USF1(bHLH)/GM12878-Usf1-ChIP-Seq(GSE32465)/Homer","SGTCACGTGR","1e-1","-2.465e+00","0.2619","30.0","5.77","2134.3","4.41","1.30839002267574","0.116737223687893","0.116737223687893","13","USF1"
"IRF2(IRF)/Erythroblas-IRF2-ChIP-Seq(GSE36985)/Homer","GAAASYGAAASY","1e-1","-2.455e+00","0.2626","7.0","1.35","349.7","0.72","1.875","0.273001272063738","0.273001272063738","53","IRF2"
"HIF-1b(HLH)/T47D-HIF1b-ChIP-Seq(GSE59937)/Homer","RTACGTGC","1e-1","-2.421e+00","0.2697","91.0","17.50","7378.3","15.26","1.14678899082569","0.0594835150674328","0.0594835150674328","80","ARNT(HIF1B)"
"Tcf7(HMG)/GM12878-TCF7-ChIP-Seq(Encode)/Homer","CTTTGATGTGSB","1e-1","-2.309e+00","0.2996","22.0","4.23","1516.4","3.14","1.34713375796178","0.129410719301827","0.129410719301827","93","TCF7"
"bZIP:IRF(bZIP IRF)/Th17-BatF-ChIP-Seq(GSE39756)/Homer","NAGTTTCABTHTGACTNW","1e-1","-2.306e+00","0.2996","25.0","4.81","1760.0","3.64","1.32142857142857","0.121043692724776","0.121043692724776","24","IRF4"
"PAX3:FKHR-fusion(Paired Homeobox)/Rh4-PAX3:FKHR-ChIP-Seq(GSE19063)/Homer","ACCRTGACTAATTNN","1e0","-2.267e+00","0.3079","12.0","2.31","735.5","1.52","1.51973684210526","0.181768391947372","0","49","PAX3_FKHR_fusion"
"CDX4(Homeobox)/ZebrafishEmbryos-Cdx4.Myc-ChIP-Seq(GSE48254)/Homer","NGYCATAAAWCH","1e0","-2.265e+00","0.3079","51.0","9.81","3956.7","8.18","1.19926650366748","0.0789157037086255","0","32","CDX4"
"RAR:RXR(NR) DR5/ES-RAR-ChIP-Seq(GSE56893)/Homer","RGGTCADNNAGAGGTCAV","1e0","-2.250e+00","0.3089","3.0","0.58","105.5","0.22","2.63636363636364","0.421005312740731","0","160","RAR_RXR(NR)"
"PAX5(Paired Homeobox) condensed/GM12878-PAX5-ChIP-Seq(GSE32465)/Homer","GTCACGCTCSCTGM","1e0","-2.235e+00","0.3116","8.0","1.54","441.4","0.91","1.69230769230769","0.228479328515369","0","32","PAX5"
"Nanog(Homeobox)/mES-Nanog-ChIP-Seq(GSE11724)/Homer","RGCCATTAAC","1e0","-2.218e+00","0.3148","244.0","46.92","21340.5","44.14","1.06298142274581","0.0265256746178554","0","32","NANOG"
"Sp2(Zf)/HEK293-Sp2.eGFP-ChIP-Seq(Encode)/Homer","YGGCCCCGCCCC","1e0","-2.192e+00","0.3207","75.0","14.42","6066.7","12.55","1.14900398406374","0.0603215345663533","0","35","SP2"
"PU.1(ETS)/ThioMac-PU.1-ChIP-Seq(GSE21512)/Homer","AGAGGAAGTG","1e0","-2.180e+00","0.3226","30.0","5.77","2202.2","4.56","1.26535087719298","0.102210970491296","0","15","SPI1"
"Atf4(bZIP)/MEF-Atf4-ChIP-Seq(GSE35681)/Homer","MTGATGCAAT","1e0","-2.170e+00","0.3236","20.0","3.85","1382.2","2.86","1.34615384615385","0.129094696379458","0","140","ATF4"
"Oct4:Sox17(POU Homeobox HMG)/F9-Sox17-ChIP-Seq(GSE44553)/Homer","CCATTGTATGCAAAT","1e0","-2.152e+00","0.3273","8.0","1.54","450.1","0.93","1.65591397849462","0.219037772282528","0","76","OCT4_SOX17"
"ETV1(ETS)/GIST48-ETV1-ChIP-Seq(GSE22441)/Homer","AACCGGAAGT","1e0","-2.145e+00","0.3276","87.0","16.73","7143.1","14.78","1.1319350473613","0.0538215069035877","0","24","ETV1"
"bHLHE41(bHLH)/proB-Bhlhe41-ChIP-Seq(GSE93764)/Homer","KCACGTGMCN","1e0","-2.130e+00","0.3304","73.0","14.04","5916.0","12.24","1.14705882352941","0.059585689984244","0","13","bHLHE41"
"SpiB(ETS)/OCILY3-SPIB-ChIP-Seq(GSE56857)/Homer","AAAGRGGAAGTG","1e0","-2.126e+00","0.3304","15.0","2.88","990.6","2.05","1.40487804878049","0.147638626703477","0","56","SPIB"
"KLF3(Zf)/MEF-Klf3-ChIP-Seq(GSE44748)/Homer","NRGCCCCRCCCHBNN","1e0","-2.109e+00","0.3331","26.0","5.00","1887.1","3.90","1.28205128205128","0.10790539730952","0","35","KLF3"
"FOXM1(Forkhead)/MCF7-FOXM1-ChIP-Seq(GSE72977)/Homer","TRTTTACTTW","1e0","-2.047e+00","0.3519","56.0","10.77","4463.1","9.23","1.16684723726977","0.0670140022720695","0","30","FOXM1"
"KLF10(Zf)/HEK293-KLF10.GFP-ChIP-Seq(GSE58341)/Homer","GGGGGTGTGTCC","1e0","-2.034e+00","0.3544","69.0","13.27","5604.8","11.59","1.14495254529767","0.0587874869008395","0","70","KLF10"
"GATA:SCL(Zf bHLH)/Ter119-SCL-ChIP-Seq(GSE18720)/Homer","CRGCTGBNGNSNNSAGATAA","1e0","-2.022e+00","0.3564","9.0","1.73","540.1","1.12","1.54464285714286","0.188828080458614","0","142","TAL1_GATA1"
"Rfx5(HTH)/GM12878-Rfx5-ChIP-Seq(GSE31477)/Homer","SCCTAGCAACAG","1e0","-2.009e+00","0.3587","18.0","3.46","1252.2","2.59","1.33590733590734","0.125776334711525","0","46","RFX5"
"Oct4(POU Homeobox)/mES-Oct4-ChIP-Seq(GSE11431)/Homer","ATTTGCATAW","1e0","-1.983e+00","0.3660","23.0","4.42","1668.0","3.45","1.28115942028986","0.107603174275818","0","93","OCT4(POU5F1)"
"PR(NR)/T47D-PR-ChIP-Seq(GSE31130)/Homer","VAGRACAKNCTGTBC","1e0","-1.981e+00","0.3660","115.0","22.12","9718.8","20.10","1.10049751243781","0.0415890652121718","0","80","PGR(NR)"
"E2F1(E2F)/Hela-E2F1-ChIP-Seq(GSE22478)/Homer","CWGGCGGGAA","1e0","-1.968e+00","0.3670","9.0","1.73","547.9","1.13","1.53097345132743","0.184967659645376","0","5","E2F1"
"Smad4(MAD)/ESC-SMAD4-ChIP-Seq(GSE29422)/Homer","VBSYGTCTGG","1e0","-1.959e+00","0.3679","117.0","22.50","9909.3","20.50","1.09756097560976","0.0404286570556082","0","138","SMAD4"
"Chop(bZIP)/MEF-Chop-ChIP-Seq(GSE35681)/Homer","ATTGCATCAT","1e0","-1.953e+00","0.3680","16.0","3.08","1101.2","2.28","1.35087719298246","0.13061586949999","0","141","DDIT3"
"Hoxd11(Homeobox)/ChickenMSG-Hoxd11.Flag-ChIP-Seq(GSE86088)/Homer","VGCCATAAAA","1e0","-1.942e+00","0.3698","128.0","24.62","10909.3","22.57","1.09082853345148","0.0377564895175354","0","31","HOXD11"
"Otx2(Homeobox)/EpiLC-Otx2-ChIP-Seq(GSE56098)/Homer","NYTAATCCYB","1e0","-1.941e+00","0.3698","37.0","7.12","2860.2","5.92","1.2027027027027","0.0801582869139366","0","37","OTX2"
"CRE(bZIP)/Promoter/Homer","CSGTGACGTCAC","1e0","-1.906e+00","0.3788","22.0","4.23","1603.6","3.32","1.27409638554217","0.105202283671006","0","66","CREB1"
"Mef2d(MADS)/Retina-Mef2d-ChIP-Seq(GSE61391)/Homer","GCTATTTTTAGC","1e0","-1.895e+00","0.3806","10.0","1.92","634.4","1.31","1.46564885496183","0.166029933047785","0","44","MEF2D"
"RARg(NR)/ES-RARg-ChIP-Seq(GSE30538)/Homer","AGGTCAAGGTCA","1e0","-1.886e+00","0.3819","2.0","0.38","64.1","0.13","2.92307692307692","0.465840244309973","0","117","RARG(NR)"
"BMAL1(bHLH)/Liver-Bmal1-ChIP-Seq(GSE39860)/Homer","GNCACGTG","1e0","-1.878e+00","0.3826","113.0","21.73","9593.3","19.84","1.09526209677419","0.0395180585023647","0","13","ARNTL"
"Reverb(NR) DR2/RAW-Reverba.biotin-ChIP-Seq(GSE45914)/Homer","GTRGGTCASTGGGTCA","1e0","-1.871e+00","0.3832","9.0","1.73","560.0","1.16","1.49137931034483","0.173588113901877","0","140","NR1D1(NR)"
"Tcf3(HMG)/mES-Tcf3-ChIP-Seq(GSE11724)/Homer","ASWTCAAAGG","1e0","-1.860e+00","0.3852","14.0","2.69","957.5","1.98","1.35858585858586","0.133087089740877","0","92","TCF7L1"
"Foxa3(Forkhead)/Liver-Foxa3-ChIP-Seq(GSE77670)/Homer","BSNTGTTTACWYWGN","1e0","-1.838e+00","0.3913","22.0","4.23","1619.9","3.35","1.26268656716418","0.101295560338197","0","29","FOXA3"
"FOXA1(Forkhead)/MCF7-FOXA1-ChIP-Seq(GSE26831)/Homer","WAAGTAAACA","1e0","-1.830e+00","0.3924","54.0","10.38","4371.8","9.04","1.14823008849558","0.0600289230370758","0","30","FOXA1"
"ISRE(IRF)/ThioMac-LPS-Expression(GSE23622)/Homer","AGTTTCASTTTC","1e0","-1.829e+00","0.3924","4.0","0.77","195.6","0.40","1.925","0.284430733844519","0","53","ISRE(STAT1/STAT2/IRF9)"
"Hoxa9(Homeobox)/ChickenMSG-Hoxa9.Flag-ChIP-Seq(GSE86088)/Homer","RGCAATNAAA","1e0","-1.808e+00","0.3963","144.0","27.69","12435.1","25.72","1.07659409020218","0.03205199149339","0","32","HOXA9"
"ETS(ETS)/Promoter/Homer","AACCGGAAGT","1e0","-1.797e+00","0.3985","22.0","4.23","1629.1","3.37","1.25519287833828","0.0987104665037038","0","24","ETS1"
"KLF6(Zf)/PDAC-KLF6-ChIP-Seq(GSE64557)/Homer","MKGGGYGTGGCC","1e0","-1.776e+00","0.4048","52.0","10.00","4217.1","8.72","1.14678899082569","0.0594835150674328","0","35","KLF6"
"NPAS(bHLH)/Liver-NPAS-ChIP-Seq(GSE39860)/Homer","NVCACGTG","1e0","-1.750e+00","0.4133","101.0","19.42","8584.9","17.76","1.09346846846847","0.0388062641294039","0","13","NPAS2"
"ETV4(ETS)/HepG2-ETV4-ChIP-Seq(ENCODE)/Homer","ACCGGAAGTG","1e0","-1.727e+00","0.4203","69.0","13.27","5737.5","11.87","1.11794439764111","0.0484202039098443","0","24","ETV4"
"Prop1(Homeobox)/GHFT1-PROP1.biotin-ChIP-Seq(GSE77302)/Homer","NTAATBNAATTA","1e0","-1.727e+00","0.4203","25.0","4.81","1900.2","3.93","1.22391857506361","0.0877525259984051","0","58","PROP1"
"Klf4(Zf)/mES-Klf4-ChIP-Seq(GSE11431)/Homer","GCCACACCCA","1e0","-1.719e+00","0.4203","23.0","4.42","1733.0","3.58","1.23463687150838","0.0915392427052175","0","34","KLF4"
"MafF(bZIP)/HepG2-MafF-ChIP-Seq(GSE31477)/Homer","HWWGTCAGCAWWTTT","1e0","-1.704e+00","0.4231","16.0","3.08","1151.2","2.38","1.29411764705882","0.111973759443932","0","86","MAFF"
"CEBP:CEBP(bZIP)/MEF-Chop-ChIP-Seq(GSE35681)/Homer","NTNATGCAAYMNNHTGMAAY","1e0","-1.698e+00","0.4235","7.0","1.35","429.6","0.89","1.51685393258427","0.180943761850093","0","102","CEBP_CEBP"
"MITF(bHLH)/MastCells-MITF-ChIP-Seq(GSE48085)/Homer","RTCATGTGAC","1e0","-1.697e+00","0.4235","50.0","9.62","4073.0","8.42","1.14251781472684","0.0578629805381634","0","139","MITF"
"Sp1(Zf)/Promoter/Homer","GGCCCCGCCCCC","1e0","-1.688e+00","0.4235","13.0","2.50","908.5","1.88","1.32978723404255","0.123782159408358","0","35","SP1"
"ZNF519(Zf)/HEK293-ZNF519.GFP-ChIP-Seq(GSE58341)/Homer","GAGSCCGAGC","1e0","-1.682e+00","0.4235","11.0","2.12","747.1","1.55","1.36774193548387","0.13600416275846","0","143","ZNF519"
"Oct11(POU Homeobox)/NCIH1048-POU2F3-ChIP-seq(GSE115123)/Homer","GATTTGCATA","1e0","-1.664e+00","0.4287","12.0","2.31","831.8","1.72","1.34302325581395","0.128083532984595","0","93","OCT11(POU2F3)"
"Zac1(Zf)/Neuro2A-Plagl1-ChIP-Seq(GSE75942)/Homer","HAWGRGGCCM","1e0","-1.657e+00","0.4296","118.0","22.69","10171.0","21.04","1.07842205323194","0.0327887604032346","0","61","PLAGL1"
"Zfp57(Zf)/H1-ZFP57.HA-ChIP-Seq(GSE115387)/Homer","NANTGCSGCA","1e0","-1.620e+00","0.4434","20.0","3.85","1505.3","3.11","1.2379421221865","0.0927003404816632","0","173","ZFP57"
"ERRg(NR)/Kidney-ESRRG-ChIP-Seq(GSE104905)/Homer","GTGACCTTGRVN","1e0","-1.618e+00","0.4434","50.0","9.62","4105.2","8.49","1.13309776207303","0.0542673817938602","0","155","ERRG(NR)"
"Bcl11a(Zf)/HSPC-BCL11A-ChIP-Seq(GSE104676)/Homer","TYTGACCASWRG","1e0","-1.618e+00","0.4434","49.0","9.42","4017.9","8.31","1.13357400722022","0.0544498790087663","0","130","BCL11A"
"NFAT:AP1(RHD bZIP)/Jurkat-NFATC1-ChIP-Seq(Jolma_et_al.)/Homer","SARTGGAAAAWRTGAGTCAB","1e0","-1.610e+00","0.4434","8.0","1.54","519.7","1.07","1.4392523364486","0.158136943151253","0","17","NFAT_AP1_complex"
"Smad3(MAD)/NPC-Smad3-ChIP-Seq(GSE36673)/Homer","TWGTCTGV","1e0","-1.608e+00","0.4434","174.0","33.46","15303.3","31.65","1.05718799368088","0.0241522222730018","0","135","SMAD3"
"Zic3(Zf)/mES-Zic3-ChIP-Seq(GSE37889)/Homer","GGCCYCCTGCTGDGH","1e0","-1.605e+00","0.4434","38.0","7.31","3058.1","6.33","1.15481832543444","0.0625136669405053","0","12","ZIC3"
"RORg(NR)/Liver-Rorc-ChIP-Seq(GSE101115)/Homer","WAABTAGGTCAV","1e0","-1.604e+00","0.4434","6.0","1.15","364.4","0.75","1.53333333333333","0.185636576961912","0","4","RORG(NR)"
"E-box(bHLH)/Promoter/Homer","SSGGTCACGTGA","1e0","-1.599e+00","0.4434","7.0","1.35","442.5","0.92","1.46739130434783","0.166545941149451","0","13","EBOX_promoter"
"GATA3(Zf)/iTreg-Gata3-ChIP-Seq(GSE20898)/Homer","AGATAASR","1e0","-1.588e+00","0.4434","75.0","14.42","6339.6","13.11","1.09992372234935","0.041362568693326","0","31","GATA3"
"Hoxd12(Homeobox)/ChickenMSG-Hoxd12.Flag-ChIP-Seq(GSE86088)/Homer","HDGYAATGAAAN","1e0","-1.575e+00","0.4434","89.0","17.12","7601.7","15.72","1.08905852417303","0.0370512186377453","0","32","HOXD12"
"Pax8(Paired Homeobox)/Thyroid-Pax8-ChIP-Seq(GSE26938)/Homer","GTCATGCHTGRCTGS","1e0","-1.521e+00","0.4651","16.0","3.08","1192.9","2.47","1.24696356275304","0.0958537632407786","0","6","PAX8"
"STAT5(Stat)/mCD4+-Stat5-ChIP-Seq(GSE12346)/Homer","RTTTCTNAGAAA","1e0","-1.500e+00","0.4730","10.0","1.92","698.4","1.44","1.33333333333333","0.1249387366083","0","23","STAT5A"
"PGR(NR)/EndoStromal-PGR-ChIP-Seq(GSE69539)/Homer","AAGAACATWHTGTTC","1e0","-1.493e+00","0.4738","12.0","2.31","864.2","1.79","1.29050279329609","0.110758948912251","0","80","PGR(NR)"
"Pit1(Homeobox)/GCrat-Pit1-ChIP-Seq(GSE58009)/Homer","ATGMATATDC","1e0","-1.482e+00","0.4765","37.0","7.12","3016.7","6.24","1.14102564102564","0.0572954039544324","0","3","PIT1(POU1F1)"
"GATA3(Zf) DR8/iTreg-Gata3-ChIP-Seq(GSE20898)/Homer","AGATSTNDNNDSAGATAASN","1e0","-1.480e+00","0.4765","5.0","0.96","302.5","0.63","1.52380952380952","0.182930683585987","0","167","GATA3"
"RUNX2(Runt)/PCa-RUNX2-ChIP-Seq(GSE33889)/Homer","NWAACCACADNN","1e0","-1.475e+00","0.4765","48.0","9.23","3989.0","8.25","1.11878787878788","0.048747752475987","0","43","RUNX2"
"Gata4(Zf)/Heart-Gata4-ChIP-Seq(GSE35151)/Homer","NBWGATAAGR","1e0","-1.474e+00","0.4765","53.0","10.19","4433.9","9.17","1.11123227917121","0.0458048483364053","0","30","GATA4"
"Rbpj1(?)/Panc1-Rbpj1-ChIP-Seq(GSE47459)/Homer","HTTTCCCASG","1e0","-1.463e+00","0.4766","57.0","10.96","4794.2","9.92","1.10483870967742","0.0432988819941717","0","113","RBPJ"
"Twist(bHLH)/HMLE-TWIST1-ChIP-Seq(Chang_et_al)/Homer","VCAKCTGGNNNCCAGMTGBN","1e0","-1.459e+00","0.4766","11.0","2.12","788.9","1.63","1.30061349693252","0.114148256524794","0","8","TWIST1"
"CEBP(bZIP)/ThioMac-CEBPb-ChIP-Seq(GSE21512)/Homer","ATTGCGCAAC","1e0","-1.454e+00","0.4766","30.0","5.77","2414.9","5.00","1.154","0.0622058088197126","0","165","CEBPB"
"TFE3(bHLH)/MEF-TFE3-ChIP-Seq(GSE75757)/Homer","GTCACGTGACYV","1e0","-1.438e+00","0.4814","7.0","1.35","465.3","0.96","1.40625","0.148062535455438","0","13","TFE3"
"ARE(NR)/LNCAP-AR-ChIP-Seq(GSE27824)/Homer","RGRACASNSTGTYCYB","1e0","-1.410e+00","0.4927","13.0","2.50","965.3","2.00","1.25","0.0969100130080564","0","79","AR(NR)"
"Hand2(bHLH)/Mesoderm-Hand2-ChIP-Seq(GSE61475)/Homer","TGACANARRCCAGRC","1e0","-1.385e+00","0.5032","31.0","5.96","2526.8","5.23","1.1395793499044","0.0567445708729621","0","105","HAND2"
"PAX5(Paired Homeobox)/GM12878-PAX5-ChIP-Seq(GSE32465)/Homer","GCAGCCAAGCRTGACH","1e0","-1.381e+00","0.5032","21.0","4.04","1656.5","3.43","1.17784256559767","0.0710872450678345","0","6","PAX5"
"Elf4(ETS)/BMDM-Elf4-ChIP-Seq(GSE88699)/Homer","ACTTCCKGKT","1e0","-1.354e+00","0.5142","60.0","11.54","5116.2","10.58","1.09073724007561","0.0377201411205457","0","24","ELF4"
"Tcf12(bHLH)/GM12878-Tcf12-ChIP-Seq(GSE32465)/Homer","VCAGCTGYTG","1e0","-1.345e+00","0.5162","82.0","15.77","7102.1","14.69","1.07351940095303","0.0308098975386464","0","8","TCF12"
"ZNF467(Zf)/HEK293-ZNF467.GFP-ChIP-Seq(GSE58341)/Homer","TGGGGAAGGGCM","1e0","-1.340e+00","0.5167","40.0","7.69","3338.4","6.91","1.11287988422576","0.0464482924272326","0","139","ZNF467"
"GRE(NR) IR3/A549-GR-ChIP-Seq(GSE32465)/Homer","NRGVACABNVTGTYCY","1e0","-1.336e+00","0.5167","7.0","1.35","481.2","1.00","1.35","0.130333768495006","0","80","NR3C1_GRE(NR)"
"Rfx6(HTH)/Min6b1-Rfx6.HA-ChIP-Seq(GSE62844)/Homer","TGTTKCCTAGCAACM","1e0","-1.329e+00","0.5175","54.0","10.38","4591.1","9.50","1.09263157894737","0.0384737482235913","0","46","RFX6"
"Max(bHLH)/K562-Max-ChIP-Seq(GSE31477)/Homer","RCCACGTGGYYN","1e0","-1.319e+00","0.5202","36.0","6.92","2992.4","6.19","1.11793214862682","0.0484154454366398","0","13","MAX"
"Hoxa11(Homeobox)/ChickenMSG-Hoxa11.Flag-ChIP-Seq(GSE86088)/Homer","TTTTATGGCM","1e0","-1.314e+00","0.5205","123.0","23.65","10849.1","22.44","1.05392156862745","0.0228082924897065","0","32","HOXA11"
"EKLF(Zf)/Erythrocyte-Klf1-ChIP-Seq(GSE20478)/Homer","NWGGGTGTGGCY","1e0","-1.303e+00","0.5237","14.0","2.69","1075.8","2.23","1.20627802690583","0.0814474169542473","0","35","KLF1"
"TRPS1(Zf)/MCF7-TRPS1-ChIP-Seq(GSE107013)/Homer","AGATAAGANN","1e0","-1.270e+00","0.5391","96.0","18.46","8419.3","17.41","1.06031016657094","0.025432925572562","0","31","TRPS1"
"ZKSCAN1(Zf)/HepG2-ZKSCAN1-ChIP-Seq(Encode)/Homer","GCACAYAGTAGGKCY","1e0","-1.260e+00","0.5419","1.0","0.19","31.4","0.06","3.16666666666667","0.500602350569185","0","123","ZKSCAN1"
"ZNF136(Zf)/HEK293-ZNF136.GFP-ChIP-Seq(GSE58341)/Homer","YTKGATAHAGTATTCTWGGTNGGCA","1e0","-1.243e+00","0.5489","3.0","0.58","174.3","0.36","1.61111111111111","0.20712549279565","0","168","ZNF136"
"MYB(HTH)/ERMYB-Myb-ChIPSeq(GSE22095)/Homer","GGCVGTTR","1e0","-1.238e+00","0.5493","107.0","20.58","9443.1","19.53","1.05376344086022","0.0227431271385597","0","21","MYB"
"HIF-1a(bHLH)/MCF7-HIF1a-ChIP-Seq(GSE28352)/Homer","TACGTGCV","1e0","-1.235e+00","0.5493","18.0","3.46","1439.0","2.98","1.16107382550336","0.0648598347165214","0","163","HIF1A"
"RORa(NR)/Liver-Rora-ChIP-Seq(GSE101115)/Homer","AAWCTAGGTCARDNN","1e0","-1.206e+00","0.5621","7.0","1.35","503.9","1.04","1.29807692307692","0.113300429196226","0","4","RORA(NR)"
"ZNF692(Zf)/HEK293-ZNF692.GFP-ChIP-Seq(GSE58341)/Homer","GTGGGCCCCA","1e0","-1.204e+00","0.5621","4.0","0.77","257.9","0.53","1.45283018867925","0.162214855571693","0","84","ZNF692"
"Hoxa10(Homeobox)/ChickenMSG-Hoxa10.Flag-ChIP-Seq(GSE86088)/Homer","GGYAATGAAA","1e0","-1.188e+00","0.5673","26.0","5.00","2158.6","4.46","1.12107623318386","0.0496351456238769","0","32","HOXA10"
"Cdx2(Homeobox)/mES-Cdx2-ChIP-Seq(GSE14586)/Homer","GYMATAAAAH","1e0","-1.153e+00","0.5850","33.0","6.35","2795.2","5.78","1.09861591695502","0.0408458868714466","0","103","CDX2"
"Usf2(bHLH)/C2C12-Usf2-ChIP-Seq(GSE36030)/Homer","GTCACGTGGT","1e0","-1.148e+00","0.5853","17.0","3.27","1378.1","2.85","1.14736842105263","0.0597028926517759","0","99","USF2"
"RUNX1(Runt)/Jurkat-RUNX1-ChIP-Seq(GSE29180)/Homer","AAACCACARM","1e0","-1.144e+00","0.5853","62.0","11.92","5412.5","11.20","1.06428571428571","0.027058232734036","0","43","RUNX1"
"ZFX(Zf)/mES-Zfx-ChIP-Seq(GSE11431)/Homer","AGGCCTRG","1e0","-1.140e+00","0.5853","46.0","8.85","3968.6","8.21","1.07795371498173","0.0326001135783846","0","84","ZFX"
"CRX(Homeobox)/Retina-Crx-ChIP-Seq(GSE20012)/Homer","GCTAATCC","1e0","-1.138e+00","0.5853","118.0","22.69","10523.0","21.77","1.04225999081305","0.0179760668438417","0","37","CRX"
"Isl1(Homeobox)/Neuron-Isl1-ChIP-Seq(GSE31456)/Homer","CTAATKGV","1e0","-1.136e+00","0.5853","94.0","18.08","8329.4","17.23","1.04933255948926","0.020913148691316","0","83","ISL1"
"ZNF768(Zf)/Rajj-ZNF768-ChIP-Seq(GSE111879)/Homer","RHHCAGAGAGGB","1e0","-1.128e+00","0.5853","2.0","0.38","108.4","0.22","1.72727272727273","0.237360915794604","0","175","ZNF768"
"TATA-Box(TBP)/Promoter/Homer","CCTTTTAWAGSC","1e0","-1.127e+00","0.5853","65.0","12.50","5694.6","11.78","1.06112054329372","0.0257647225569736","0","164","TBP"
"PRDM14(Zf)/H1-PRDM14-ChIP-Seq(GSE22767)/Homer","RGGTCTCTAACY","1e0","-1.124e+00","0.5853","12.0","2.31","948.8","1.96","1.17857142857143","0.0713559085356683","0","147","PRDM14"
"CUX1(Homeobox)/K562-CUX1-ChIP-Seq(GSE92882)/Homer","TATCGATNAN","1e0","-1.119e+00","0.5853","33.0","6.35","2810.5","5.81","1.09294320137694","0.0385975929016449","0","75","CUX1"
"Tbx5(T-box)/HL1-Tbx5.biotin-ChIP-Seq(GSE21529)/Homer","AGGTGTCA","1e0","-1.117e+00","0.5853","201.0","38.65","18184.1","37.61","1.02765222015421","0.0118461648319446","0","39","TBX5"
"Oct2(POU Homeobox)/Bcell-Oct2-ChIP-Seq(GSE21512)/Homer","ATATGCAAAT","1e0","-1.114e+00","0.5853","9.0","1.73","691.3","1.43","1.20979020979021","0.0827100656637336","0","94","OCT2(POU2F2)"
"KLF5(Zf)/LoVo-KLF5-ChIP-Seq(GSE49402)/Homer","DGGGYGKGGC","1e0","-1.110e+00","0.5853","62.0","11.92","5433.0","11.24","1.06049822064057","0.0255099441711753","0","34","KLF5"
"Pitx1:Ebox(Homeobox bHLH)/Hindlimb-Pitx1-ChIP-Seq(GSE41591)/Homer","YTAATTRAWWCCAGATGT","1e0","-1.101e+00","0.5853","11.0","2.12","867.7","1.79","1.18435754189944","0.0734828299488583","0","8","PITX1"
"NeuroD1(bHLH)/Islet-NeuroD1-ChIP-Seq(GSE30298)/Homer","GCCATCTGTT","1e0","-1.099e+00","0.5853","52.0","10.00","4532.2","9.37","1.06723585912487","0.0282604091122218","0","8","NEUROD1"
"ZNF669(Zf)/HEK293-ZNF669.GFP-ChIP-Seq(GSE58341)/Homer","GARTGGTCATCGCCC","1e0","-1.090e+00","0.5853","4.0","0.77","272.3","0.56","1.375","0.138302698166281","0","74","ZNF669"
"GRE(NR) IR3/RAW264.7-GRE-ChIP-Seq(Unpublished)/Homer","VAGRACAKWCTGTYC","1e0","-1.071e+00","0.5936","12.0","2.31","962.0","1.99","1.1608040201005","0.0647589034824377","0","78","GRE(NR)"
"Six4(Homeobox)/MCF7-SIX4-ChIP-Seq(Encode)/Homer","TGWAAYCTGABACCB","1e0","-1.010e+00","0.6286","3.0","0.58","200.9","0.42","1.38095238095238","0.140178703165037","0","64","SIX4"
"GABPA(ETS)/Jurkat-GABPa-ChIP-Seq(GSE17954)/Homer","RACCGGAAGT","1e0","-1.004e+00","0.6297","52.0","10.00","4587.5","9.49","1.05374077976818","0.0227337875727073","0","24","GABPA"
"MNT(bHLH)/HepG2-MNT-ChIP-Seq(Encode)/Homer","DGCACACGTG","1e0","-1.001e+00","0.6297","55.0","10.58","4862.5","10.06","1.05168986083499","0.0218876869792584","0","144","MNT"
"Hoxa13(Homeobox)/ChickenMSG-Hoxa13.Flag-ChIP-Seq(GSE86088)/Homer","CYHATAAAAN","1e0","-1.001e+00","0.6297","125.0","24.04","11279.5","23.33","1.03043291898843","0.0130197245369493","0","32","HOXA13"
"Tbr1(T-box)/Cortex-Tbr1-ChIP-Seq(GSE71384)/Homer","AAGGTGTKAA","1e0","-9.943e-01","0.6297","93.0","17.88","8343.7","17.26","1.03592120509849","0.015326723080708","0","41","TBR1"
"NFkB-p65-Rel(RHD)/ThioMac-LPS-Expression(GSE23622)/Homer","GGAAATTCCC","1e0","-9.941e-01","0.6297","3.0","0.58","202.7","0.42","1.38095238095238","0.140178703165037","0","53","NFKB1_RELA"
"FOXA1:AR(Forkhead NR)/LNCAP-AR-ChIP-Seq(GSE27824)/Homer","AGTAAACAAAAAAGAACAND","1e0","-9.880e-01","0.6297","4.0","0.77","287.6","0.59","1.30508474576271","0.115638713530338","0","28","FOXA1"
"Phox2a(Homeobox)/Neuron-Phox2a-ChIP-Seq(GSE31456)/Homer","YTAATYNRATTA","1e0","-9.514e-01","0.6482","15.0","2.88","1264.1","2.61","1.10344827586207","0.0427519804209499","0","59","PHOX2A"
"FXR(NR) IR1/Liver-FXR-ChIP-Seq(Chong_et_al.)/Homer","AGGTCANTGACCTB","1e0","-9.502e-01","0.6482","16.0","3.08","1354.6","2.80","1.1","0.0413926851582251","0","74","NR1H4(NR)"
"Rfx1(HTH)/NPC-H3K4me1-ChIP-Seq(GSE16256)/Homer","KGTTGCCATGGCAA","1e0","-9.446e-01","0.6482","11.0","2.12","909.8","1.88","1.12765957446809","0.0521780116650716","0","34","RFX1"
"Stat3+il21(Stat)/CD4-Stat3-ChIP-Seq(GSE19198)/Homer","SVYTTCCNGGAARB","1e0","-9.403e-01","0.6482","25.0","4.81","2169.7","4.49","1.07126948775056","0.0298987353705086","0","23","STAT3"
"n-Myc(bHLH)/mES-nMyc-ChIP-Seq(GSE11431)/Homer","VRCCACGTGG","1e0","-9.274e-01","0.6537","35.0","6.73","3083.8","6.38","1.05485893416928","0.0231943855028146","0","13","MYCN"
"Eomes(T-box)/H9-Eomes-ChIP-Seq(GSE26097)/Homer","ATTAACACCT","1e0","-8.950e-01","0.6726","134.0","25.77","12206.1","25.25","1.02059405940594","0.00885303609622456","0","41","EOMES"
"Rfx2(HTH)/LoVo-RFX2-ChIP-Seq(GSE49402)/Homer","GTTGCCATGGCAACM","1e0","-8.674e-01","0.6888","7.0","1.35","573.6","1.19","1.13445378151261","0.0547868071024754","0","33","RFX2"
"Gfi1b(Zf)/HPC7-Gfi1b-ChIP-Seq(GSE22178)/Homer","MAATCACTGC","1e0","-8.648e-01","0.6888","33.0","6.35","2934.8","6.07","1.04612850082372","0.019585034216718","0","54","GFI1B"
"IRF:BATF(IRF:bZIP)/pDC-Irf8-ChIP-Seq(GSE66899)/Homer","CTTTCANTATGACTV","1e0","-8.385e-01","0.7036","5.0","0.96","401.5","0.83","1.1566265060241","0.0631931406634945","0","25","BATF3_IRF8"
"ZNF41(Zf)/HEK293-ZNF41.GFP-ChIP-Seq(GSE58341)/Homer","CCTCATGGTGYCYTWYTCCCTTGTG","1e0","-8.193e-01","0.7145","1.0","0.19","54.6","0.11","1.72727272727273","0.237360915794604","0","47","ZNF41"
"Hoxd10(Homeobox)/ChickenMSG-Hoxd10.Flag-ChIP-Seq(GSE86088)/Homer","GGCMATGAAA","1e0","-8.031e-01","0.7235","52.0","10.00","4718.8","9.76","1.02459016393443","0.0105501823333081","0","32","HOXD10"
"Stat3(Stat)/mES-Stat3-ChIP-Seq(GSE11431)/Homer","CTTCCGGGAA","1e0","-7.911e-01","0.7294","18.0","3.46","1597.6","3.30","1.04848484848485","0.0205621589148892","0","23","STAT3"
"TCFL2(HMG)/K562-TCF7L2-ChIP-Seq(GSE29196)/Homer","ACWTCAAAGG","1e0","-7.857e-01","0.7306","4.0","0.77","322.9","0.67","1.14925373134328","0.0604159224716554","0","91","TCFL2"
"Bapx1(Homeobox)/VertebralCol-Bapx1-ChIP-Seq(GSE36672)/Homer","TTRAGTGSYK","1e0","-7.807e-01","0.7316","109.0","20.96","10006.7","20.70","1.01256038647343","0.00542093285477133","0","11","NKX3-2"
"BMYB(HTH)/Hela-BMYB-ChIP-Seq(GSE27030)/Homer","NHAACBGYYV","1e0","-7.427e-01","0.7571","99.0","19.04","9117.5","18.86","1.00954400848356","0.00412525564714601","0","21","MYBL2"
"OCT4-SOX2-TCF-NANOG(POU Homeobox HMG)/mES-Oct4-ChIP-Seq(GSE11431)/Homer","ATTTGCATAACAATG","1e0","-7.414e-01","0.7571","6.0","1.15","514.8","1.06","1.08490566037736","0.0353919750888414","0","93","OCT4-SOX2-TCF-NANOG"
"ELF3(ETS)/PDAC-ELF3-ChIP-Seq(GSE64557)/Homer","ANCAGGAAGT","1e0","-7.305e-01","0.7607","42.0","8.08","3845.3","7.95","1.01635220125786","0.00704423211811587","0","24","ELF3"
"X-box(HTH)/NPC-H3K4me1-ChIP-Seq(GSE16256)/Homer","GGTTGCCATGGCAA","1e0","-7.298e-01","0.7607","6.0","1.15","517.7","1.07","1.07476635514019","0.031314062668402","0","32","RFX2"
"NPAS2(bHLH)/Liver-NPAS2-ChIP-Seq(GSE39860)/Homer","KCCACGTGAC","1e0","-7.252e-01","0.7607","57.0","10.96","5239.9","10.84","1.01107011070111","0.00478127194598226","0","101","NPAS2"
"Arnt:Ahr(bHLH)/MCF7-Arnt-ChIP-Seq(Lo_et_al.)/Homer","TBGCACGCAA","1e0","-7.116e-01","0.7668","43.0","8.27","3951.9","8.17","1.01223990208078","0.00528345302013116","0","77","ARNT(HIF1B)"
"E2F(E2F)/Hela-CellCycle-Expression/Homer","TTSGCGCGAAAA","1e0","-7.064e-01","0.7680","2.0","0.38","154.2","0.32","1.1875","0.0746336182969042","0","157","E2F"
"ZNF143|STAF(Zf)/CUTLL-ZNF143-ChIP-Seq(GSE29600)/Homer","ATTTCCCAGVAKSCY","1e0","-7.063e-01","0.7680","12.0","2.31","1079.1","2.23","1.03587443946188","0.0153071168439837","0","46","ZNF143"
"Tbx21(T-box)/GM12878-TBX21-ChIP-Seq(Encode)/Homer","AGGTGTGAAA","1e0","-6.926e-01","0.7730","63.0","12.12","5823.5","12.05","1.00580912863071","0.0025155729193802","0","41","TBX21"
"Gata1(Zf)/K562-GATA1-ChIP-Seq(GSE18829)/Homer","SAGATAAGRV","1e0","-6.859e-01","0.7754","26.0","5.00","2389.4","4.94","1.01214574898785","0.00524305541237188","0","31","GATA1"
"Nkx2.5(Homeobox)/HL1-Nkx2.5.biotin-ChIP-Seq(GSE21529)/Homer","RRSCACTYAA","1e0","-6.768e-01","0.7797","117.0","22.50","10858.6","22.46","1.00178094390027","0.000772766185923518","0","11","NKX2-5"
"MYNN(Zf)/HEK293-MYNN.eGFP-ChIP-Seq(Encode)/Homer","TTCAAAWTAAAAGTC","1e0","-6.701e-01","0.7821","11.0","2.12","1000.7","2.07","1.02415458937198","0.0103655154718337","0","159","MYNN"
"Ptf1a(bHLH)/Panc1-Ptf1a-ChIP-Seq(GSE47459)/Homer","ACAGCTGTTN","1e0","-6.529e-01","0.7929","183.0","35.19","17024.5","35.21","0.999431979551264","-0.000246758234992597","0","8","PTF1A"
"EHF(ETS)/LoVo-EHF-ChIP-Seq(GSE49402)/Homer","AVCAGGAAGT","1e0","-6.510e-01","0.7929","71.0","13.65","6605.8","13.66","0.999267935578331","-0.000318047968738899","0","48","EHF"
"ZNF165(Zf)/WHIM12-ZNF165-ChIP-Seq(GSE65937)/Homer","AAGGKGRCGCAGGCA","1e0","-6.501e-01","0.7929","6.0","1.15","539.1","1.12","1.02678571428571","0.01147981768343","0","98","ZNF165"
"ZNF711(Zf)/SHSY5Y-ZNF711-ChIP-Seq(GSE20673)/Homer","AGGCCTAG","1e0","-6.439e-01","0.7929","62.0","11.92","5773.0","11.94","0.998324958123953","-0.00072807138913263","0","85","ZNF711"
"NRF(NRF)/Promoter/Homer","STGCGCATGCGC","1e0","-6.402e-01","0.7929","7.0","1.35","636.3","1.32","1.02272727272727","0.00975983728915624","0","7","NRF1"
"AMYB(HTH)/Testes-AMYB-ChIP-Seq(GSE44588)/Homer","TGGCAGTTGG","1e0","-6.367e-01","0.7929","87.0","16.73","8110.7","16.78","0.997020262216925","-0.00129601553028698","0","21","MYBL1"
"E2F4(E2F)/K562-E2F4-ChIP-Seq(GSE31477)/Homer","GGCGGGAAAH","1e0","-6.351e-01","0.7929","16.0","3.08","1483.1","3.07","1.00325732899023","0.00141234102325778","0","5","E2F4"
"Ascl1(bHLH)/NeuralTubes-Ascl1-ChIP-Seq(GSE55840)/Homer","NNVVCAGCTGBN","1e0","-6.339e-01","0.7929","99.0","19.04","9231.3","19.09","0.99738082765846","-0.00113898434521124","0","8","ASCL1"
"Pitx1(Homeobox)/Chicken-Pitx1-ChIP-Seq(GSE38910)/Homer","TAATCCCN","1e0","-6.262e-01","0.7929","198.0","38.08","18455.8","38.18","0.99738082765846","-0.00113898434521124","0","155","PITX1"
"CHR(?)/Hela-CellCycle-Expression/Homer","SRGTTTCAAA","1e0","-6.260e-01","0.7929","26.0","5.00","2426.0","5.02","0.99601593625498","-0.00173371280900048","0","150","CHR"
"ZNF264(Zf)/HEK293-ZNF264.GFP-ChIP-Seq(GSE58341)/Homer","RGGGCACTAACY","1e0","-6.242e-01","0.7929","29.0","5.58","2707.6","5.60","0.996428571428572","-0.00155382806862161","0","65","ZNF264"
"c-Myc(bHLH)/mES-cMyc-ChIP-Seq(GSE11431)/Homer","VVCCACGTGG","1e0","-6.216e-01","0.7929","21.0","4.04","1959.3","4.05","0.997530864197531","-0.00107365810406357","0","13","MYC"
"Hnf6b(Homeobox)/LNCaP-Hnf6b-ChIP-Seq(GSE106305)/Homer","TATTGAYY","1e0","-6.142e-01","0.7929","37.0","7.12","3463.6","7.16","0.994413407821229","-0.00243302867099921","0","160","ONECUT2"
"Myf5(bHLH)/GM-Myf5-ChIP-Seq(GSE24852)/Homer","BAACAGCTGT","1e0","-5.947e-01","0.8032","62.0","11.92","5819.1","12.04","0.990033222591362","-0.0043502315175881","0","8","MYF5"
"GSC(Homeobox)/FrogEmbryos-GSC-ChIP-Seq(DRA000576)/Homer","RGGATTAR","1e0","-5.940e-01","0.8032","49.0","9.42","4603.9","9.52","0.989495798319328","-0.00458604559159696","0","38","GSC"
"RFX(HTH)/K562-RFX3-ChIP-Seq(SRA012198)/Homer","CGGTTGCCATGGCAAC","1e0","-5.847e-01","0.8058","6.0","1.15","559.1","1.16","0.991379310344828","-0.00376014887330678","0","34","RFX3"
"Gata2(Zf)/K562-GATA2-ChIP-Seq(GSE18829)/Homer","BBCTTATCTS","1e0","-5.672e-01","0.8173","29.0","5.58","2746.2","5.68","0.982394366197183","-0.00771413677344011","0","31","GATA2"
"CTCF-SatelliteElement(Zf?)/CD4+-CTCF-ChIP-Seq(Barski_et_al.)/Homer","TGCAGTTCCMVNWRTGGCCA","1e0","-5.573e-01","0.8226","1.0","0.19","79.9","0.17","1.11764705882353","0.048304679574555","0","20","CTCF-SatelliteElement"
"GLIS3(Zf)/Thyroid-Glis3.GFP-ChIP-Seq(GSE103297)/Homer","CTCCCTGGGAGGCCN","1e0","-5.521e-01","0.8241","63.0","12.12","5955.8","12.32","0.983766233766234","-0.00710808799813926","0","14","GLIS3"
"SPDEF(ETS)/VCaP-SPDEF-ChIP-Seq(SRA014231)/Homer","ASWTCCTGBT","1e0","-5.498e-01","0.8241","59.0","11.35","5582.4","11.55","0.982683982683983","-0.00758612269902162","0","47","SPDEF"
"Gata6(Zf)/HUG1N-GATA6-ChIP-Seq(GSE51936)/Homer","YCTTATCTBN","1e0","-5.497e-01","0.8241","41.0","7.88","3890.8","8.05","0.97888198757764","-0.00926966287831323","0","31","GATA6"
"Unknown-ESC-element(?)/mES-Nanog-ChIP-Seq(GSE11724)/Homer","CACAGCAGGGGG","1e0","-5.448e-01","0.8241","36.0","6.92","3423.6","7.08","0.977401129943503","-0.00992716323301122","0","12","Novel_ESC_element"
"HINFP(Zf)/K562-HINFP.eGFP-ChIP-Seq(Encode)/Homer","TWVGGTCCGC","1e0","-5.313e-01","0.8304","15.0","2.88","1442.3","2.98","0.966442953020134","-0.0148237763170244","0","104","HINFP"
"E2A(bHLH)/proBcell-E2A-ChIP-Seq(GSE21978)/Homer","DNRCAGCTGY","1e0","-5.311e-01","0.8304","96.0","18.46","9072.0","18.77","0.983484283431007","-0.00723257593145302","0","8","TCF3"
"Mef2c(MADS)/GM12878-Mef2c-ChIP-Seq(GSE32465)/Homer","DCYAAAAATAGM","1e0","-5.240e-01","0.8309","15.0","2.88","1446.3","2.99","0.963210702341137","-0.0162787005651988","0","45","MEF2C"
"MyoD(bHLH)/Myotube-MyoD-ChIP-Seq(GSE21614)/Homer","RRCAGCTGYTSY","1e0","-5.235e-01","0.8309","64.0","12.31","6079.8","12.58","0.978537360890302","-0.00942258817793381","0","8","MYOD1"
"Cux2(Homeobox)/Liver-Cux2-ChIP-Seq(GSE35985)/Homer","HNRAATCAAT","1e0","-5.188e-01","0.8309","19.0","3.65","1832.0","3.79","0.963060686015831","-0.0163463455115977","0","58","CUX2"
"Egr2(Zf)/Thymocytes-Egr2-ChIP-Seq(GSE34254)/Homer","NGCGTGGGCGGR","1e0","-5.179e-01","0.8309","7.0","1.35","679.1","1.40","0.964285714285714","-0.0157942671832319","0","19","EGR2"
"OCT:OCT-short(POU Homeobox)/NPC-OCT6-ChIP-Seq(GSE43916)/Homer","ATGCATWATGCATRW","1e0","-5.171e-01","0.8309","23.0","4.42","2213.9","4.58","0.965065502183406","-0.0154432086547773","0","35","OCT6(POU3F1)"
"Nkx3.1(Homeobox)/LNCaP-Nkx3.1-ChIP-Seq(GSE28264)/Homer","AAGCACTTAA","1e0","-5.067e-01","0.8318","107.0","20.58","10134.0","20.96","0.981870229007633","-0.00794590788527499","0","11","NKX3-1"
"ELF1(ETS)/Jurkat-ELF1-ChIP-Seq(SRA014231)/Homer","AVCCGGAAGT","1e0","-5.048e-01","0.8318","25.0","4.81","2412.3","4.99","0.963927855711423","-0.0159554692495581","0","24","ELF1"
"ZNF317(Zf)/HEK293-ZNF317.GFP-ChIP-Seq(GSE58341)/Homer","GTCWGCTGTYYCTCT","1e0","-5.033e-01","0.8318","6.0","1.15","587.3","1.21","0.950413223140496","-0.0220875299628384","0","129","ZNF317"
"CEBP:AP1(bZIP)/ThioMac-CEBPb-ChIP-Seq(GSE21512)/Homer","DRTGTTGCAA","1e0","-5.014e-01","0.8318","37.0","7.12","3554.4","7.35","0.968707482993197","-0.0138073454473385","0","87","CEBPA_JUN(AP-1)"
"HNF1b(Homeobox)/PDAC-HNF1B-ChIP-Seq(GSE64557)/Homer","GTTAATNATTAA","1e0","-4.968e-01","0.8318","5.0","0.96","491.0","1.02","0.941176470588235","-0.0263289387223491","0","123","HNF1B"
"Ascl2(bHLH)/ESC-Ascl2-ChIP-Seq(GSE97712)/Homer","SSRGCAGCTGCH","1e0","-4.850e-01","0.8366","76.0","14.62","7252.7","15.00","0.974666666666667","-0.0111438864338396","0","8","ASCL2"
"Phox2b(Homeobox)/CLBGA-PHOX2B-ChIP-Seq(GSE90683)/Homer","TTAATTNAATTA","1e0","-4.820e-01","0.8366","6.0","1.15","595.3","1.23","0.934959349593496","-0.0292072710857863","0","60","PHOX2B"
"Elk1(ETS)/Hela-Elk1-ChIP-Seq(GSE31477)/Homer","HACTTCCGGY","1e0","-4.807e-01","0.8366","31.0","5.96","3002.2","6.21","0.959742351046699","-0.0178453404363437","0","24","ELK1"
"Tbx6(T-box)/ESC-Tbx6-ChIP-Seq(GSE93524)/Homer","DAGGTGTBAA","1e0","-4.803e-01","0.8366","61.0","11.73","5844.4","12.09","0.970223325062035","-0.0131282887452426","0","40","TBX6"
"Tcfcp2l1(CP2)/mES-Tcfcp2l1-ChIP-Seq(GSE11431)/Homer","NRAACCRGTTYRAACCRGYT","1e0","-4.766e-01","0.8366","10.0","1.92","989.7","2.05","0.936585365853659","-0.0284526323522047","0","1","TFCP2L1"
"ZNF382(Zf)/HEK293-ZNF382.GFP-ChIP-Seq(GSE58341)/Homer","GNCTGTASTRNTGBCTCHTT","1e0","-4.707e-01","0.8366","1.0","0.19","91.4","0.19","1","0","0","88","ZNF382"
"PBX1(Homeobox)/MCF7-PBX1-ChIP-Seq(GSE28007)/Homer","GSCTGTCACTCA","1e0","-4.601e-01","0.8416","5.0","0.96","504.8","1.04","0.923076923076923","-0.034762106259212","0","119","PBX1"
"Duxbl(Homeobox)/NIH3T3-Duxbl.HA-ChIP-Seq(GSE119782)/Homer","TAAYCYAATCAA","1e0","-4.571e-01","0.8416","3.0","0.58","303.7","0.63","0.920634920634921","-0.0359125558906444","0","27","DUX4"
"Nkx2.2(Homeobox)/NPC-Nkx2.2-ChIP-Seq(GSE61673)/Homer","BTBRAGTGSN","1e0","-4.471e-01","0.8474","112.0","21.54","10688.6","22.11","0.974219810040706","-0.0113430436167511","0","11","NKX2-2"
"MyoG(bHLH)/C2C12-MyoG-ChIP-Seq(GSE36024)/Homer","AACAGCTG","1e0","-4.170e-01","0.8705","84.0","16.15","8096.3","16.75","0.964179104477612","-0.0158422847057424","0","8","MYOG"
"Pax7(Paired Homeobox)/Myoblast-Pax7-ChIP-Seq(GSE25064)/Homer","TAATCAATTA","1e0","-3.987e-01","0.8840","3.0","0.58","321.6","0.67","0.865671641791045","-0.0626468091378892","0","95","PAX7"
"ELF5(ETS)/T47D-ELF5-ChIP-Seq(GSE30407)/Homer","ACVAGGAAGT","1e0","-3.942e-01","0.8852","38.0","7.31","3753.1","7.76","0.94201030927835","-0.025944344300328","0","24","ELF5"
"HIF2a(bHLH)/785_O-HIF2a-ChIP-Seq(GSE34871)/Homer","GCACGTACCC","1e0","-3.941e-01","0.8852","24.0","4.62","2404.5","4.97","0.929577464788732","-0.0317144131772066","0","81","EPAS1"
"ZNF189(Zf)/HEK293-ZNF189.GFP-ChIP-Seq(GSE58341)/Homer","TGGAACAGMA","1e0","-3.914e-01","0.8852","29.0","5.58","2890.6","5.98","0.933110367892977","-0.0300669850508321","0","108","ZNF189"
"Bcl6(Zf)/Liver-Bcl6-ChIP-Seq(GSE31578)/Homer","NNNCTTTCCAGGAAA","1e0","-3.873e-01","0.8852","42.0","8.08","4144.8","8.57","0.942823803967328","-0.025569461148612","0","23","BCL6"
"STAT4(Stat)/CD4-Stat4-ChIP-Seq(GSE22104)/Homer","NYTTCCWGGAAR","1e0","-3.821e-01","0.8852","29.0","5.58","2899.6","6.00","0.93","-0.0315170514460649","0","23","STAT4"
"HRE(HSF)/HepG2-HSF1-ChIP-Seq(GSE31477)/Homer","BSTTCTRGAABVTTCYAGAA","1e0","-3.787e-01","0.8854","4.0","0.77","433.3","0.90","0.855555555555556","-0.067751784266843","0","149","HSF1(HRE)"
"LRF(Zf)/Erythroblasts-ZBTB7A-ChIP-Seq(GSE74977)/Homer","AAGACCCYYN","1e0","-3.785e-01","0.8854","59.0","11.35","5779.9","11.96","0.948996655518395","-0.0227353181232506","0","127","ZBTB7A"
"Atoh1(bHLH)/Cerebellum-Atoh1-ChIP-Seq(GSE22111)/Homer","VNRVCAGCTGGY","1e0","-3.594e-01","0.8973","68.0","13.08","6663.1","13.78","0.949201741654572","-0.0226414735833585","0","8","ATOH1"
"SCL(bHLH)/HPC7-Scl-ChIP-Seq(GSE13511)/Homer","AVCAGCTG","1e0","-3.569e-01","0.8973","304.0","58.46","28760.2","59.49","0.982686165742142","-0.0075851579035475","0","8","TAL1"
"p73(p53)/Trachea-p73-ChIP-Seq(PRJNA310161)/Homer","NRRRCAWGTCCDGRCATGYY","1e0","-3.549e-01","0.8973","2.0","0.38","228.0","0.47","0.808510638297872","-0.0923142613189073","0","1","TP73"
"Twist2(bHLH)/Myoblast-Twist2.Ty1-ChIP-Seq(GSE127998)/Homer","MCAGCTGBYH","1e0","-3.488e-01","0.8987","109.0","20.96","10567.6","21.86","0.958828911253431","-0.0182588793019949","0","8","TWIST2"
"Mef2a(MADS)/HL1-Mef2a.biotin-ChIP-Seq(GSE21529)/Homer","CYAAAAATAG","1e0","-3.460e-01","0.8987","12.0","2.31","1264.0","2.61","0.885057471264368","-0.0530285274461366","0","44","MEF2A"
"Barx1(Homeobox)/Stomach-Barx1.3xFlag-ChIP-Seq(GSE69483)/Homer","AAACMATTAN","1e0","-3.426e-01","0.8990","19.0","3.65","1961.2","4.06","0.899014778325123","-0.0462331691207194","0","25","BARX1"
"Brn2(POU Homeobox)/NPC-Brn2-ChIP-Seq(GSE35496)/Homer","ATGAATATTC","1e0","-3.421e-01","0.8990","2.0","0.38","231.3","0.48","0.791666666666667","-0.101457640758777","0","3","OCT7(POU3F2)"
"ZNF675(Zf)/HEK293-ZNF675.GFP-ChIP-Seq(GSE58341)/Homer","ARGAGGMCAAAATGW","1e0","-3.270e-01","0.9077","5.0","0.96","561.4","1.16","0.827586206896552","-0.0821867561873501","0","38","ZNF675"
"OCT:OCT(POU Homeobox)/NPC-OCT6-ChIP-Seq(GSE43916)/Homer","YATGCATATRCATRT","1e0","-3.238e-01","0.9080","2.0","0.38","237.4","0.49","0.775510204081633","-0.110412483411703","0","171","OCT6(POU3F1)"
"HEB(bHLH)/mES-Heb-ChIP-Seq(GSE53233)/Homer","VCAGCTGBNN","1e0","-3.135e-01","0.9147","119.0","22.88","11579.8","23.95","0.955323590814196","-0.0198494976295954","0","8","TCF12"
"Smad2(MAD)/ES-SMAD2-ChIP-Seq(GSE29422)/Homer","CTGTCTGG","1e0","-3.123e-01","0.9147","104.0","20.00","10162.3","21.02","0.951474785918173","-0.0216027160282422","0","137","SMAD2"
"BHLHA15(bHLH)/NIH3T3-BHLHB8.HA-ChIP-Seq(GSE119782)/Homer","NAMCAGCTGK","1e0","-3.095e-01","0.9147","86.0","16.54","8458.5","17.50","0.945142857142857","-0.0245025434697666","0","8","BHLHA15"
"ERE(NR) IR3/MCF7-ERa-ChIP-Seq(Unpublished)/Homer","VAGGTCACNSTGACC","1e0","-3.032e-01","0.9161","14.0","2.69","1499.0","3.10","0.867741935483871","-0.0616094138318647","0","18","ESR1(NR)"
"NFAT(RHD)/Jurkat-NFATC1-ChIP-Seq(Jolma_et_al.)/Homer","ATTTTCCATT","1e0","-2.808e-01","0.9342","33.0","6.35","3403.3","7.04","0.901988636363636","-0.0447989338501365","0","17","NFATC1"
"GLI3(Zf)/Limb-GLI3-ChIP-Chip(GSE11077)/Homer","CGTGGGTGGTCC","1e0","-2.708e-01","0.9408","4.0","0.77","483.5","1.00","0.77","-0.113509274827518","0","2","GIL3"
"Zfp809(Zf)/ES-Zfp809-ChIP-Seq(GSE70799)/Homer","GGGGCTYGKCTGGGA","1e0","-2.690e-01","0.9408","5.0","0.96","594.0","1.23","0.780487804878049","-0.107633878399829","0","131","Zfp809(mouse)"
"GATA3(Zf) DR4/iTreg-Gata3-ChIP-Seq(GSE20898)/Homer","AGATGKDGAGATAAG","1e0","-2.601e-01","0.9455","2.0","0.38","261.0","0.54","0.703703703703704","-0.152610163206158","0","144","GATA3"
"GFY-Staf(? Zf)/Promoter/Homer","RACTACAATTCCCAGAAKGC","1e0","-2.502e-01","0.9522","1.0","0.19","140.1","0.29","0.655172413793104","-0.183644396946127","0","46","GFY"
"HRE(HSF)/Striatum-HSF1-ChIP-Seq(GSE38000)/Homer","TTCTAGAABNTTCTA","1e0","-2.483e-01","0.9522","5.0","0.96","606.9","1.26","0.761904761904762","-0.118099312077994","0","148","HRE"
"Pit1+1bp(Homeobox)/GCrat-Pit1-ChIP-Seq(GSE58009)/Homer","ATGCATAATTCA","1e0","-2.414e-01","0.9552","10.0","1.92","1143.1","2.36","0.813559322033898","-0.0896107742665569","0","36","PIT1(POU1F1)"
"Tcf21(bHLH)/ArterySmoothMuscle-Tcf21-ChIP-Seq(GSE61369)/Homer","NAACAGCTGG","1e0","-2.407e-01","0.9552","67.0","12.88","6770.3","14.00","0.92","-0.0362121726544447","0","8","TCF21"
"RUNX(Runt)/HPC7-Runx1-ChIP-Seq(GSE22178)/Homer","SAAACCACAG","1e0","-2.352e-01","0.9556","37.0","7.12","3862.8","7.99","0.891113892365457","-0.050066785677135","0","42","RUNX1"
"ETS:RUNX(ETS Runt)/Jurkat-RUNX1-ChIP-Seq(GSE17954)/Homer","RCAGGATGTGGT","1e0","-2.290e-01","0.9589","2.0","0.38","275.6","0.57","0.666666666666667","-0.176091259055681","0","116","RUNX1"
"Mouse_Recombination_Hotspot(Zf)/Testis-DMC1-ChIP-Seq(GSE24438)/Homer","ACTYKNATTCGTGNTACTTC","1e0","-2.169e-01","0.9679","2.0","0.38","281.7","0.58","0.655172413793104","-0.183644396946127","0","173","DMC1"
"DMRT1(DM)/Testis-DMRT1-ChIP-Seq(GSE64892)/Homer","TWGHWACAWTGTWDC","1e0","-2.124e-01","0.9695","8.0","1.54","958.0","1.98","0.777777777777778","-0.109144469425068","0","134","DMRT1"
"EBF2(EBF)/BrownAdipose-EBF2-ChIP-Seq(GSE97114)/Homer","NABTCCCWDGGGAVH","1e0","-2.094e-01","0.9696","29.0","5.58","3111.4","6.44","0.866459627329192","-0.0622516684222334","0","90","EBF2"
"ETS:E-box(ETS bHLH)/HPC7-Scl-ChIP-Seq(GSE22178)/Homer","AGGAARCAGCTG","1e0","-2.077e-01","0.9696","4.0","0.77","522.6","1.08","0.712962962962963","-0.146933030314468","0","98","ETS_E-box"
"HNF6(Homeobox)/Liver-Hnf6-ChIP-Seq(ERP000394)/Homer","NTATYGATCH","1e0","-2.068e-01","0.9696","22.0","4.23","2412.7","4.99","0.847695390781563","-0.0717601782483475","0","158","ONECUT1"
"DUX4(Homeobox)/Myoblasts-DUX4.V5-ChIP-Seq(GSE75791)/Homer","NWTAAYCYAATCAWN","1e0","-1.766e-01","0.9937","1.0","0.19","169.8","0.35","0.542857142857143","-0.265314443397447","0","26","DUX4"
"NFkB-p65(RHD)/GM12787-p65-ChIP-Seq(GSE19485)/Homer","WGGGGATTTCCC","1e0","-1.758e-01","0.9937","17.0","3.27","1946.8","4.03","0.811414392059553","-0.0907572934808234","0","53","NFKB1_RELA"
"Elk4(ETS)/Hela-Elk4-ChIP-Seq(GSE31477)/Homer","NRYTTCCGGY","1e0","-1.675e-01","0.9972","30.0","5.77","3285.3","6.80","0.848529411764706","-0.0713330995505049","0","24","ELK4"
"NF1-halfsite(CTF)/LNCaP-NF1-ChIP-Seq(Unpublished)/Homer","YTGCCAAG","1e0","-1.645e-01","0.9975","63.0","12.12","6557.2","13.56","0.893805309734513","-0.0487570697007772","0","123","NF1"
"Tbet(T-box)/CD8-Tbet-ChIP-Seq(GSE33802)/Homer","AGGTGTGAAM","1e0","-1.632e-01","0.9975","56.0","10.77","5875.1","12.15","0.88641975308642","-0.0523605746363494","0","41","TBX21"
"TCF4(bHLH)/SHSY5Y-TCF4-ChIP-Seq(GSE96915)/Homer","SMCATCTGKH","1e0","-1.628e-01","0.9975","86.0","16.54","8795.7","18.19","0.909290819131391","-0.0412971938469558","0","8","TCF4"
"Olig2(bHLH)/Neuron-Olig2-ChIP-Seq(GSE30882)/Homer","RCCATMTGTT","1e0","-1.582e-01","0.9975","110.0","21.15","11118.4","23.00","0.919565217391304","-0.0364174643065318","0","8","OLIG2"
"CArG(MADS)/PUER-Srf-ChIP-Seq(Sullivan_et_al.)/Homer","CCATATATGGNM","1e0","-1.510e-01","1.0000","9.0","1.73","1133.6","2.34","0.739316239316239","-0.131169754281347","0","98","SRF"
"Tbox:Smad(T-box MAD)/ESCd5-Smad2_3-ChIP-Seq(GSE29422)/Homer","AGGTGHCAGACA","1e0","-1.463e-01","1.0000","8.0","1.54","1029.4","2.13","0.723004694835681","-0.140858882602275","0","172","SMAD2_SMAD3(T-box)"
"ZNF416(Zf)/HEK293-ZNF416.GFP-ChIP-Seq(GSE58341)/Homer","WDNCTGGGCA","1e0","-1.448e-01","1.0000","34.0","6.54","3736.7","7.73","0.846054333764554","-0.0726017455940577","0","41","ZNF416"
"NeuroG2(bHLH)/Fibroblast-NeuroG2-ChIP-Seq(GSE75910)/Homer","ACCATCTGTT","1e0","-1.435e-01","1.0000","87.0","16.73","8953.5","18.52","0.903347732181426","-0.044145041383521","0","8","NEUROG2"
"DMRT6(DM)/Testis-DMRT6-ChIP-Seq(GSE60440)/Homer","YDGHTACAWTGTADC","1e0","-1.426e-01","1.0000","6.0","1.15","809.7","1.67","0.688622754491018","-0.162018630793972","0","133","Dmrtb1(mouse)"
"E2F3(E2F)/MEF-E2F3-ChIP-Seq(GSE71376)/Homer","BTKGGCGGGAAA","1e0","-1.386e-01","1.0000","15.0","2.88","1796.7","3.72","0.774193548387097","-0.111150452122667","0","5","E2F3"
"YY1(Zf)/Promoter/Homer","CAAGATGGCGGC","1e0","-1.379e-01","1.0000","3.0","0.58","459.3","0.95","0.610526315789474","-0.21429561172591","0","35","YY1"
"PRDM10(Zf)/HEK293-PRDM10.eGFP-ChIP-Seq(Encode)/Homer","TGGTACATTCCA","1e0","-1.320e-01","1.0000","21.0","4.04","2437.2","5.04","0.801587301587302","-0.0960491713349203","0","88","PRDM10"
"PRDM9(Zf)/Testis-DMC1-ChIP-Seq(GSE35498)/Homer","ADGGYAGYAGCATCT","1e0","-1.286e-01","1.0000","20.0","3.85","2341.0","4.84","0.795454545454546","-0.0993846321359118","0","167","PRDM9"
"Gli2(Zf)/GM2-Gli2-ChIP-Chip(GSE112702)/Homer","YSTGGGTGGTCT","1e0","-1.267e-01","1.0000","7.0","1.35","943.5","1.95","0.692307692307692","-0.159700842867512","0","2","GIL2"
"Brachyury(T-box)/Mesoendoderm-Brachyury-ChIP-exo(GSE54963)/Homer","ANTTMRCASBNNNGTGYKAAN","1e0","-1.078e-01","1.0000","13.0","2.50","1639.1","3.39","0.737463126843658","-0.132259689531045","0","41","TBXT"
"GATA(Zf) IR4/iTreg-Gata3-ChIP-Seq(GSE20898)/Homer","NAGATWNBNATCTNN","1e0","-9.676e-02","1.0000","2.0","0.38","370.6","0.77","0.493506493506494","-0.306707128555672","0","135","GATA3"
"STAT6(Stat)/CD4-Stat6-ChIP-Seq(GSE22104)/Homer","ABTTCYYRRGAA","1e0","-9.171e-02","1.0000","15.0","2.88","1892.9","3.92","0.73469387755102","-0.133893579261226","0","112","STAT6"
"Mef2b(MADS)/HEK293-Mef2b.V5-ChIP-Seq(GSE67450)/Homer","GCTATTTTTGGM","1e0","-8.929e-02","1.0000","25.0","4.81","2961.0","6.12","0.785947712418301","-0.104606345771729","0","45","MEF2B"
"RBPJ:Ebox(? bHLH)/Panc1-Rbpj1-ChIP-Seq(GSE47459)/Homer","GGGRAARRGRMCAGMTG","1e0","-8.815e-02","1.0000","11.0","2.12","1461.0","3.02","0.701986754966887","-0.153671082028399","0","8","RBPJ"
"Tlx?(NR)/NPC-H3K4me1-ChIP-Seq(GSE16256)/Homer","CTGGCAGSCTGCCA","1e0","-8.727e-02","1.0000","11.0","2.12","1463.4","3.03","0.6996699669967","-0.155106767573554","0","131","NR2E1(NR)"
"NFkB-p50 p52(RHD)/Monocyte-p50-ChIP-Chip(Schreiber_et_al.)/Homer","GGGGGAATCCCC","1e0","-8.725e-02","1.0000","3.0","0.58","517.9","1.07","0.542056074766355","-0.265955784122272","0","54","NFKB1"
"EBF(EBF)/proBcell-EBF-ChIP-Seq(GSE21978)/Homer","DGTCCCYRGGGA","1e0","-8.594e-02","1.0000","5.0","0.96","771.8","1.60","0.6","-0.221848749616356","0","89","EBF1"
"STAT6(Stat)/Macrophage-Stat6-ChIP-Seq(GSE38377)/Homer","TTCCKNAGAA","1e0","-7.066e-02","1.0000","14.0","2.69","1840.1","3.81","0.706036745406824","-0.151172695673211","0","111","STAT6"
"AP-2alpha(AP2)/Hela-AP2alpha-ChIP-Seq(GSE31477)/Homer","ATGCCCTGAGGC","1e0","-7.025e-02","1.0000","22.0","4.23","2708.4","5.60","0.755357142857143","-0.121847659631158","0","114","TFAP2A"
"Nr5a2(NR)/Pancreas-LRH1-ChIP-Seq(GSE34295)/Homer","BTCAAGGTCA","1e0","-6.287e-02","1.0000","22.0","4.23","2736.4","5.66","0.747349823321555","-0.126476063813229","0","71","NR5A2(NR)"
"ZBTB18(Zf)/HEK293-ZBTB18.GFP-ChIP-Seq(GSE58341)/Homer","AACATCTGGA","1e0","-6.272e-02","1.0000","24.0","4.62","2950.4","6.10","0.757377049180328","-0.120687859454642","0","167","ZBTB18"
"ZNF415(Zf)/HEK293-ZNF415.GFP-ChIP-Seq(GSE58341)/Homer","GRTGMTRGAGCC","1e0","-5.303e-02","1.0000","24.0","4.62","2993.0","6.19","0.746365105008078","-0.127048673463992","0","145","ZNF415"
"PSE(SNAPc)/K562-mStart-Seq/Homer","WAVTCACCMTAASYDAAAAG","1e0","-4.763e-02","1.0000","15.0","2.88","2035.7","4.21","0.684085510688836","-0.164889608076437","0","126","PSE"
"GATA(Zf) IR3/iTreg-Gata3-ChIP-Seq(GSE20898)/Homer","NNNNNBAGATAWYATCTVHN","1e0","-4.609e-02","1.0000","3.0","0.58","596.4","1.23","0.471544715447154","-0.326477117876461","0","38","GATA3"
"Foxh1(Forkhead)/hESC-FOXH1-ChIP-Seq(GSE29422)/Homer","NNTGTGGATTSS","1e0","-4.074e-02","1.0000","21.0","4.04","2733.6","5.65","0.715044247787611","-0.145667082708834","0","107","FOXH1"
"Nkx2.1(Homeobox)/LungAC-Nkx2.1-ChIP-Seq(GSE43252)/Homer","RSCACTYRAG","1e0","-3.968e-02","1.0000","135.0","25.96","14193.8","29.36","0.884196185286104","-0.0534513631157013","0","11","NKX2-1"
"SCRT1(Zf)/HEK293-SCRT1.eGFP-ChIP-Seq(Encode)/Homer","GCAACAGGTG","1e0","-3.964e-02","1.0000","14.0","2.69","1961.0","4.06","0.66256157635468","-0.178773753574786","0","110","SCRT1"
"ZEB1(Zf)/PDAC-ZEB1-ChIP-Seq(GSE64557)/Homer","VCAGGTRDRY","1e0","-3.493e-02","1.0000","85.0","16.35","9358.4","19.36","0.84452479338843","-0.0733875959760699","0","8","ZEB1"
"PRDM15(Zf)/ESC-Prdm15-ChIP-Seq(GSE73694)/Homer","YCCDNTCCAGGTTTT","1e0","-3.003e-02","1.0000","36.0","6.92","4419.4","9.14","0.757111597374179","-0.120840101277074","0","125","PRDM15"
"Slug(Zf)/Mesoderm-Snai2-ChIP-Seq(GSE61475)/Homer","SNGCACCTGCHS","1e0","-2.783e-02","1.0000","22.0","4.23","2931.8","6.06","0.698019801980198","-0.156132256791244","0","8","SNAI2"
"ZEB2(Zf)/SNU398-ZEB2-ChIP-Seq(GSE103048)/Homer","GNMCAGGTGTGC","1e0","-1.981e-02","1.0000","45.0","8.65","5482.6","11.34","0.762786596119929","-0.117596947092074","0","8","ZEB2"
"AR-halfsite(NR)/LNCaP-AR-ChIP-Seq(GSE27824)/Homer","CCAGGAACAG","1e0","-1.923e-02","1.0000","158.0","30.38","16717.5","34.58","0.878542510121457","-0.0562372194111362","0","145","AR(NR)"
"ZNF652/HepG2-ZNF652.Flag-ChIP-Seq(Encode)/Homer","TTAACCCTTTVNKKN","1e0","-1.907e-02","1.0000","7.0","1.35","1249.2","2.58","0.523255813953488","-0.281285937468224","0","109","ZNF652"
"ZNF341(Zf)/EBV-ZNF341-ChIP-Seq(GSE113194)/Homer","GGAACAGCCG","1e0","-1.734e-02","1.0000","26.0","5.00","3481.1","7.20","0.694444444444444","-0.15836249209525","0","146","ZNF341"
"EBF1(EBF)/Near-E2A-ChIP-Seq(GSE21512)/Homer","GTCCCCWGGGGA","1e0","-1.622e-02","1.0000","30.0","5.77","3935.8","8.14","0.708845208845209","-0.14944859173347","0","118","EBF1"
"AP-2gamma(AP2)/MCF7-TFAP2C-ChIP-Seq(GSE21234)/Homer","SCCTSAGGSCAW","1e0","-1.213e-02","1.0000","28.0","5.38","3784.7","7.83","0.687100893997446","-0.162979486391554","0","115","TFAP2C"
"HIC1(Zf)/Treg-ZBTB29-ChIP-Seq(GSE99889)/Homer","TGCCAGCB","1e0","-9.727e-03","1.0000","72.0","13.85","8486.2","17.55","0.789173789173789","-0.102827347401376","0","153","HIC1"
"Nr5a2(NR)/mES-Nr5a2-ChIP-Seq(GSE19019)/Homer","BTCAAGGTCA","1e0","-6.704e-03","1.0000","12.0","2.31","2046.7","4.23","0.546099290780142","-0.262728387482898","0","72","NR5A2(NR)"
"ZSCAN22(Zf)/HEK293-ZSCAN22.GFP-ChIP-Seq(GSE58341)/Homer","SMCAGTCWGAKGGAGGAGGC","1e0","-6.171e-03","1.0000","1.0","0.19","471.4","0.98","0.193877551020408","-0.712472474739666","0","114","ZSCAN22"
"GRHL2(CP2)/HBE-GRHL2-ChIP-Seq(GSE46194)/Homer","AAACYKGTTWDACMRGTTTB","1e0","-5.677e-03","1.0000","9.0","1.73","1691.6","3.50","0.494285714285714","-0.30602194122148","0","167","GRHL2"
"SF1(NR)/H295R-Nr5a1-ChIP-Seq(GSE44220)/Homer","CAAGGHCANV","1e0","-4.175e-03","1.0000","9.0","1.73","1737.3","3.59","0.481894150417827","-0.317048345449524","0","162","NR5A1(NR)"
"ZNF322(Zf)/HEK293-ZNF322.GFP-ChIP-Seq(GSE58341)/Homer","GAGCCTGGTACTGWGCCTGR","1e0","-2.306e-03","1.0000","5.0","0.96","1259.6","2.61","0.367816091954023","-0.434369274298713","0","167","ZNF322"
"E2A(bHLH) near_PU.1/Bcell-PU.1-ChIP-Seq(GSE21512)/Homer","NVCACCTGBN","1e0","-2.081e-03","1.0000","66.0","12.69","8303.1","17.17","0.739079790331974","-0.131308673066212","0","8","TCF3"
"ZBTB12(Zf)/HEK293-ZBTB12.GFP-ChIP-Seq(GSE58341)/Homer","NGNTCTAGAACCNGV","1e0","-0.000e+00","1.0000","3.0","0.58","1931.9","4.00","0.145","-0.838631997765025","0","148","ZBTB12"
"GFX(?)/Promoter/Homer","ATTCTCGCGAGA","1e0","0.000e+00","1.0000","0.0","0.00","26.5","0.05","0","0","0","136","GFX"
"Pax7(Paired Homeobox) long/Myoblast-Pax7-ChIP-Seq(GSE25064)/Homer","TAATCHGATTAC","1e0","0.000e+00","1.0000","0.0","0.00","72.8","0.15","0","0","0","60","PAX7"
"Pax7(Paired Homeobox) longest/Myoblast-Pax7-ChIP-Seq(GSE25064)/Homer","NTAATTDGCYAATTANNWWD","1e0","0.000e+00","1.0000","0.0","0.00","87.0","0.18","0","0","0","44","PAX7"
"NF1:FOXA1(CTF Forkhead)/LNCAP-FOXA1-ChIP-Seq(GSE27824)/Homer","WNTGTTTRYTTTGGCA","1e0","0.000e+00","1.0000","0.0","0.00","200.4","0.41","0","0","0","55","FOXA1_NF1"
"GFY(?)/Promoter/Homer","ACTACAATTCCC","1e0","0.000e+00","1.0000","0.0","0.00","201.2","0.42","0","0","0","45","GFY"
"ZNF528(Zf)/HEK293-ZNF528.GFP-ChIP-Seq(GSE58341)/Homer","AGAAATGACTTCCCT","1e0","0.000e+00","1.0000","0.0","0.00","7.9","0.02","0","0","0","62","ZNF528"
"T1ISRE(IRF)/ThioMac-Ifnb-Expression/Homer","ACTTTCGTTTCT","1e0","0.000e+00","1.0000","0.0","0.00","31.9","0.07","0","0","0","49","SRF(SRE)"
"DUX(Homeobox)/C2C12-Dux-ChIP-Seq(GSE87279)/Homer","BCWGATTCAATCAAN","1e0","0.000e+00","1.0000","0.0","0.00","20.8","0.04","0","0","0","152","DUX4"
"ZBTB33(Zf)/GM12878-ZBTB33-ChIP-Seq(GSE32465)/Homer","GGVTCTCGCGAGAAC","1e0","0.000e+00","1.0000","0.0","0.00","86.6","0.18","0","0","0","136","ZBTB33"
"Ronin(THAP)/ES-Thap11-ChIP-Seq(GSE51522)/Homer","RACTACAACTCCCAGVAKGC","1e0","0.000e+00","1.0000","0.0","0.00","81.7","0.17","0","0","0","45","THAP11"
"OCT:OCT(POU Homeobox IR1)/NPC-Brn2-ChIP-Seq(GSE35496)/Homer","ATGAATWATTCATGA","1e0","0.000e+00","1.0000","0.0","0.00","53.2","0.11","0","0","0","37","BRN2(POU3F2)"
"ZFP3(Zf)/HEK293-ZFP3.GFP-ChIP-Seq(GSE58341)/Homer","GGGTTTTGAAGGATGARTAGGAGTT","1e0","0.000e+00","1.0000","0.0","0.00","6.5","0.01","0","0","0","121","ZFP3"
"OCT:OCT(POU Homeobox)/NPC-Brn1-ChIP-Seq(GSE35496)/Homer","ATGAATATTCATGAG","1e0","0.000e+00","1.0000","0.0","0.00","31.1","0.06","0","0","0","3","OCT4(POU5F1)"
"EBNA1(EBV-virus)/Raji-EBNA1-ChIP-Seq(GSE30709)/Homer","GGYAGCAYDTGCTDCCCNNN","1e0","0.000e+00","1.0000","0.0","0.00","31.9","0.07","0","0","0","151","EBNA1(EBV-virus)"
"ZNF16(Zf)/HEK293-ZNF16.GFP-ChIP-Seq(GSE58341)/Homer","MACCTTCYATGGCTCCCTAKTGCCY","1e0","0.000e+00","1.0000","0.0","0.00","62.1","0.13","0","0","0","65","ZNF16"
"NRF1(NRF)/MCF7-NRF1-ChIP-Seq(Unpublished)/Homer","CTGCGCATGCGC","1e0","0.000e+00","1.0000","0.0","0.00","287.9","0.60","0","0","0","7","NRF1"
