"Motif Name","Consensus","P-value","Log P-value","q-value (Benjamini)","# of Target Sequences with Motif(of 1389)","% of Target Sequences with Motif","# of Background Sequences with Motif(of 47925)","% of Background Sequences with Motif","FC","log FC","Significance(-logpvalXFC)","clusterId","finalGene"
"IRF2(IRF)/Erythroblas-IRF2-ChIP-Seq(GSE36985)/Homer","GAAASYGAAASY","1e-69","-1.595e+02","0.0000","129.0","9.29","575.1","1.20","7.74166666666667","0.888834467946017","61.3295782882752","53","IRF2"
"Pax7(Paired Homeobox)/Myoblast-Pax7-ChIP-Seq(GSE25064)/Homer","TAATCAATTA","1e-63","-1.453e+02","0.0000","127.0","9.14","629.9","1.32","6.92424242424242","0.840372264527982","52.9434526652628","95","PAX7"
"c-Myc(bHLH)/LNCAP-cMyc-ChIP-Seq(Unpublished)/Homer","VCCACGTG","1e-37","-8.665e+01","0.0000","165.0","11.88","1776.6","3.71","3.20215633423181","0.505442531030129","18.7013736481148","13","MYC"
"IRF8(IRF)/BMDM-IRF8-ChIP-Seq(GSE77884)/Homer","GRAASTGAAAST","1e-33","-7.782e+01","0.0000","143.0","10.30","1495.4","3.12","3.30128205128205","0.518682630686729","17.1165268126621","51","IRF8"
"Hand2(bHLH)/Mesoderm-Hand2-ChIP-Seq(GSE61475)/Homer","TGACANARRCCAGRC","1e-29","-6.851e+01","0.0000","154.0","11.09","1857.4","3.88","2.85824742268041","0.456099820554953","13.2268947960936","105","HAND2"
"IRF3(IRF)/BMDM-Irf3-ChIP-Seq(GSE67343)/Homer","AGTTTCAKTTTC","1e-28","-6.468e+01","0.0000","145.0","10.44","1744.2","3.64","2.86813186813187","0.457599115017187","12.8127752204812","53","IRF3"
"ZNF416(Zf)/HEK293-ZNF416.GFP-ChIP-Seq(GSE58341)/Homer","WDNCTGGGCA","1e-27","-6.343e+01","0.0000","195.0","14.04","2840.2","5.93","2.36762225969646","0.374312414429524","10.1064351895971","41","ZNF416"
"Phox2a(Homeobox)/Neuron-Phox2a-ChIP-Seq(GSE31456)/Homer","YTAATYNRATTA","1e-23","-5.418e+01","0.0000","188.0","13.53","2909.4","6.07","2.22899505766063","0.348109105522365","8.0065094270144","59","PHOX2A"
"ZBTB18(Zf)/HEK293-ZBTB18.GFP-ChIP-Seq(GSE58341)/Homer","AACATCTGGA","1e-22","-5.275e+01","0.0000","188.0","13.53","2947.1","6.15","2.2","0.342422680822206","7.53329897808854","167","ZBTB18"
"MafA(bZIP)/Islet-MafA-ChIP-Seq(GSE30298)/Homer","TGCTGACTCA","1e-22","-5.184e+01","0.0000","234.0","16.85","4094.5","8.55","1.97076023391813","0.294633790479185","6.48194339054206","69","MAFA"
"PRDM15(Zf)/ESC-Prdm15-ChIP-Seq(GSE73694)/Homer","YCCDNTCCAGGTTTT","1e-18","-4.180e+01","0.0000","222.0","15.98","4132.1","8.63","1.85168018539977","0.267565979262763","4.81618762672973","125","PRDM15"
"STAT4(Stat)/CD4-Stat4-ChIP-Seq(GSE22104)/Homer","NYTTCCWGGAAR","1e-17","-4.116e+01","0.0000","199.0","14.33","3566.8","7.45","1.92348993288591","0.284089917649052","4.82952860003388","23","STAT4"
"Dlx3(Homeobox)/Kerainocytes-Dlx3-ChIP-Seq(GSE89884)/Homer","NDGTAATTAC","1e-17","-4.111e+01","0.0000","233.0","16.77","4445.7","9.28","1.80711206896552","0.256985086387224","4.3687464685828","43","DLX3"
"Bcl6(Zf)/Liver-Bcl6-ChIP-Seq(GSE31578)/Homer","NNNCTTTCCAGGAAA","1e-17","-4.102e+01","0.0000","225.0","16.20","4239.5","8.85","1.83050847457627","0.262571743844805","4.46371964536169","23","BCL6"
"Prop1(Homeobox)/GHFT1-PROP1.biotin-ChIP-Seq(GSE77302)/Homer","NTAATBNAATTA","1e-15","-3.660e+01","0.0000","225.0","16.20","4412.7","9.21","1.75895765472313","0.245255384345782","3.67883076518673","58","PROP1"
"Lhx2(Homeobox)/HFSC-Lhx2-ChIP-Seq(GSE48068)/Homer","TAATTAGN","1e-15","-3.556e+01","0.0000","311.0","22.39","6839.6","14.28","1.56792717086835","0.195325886138875","2.92988829208312","44","LHX2"
"CHR(?)/Hela-CellCycle-Expression/Homer","SRGTTTCAAA","1e-15","-3.508e+01","0.0000","194.0","13.97","3657.1","7.64","1.82853403141361","0.262103047538492","3.93154571307738","150","CHR"
"TCF4(bHLH)/SHSY5Y-TCF4-ChIP-Seq(GSE96915)/Homer","SMCATCTGKH","1e-14","-3.243e+01","0.0000","336.0","24.19","7733.1","16.15","1.49783281733746","0.175463341694758","2.45648678372661","8","TCF4"
"Tcf21(bHLH)/ArterySmoothMuscle-Tcf21-ChIP-Seq(GSE61369)/Homer","NAACAGCTGG","1e-13","-3.176e+01","0.0000","284.0","20.45","6266.9","13.08","1.56345565749235","0.194085568355112","2.52311238861646","8","TCF21"
"BHLHA15(bHLH)/NIH3T3-BHLHB8.HA-ChIP-Seq(GSE119782)/Homer","NAMCAGCTGK","1e-13","-3.163e+01","0.0000","327.0","23.54","7515.7","15.69","1.50031867431485","0.176183514920479","2.29038569396623","8","BHLHA15"
"GSC(Homeobox)/FrogEmbryos-GSC-ChIP-Seq(DRA000576)/Homer","RGGATTAR","1e-13","-3.120e+01","0.0000","279.0","20.09","6153.7","12.85","1.56342412451362","0.194076809080936","2.52299851805216","38","GSC"
"NeuroG2(bHLH)/Fibroblast-NeuroG2-ChIP-Seq(GSE75910)/Homer","ACCATCTGTT","1e-12","-2.783e+01","0.0000","324.0","23.33","7653.8","15.98","1.45994993742178","0.16433796381578","1.97205556578936","8","NEUROG2"
"LXH9(Homeobox)/Hct116-LXH9.V5-ChIP-Seq(GSE116822)/Homer","NGCTAATTAG","1e-12","-2.781e+01","0.0000","366.0","26.35","8911.6","18.61","1.41590542718968","0.151034246417798","1.81241095701358","44","LXH9"
"CRX(Homeobox)/Retina-Crx-ChIP-Seq(GSE20012)/Homer","GCTAATCC","1e-10","-2.495e+01","0.0000","443.0","31.89","11491.2","23.99","1.32930387661526","0.123624271275129","1.23624271275129","37","CRX"
"Twist2(bHLH)/Myoblast-Twist2.Ty1-ChIP-Seq(GSE127998)/Homer","MCAGCTGBYH","1e-10","-2.468e+01","0.0000","377.0","27.14","9463.9","19.76","1.37348178137652","0.137822903072109","1.37822903072109","8","TWIST2"
"Olig2(bHLH)/Neuron-Olig2-ChIP-Seq(GSE30882)/Homer","RCCATMTGTT","1e-10","-2.433e+01","0.0000","398.0","28.65","10136.1","21.16","1.35396975425331","0.131608962940261","1.31608962940261","8","OLIG2"
"Lhx3(Homeobox)/Neuron-Lhx3-ChIP-Seq(GSE31456)/Homer","ADBTAATTAR","1e-10","-2.352e+01","0.0000","433.0","31.17","11290.3","23.57","1.32244378447179","0.121377219752516","1.21377219752516","43","LHX3"
"Lhx1(Homeobox)/EmbryoCarcinoma-Lhx1-ChIP-Seq(GSE70957)/Homer","NNYTAATTAR","1e-10","-2.317e+01","0.0000","319.0","22.97","7809.6","16.30","1.40920245398773","0.148973390791068","1.48973390791068","44","LHX1"
"TRPS1(Zf)/MCF7-TRPS1-ChIP-Seq(GSE107013)/Homer","AGATAAGANN","1e-9","-2.110e+01","0.0000","410.0","29.52","10766.0","22.48","1.31316725978648","0.11832004625398","1.06488041628582","31","TRPS1"
"Ptf1a(bHLH)/Panc1-Ptf1a-ChIP-Seq(GSE47459)/Homer","ACAGCTGTTN","1e-9","-2.109e+01","0.0000","526.0","37.87","14474.9","30.22","1.25314361350099","0.0980008451178197","0.882007606060377","8","PTF1A"
"Nkx6.1(Homeobox)/Islet-Nkx6.1-ChIP-Seq(GSE40975)/Homer","GKTAATGR","1e-8","-2.055e+01","0.0000","580.0","41.76","16293.1","34.02","1.22751322751323","0.0890261807176555","0.712209445741244","9","NKX6-1"
"TATA-Box(TBP)/Promoter/Homer","CCTTTTAWAGSC","1e-7","-1.811e+01","0.0000","289.0","20.81","7273.4","15.19","1.36998025016458","0.136714306348841","0.957000144441884","164","TBP"
"Hoxd13(Homeobox)/ChickenMSG-Hoxd13.Flag-ChIP-Seq(GSE86088)/Homer","NCYAATAAAA","1e-7","-1.730e+01","0.0000","391.0","28.15","10501.2","21.92","1.28421532846715","0.108637849375033","0.760464945625234","32","HOXD13"
"Tgif1(Homeobox)/mES-Tgif1-ChIP-Seq(GSE55404)/Homer","YTGWCADY","1e-6","-1.597e+01","0.0000","576.0","41.47","16640.0","34.74","1.1937248128958","0.0769042212529381","0.461425327517628","94","TGIF1"
"Isl1(Homeobox)/Neuron-Isl1-ChIP-Seq(GSE31456)/Homer","CTAATKGV","1e-6","-1.519e+01","0.0000","377.0","27.14","10259.6","21.42","1.26704014939309","0.102790376827881","0.616742260967288","83","ISL1"
"Tgif2(Homeobox)/mES-Tgif2-ChIP-Seq(GSE55404)/Homer","TGTCANYT","1e-6","-1.395e+01","0.0000","582.0","41.90","17077.4","35.65","1.17531556802244","0.0701544887784109","0.420926932670465","94","TGIF2"
"KLF14(Zf)/HEK293-KLF14.GFP-ChIP-Seq(GSE58341)/Homer","RGKGGGCGKGGC","1e-5","-1.364e+01","0.0000","228.0","16.41","5782.1","12.07","1.35956917978459","0.133401310955744","0.66700655477872","35","KLF14"
"Tbx5(T-box)/HL1-Tbx5.biotin-ChIP-Seq(GSE21529)/Homer","AGGTGTCA","1e-4","-1.059e+01","0.0003","526.0","37.87","15649.9","32.67","1.1591674318947","0.0641461706453888","0.256584682581555","39","TBX5"
"Pitx1(Homeobox)/Chicken-Pitx1-ChIP-Seq(GSE38910)/Homer","TAATCCCN","1e-4","-1.036e+01","0.0003","693.0","49.89","21317.4","44.51","1.12087171422152","0.0495559096566591","0.198223638626636","155","PITX1"
"Nkx2.1(Homeobox)/LungAC-Nkx2.1-ChIP-Seq(GSE43252)/Homer","RSCACTYRAG","1e-4","-1.018e+01","0.0004","438.0","31.53","12799.1","26.72","1.18001497005988","0.0718875169443966","0.287550067777586","11","NKX2-1"
"Rfx2(HTH)/LoVo-RFX2-ChIP-Seq(GSE49402)/Homer","GTTGCCATGGCAACM","1e-3","-8.874e+00","0.0015","28.0","2.02","440.6","0.92","2.19565217391304","0.341563542101068","1.02469062630321","33","RFX2"
"Nanog(Homeobox)/mES-Nanog-ChIP-Seq(GSE11724)/Homer","RGCCATTAAC","1e-3","-7.436e+00","0.0060","700.0","50.40","22040.6","46.02","1.09517601043025","0.0394839221129007","0.118451766338702","32","NANOG"
"RFX(HTH)/K562-RFX3-ChIP-Seq(SRA012198)/Homer","CGGTTGCCATGGCAAC","1e-3","-6.950e+00","0.0095","24.0","1.73","402.3","0.84","2.05952380952381","0.313766817066914","0.941300451200741","34","RFX3"
"X-box(HTH)/NPC-H3K4me1-ChIP-Seq(GSE16256)/Homer","GGTTGCCATGGCAA","1e-3","-6.915e+00","0.0097","25.0","1.80","427.4","0.89","2.02247191011236","0.305882498458393","0.91764749537518","32","RFX2"
"Rfx6(HTH)/Min6b1-Rfx6.HA-ChIP-Seq(GSE62844)/Homer","TGTTKCCTAGCAACM","1e-2","-6.465e+00","0.0148","135.0","9.72","3600.8","7.52","1.29255319148936","0.111448424334632","0.222896848669265","46","RFX6"
"TR4(NR) DR1/Hela-TR4-ChIP-Seq(GSE24685)/Homer","GAGGTCAAAGGTCA","1e-2","-6.215e+00","0.0186","27.0","1.94","500.0","1.04","1.86538461538462","0.270768390631446","0.541536781262891","22","NR2C2(NR)"
"RORgt(NR)/EL4-RORgt.Flag-ChIP-Seq(GSE56019)/Homer","AAYTAGGTCA","1e-2","-5.785e+00","0.0274","28.0","2.02","542.9","1.13","1.78761061946903","0.252272925963204","0.504545851926408","4","RORC(NR)"
"RORgt(NR)/EL4-RORgt.Flag-ChIP-Seq(GSE56019)/Homer","AAYTAGGTCA","1e-2","-5.785e+00","0.0274","28.0","2.02","542.9","1.13","1.78761061946903","0.252272925963204","0.504545851926408","4","RORC(NR)"
"NFY(CCAAT)/Promoter/Homer","RGCCAATSRG","1e-2","-5.739e+00","0.0281","145.0","10.44","3986.6","8.32","1.25480769230769","0.0985771723755194","0.197154344751039","166","NFYA"
"Maz(Zf)/HepG2-Maz-ChIP-Seq(GSE31477)/Homer","GGGGGGGG","1e-2","-5.673e+00","0.0294","157.0","11.30","4368.3","9.12","1.2390350877193","0.0930836051550036","0.186167210310007","102","MAZ"
"Egr1(Zf)/K562-Egr1-ChIP-Seq(GSE32465)/Homer","TGCGTGGGYG","1e-2","-5.623e+00","0.0303","106.0","7.63","2799.0","5.84","1.30650684931507","0.116111690842481","0.232223381684962","19","EGR1"
"WT1(Zf)/Kidney-WT1-ChIP-Seq(GSE90016)/Homer","MCTCCCMCRCAB","1e-2","-5.522e+00","0.0329","92.0","6.62","2384.1","4.98","1.32931726907631","0.123628646679982","0.247257293359965","19","WT1"
"Nur77(NR)/K562-NR4A1-ChIP-Seq(GSE31363)/Homer","TGACCTTTNCNT","1e-2","-5.331e+00","0.0391","44.0","3.17","996.7","2.08","1.52403846153846","0.18299592725499","0.36599185450998","69","NR4A1(NR)"
"Sox4(HMG)/proB-Sox4-ChIP-Seq(GSE50066)/Homer","YCTTTGTTCC","1e-2","-5.316e+00","0.0391","145.0","10.44","4035.9","8.43","1.23843416370107","0.092872924041501","0.185745848083002","74","SOX4"
"Rfx1(HTH)/NPC-H3K4me1-ChIP-Seq(GSE16256)/Homer","KGTTGCCATGGCAA","1e-2","-5.286e+00","0.0394","33.0","2.38","696.4","1.45","1.64137931034483","0.215208954821537","0.430417909643074","34","RFX1"
"Hoxa13(Homeobox)/ChickenMSG-Hoxa13.Flag-ChIP-Seq(GSE86088)/Homer","CYHATAAAAN","1e-2","-5.128e+00","0.0453","529.0","38.08","16675.8","34.82","1.09362435381964","0.0388681729311243","0.0777363458622485","32","HOXA13"
"NPAS2(bHLH)/Liver-NPAS2-ChIP-Seq(GSE39860)/Homer","KCCACGTGAC","1e-2","-5.034e+00","0.0489","149.0","10.73","4195.4","8.76","1.22488584474886","0.0880956157978703","0.176191231595741","101","NPAS2"
"SCL(bHLH)/HPC7-Scl-ChIP-Seq(GSE13511)/Homer","AVCAGCTG","1e-2","-4.985e+00","0.0505","819.0","58.96","26654.3","55.65","1.05947888589398","0.025092306180268","0.0501846123605359","8","TAL1"
"ZNF467(Zf)/HEK293-ZNF467.GFP-ChIP-Seq(GSE58341)/Homer","TGGGGAAGGGCM","1e-2","-4.944e+00","0.0517","86.0","6.19","2256.8","4.71","1.31422505307856","0.118669741891222","0.237339483782444","139","ZNF467"
"Sox10(HMG)/SciaticNerve-Sox3-ChIP-Seq(GSE35132)/Homer","CCWTTGTYYB","1e-2","-4.669e+00","0.0669","258.0","18.57","7751.0","16.18","1.14771322620519","0.0598333864635269","0.119666772927054","74","SOX10"
"TEAD1(TEAD)/HepG2-TEAD1-ChIP-Seq(Encode)/Homer","CYRCATTCCA","1e-2","-4.653e+00","0.0669","115.0","8.28","3177.1","6.63","1.24886877828054","0.096516808380107","0.193033616760214","28","TEAD1"
"Hoxc9(Homeobox)/Ainv15-Hoxc9-ChIP-Seq(GSE21812)/Homer","GGCCATAAATCA","1e-1","-4.575e+00","0.0711","115.0","8.28","3186.7","6.65","1.24511278195489","0.0952086914817755","0.0952086914817755","10","HOXC9"
"RUNX(Runt)/HPC7-Runx1-ChIP-Seq(GSE22178)/Homer","SAAACCACAG","1e-1","-4.548e+00","0.0719","119.0","8.57","3314.5","6.92","1.23843930635838","0.0928747274664404","0.0928747274664404","42","RUNX1"
"COUP-TFII(NR)/Artia-Nr2f2-ChIP-Seq(GSE46497)/Homer","AGRGGTCA","1e-1","-4.401e+00","0.0820","222.0","15.98","6624.2","13.83","1.15545914678236","0.062754594868662","0.062754594868662","60","NR2F2(NR)"
"RUNX2(Runt)/PCa-RUNX2-ChIP-Seq(GSE33889)/Homer","NWAACCACADNN","1e-1","-4.323e+00","0.0873","135.0","9.72","3845.8","8.03","1.21046077210461","0.0829507196475937","0.0829507196475937","43","RUNX2"
"EAR2(NR)/K562-NR2F6-ChIP-Seq(Encode)/Homer","NRBCARRGGTCA","1e-1","-4.167e+00","0.1005","160.0","11.52","4662.7","9.73","1.18396711202467","0.0733396388188413","0.0733396388188413","61","NR2F6(NR)"
"Pknox1(Homeobox)/ES-Prep1-ChIP-Seq(GSE63282)/Homer","SCTGTCAVTCAV","1e-1","-4.148e+00","0.1009","39.0","2.81","928.9","1.94","1.44845360824742","0.160904589974854","0.160904589974854","120","PKNOX1"
"E2F3(E2F)/MEF-E2F3-ChIP-Seq(GSE71376)/Homer","BTKGGCGGGAAA","1e-1","-4.145e+00","0.1009","56.0","4.03","1426.8","2.98","1.35234899328859","0.131088782064854","0.131088782064854","5","E2F3"
"PPARa(NR) DR1/Liver-Ppara-ChIP-Seq(GSE47954)/Homer","VNAGGKCAAAGGTCA","1e-1","-4.029e+00","0.1103","122.0","8.78","3473.6","7.25","1.21103448275862","0.0831565093351088","0.0831565093351088","22","PPARA(NR)"
"TEAD2(TEA)/Py2T-Tead2-ChIP-Seq(GSE55709)/Homer","CCWGGAATGY","1e-1","-4.013e+00","0.1106","61.0","4.39","1587.4","3.31","1.32628398791541","0.122636526466403","0.122636526466403","28","TEAD2"
"Sox3(HMG)/NPC-Sox3-ChIP-Seq(GSE33059)/Homer","CCWTTGTY","1e-1","-3.982e+00","0.1124","277.0","19.94","8500.3","17.75","1.12338028169014","0.050526796584524","0.050526796584524","74","SOX3"
"Pbx3(Homeobox)/GM12878-PBX3-ChIP-Seq(GSE32465)/Homer","SCTGTCAMTCAN","1e-1","-3.831e+00","0.1290","41.0","2.95","1008.8","2.11","1.39810426540284","0.14553956068047","0.14553956068047","119","PBX3"
"Oct11(POU Homeobox)/NCIH1048-POU2F3-ChIP-seq(GSE115123)/Homer","GATTTGCATA","1e-1","-3.760e+00","0.1365","55.0","3.96","1429.4","2.98","1.32885906040268","0.123478921849257","0.123478921849257","93","OCT11(POU2F3)"
"Rfx5(HTH)/GM12878-Rfx5-ChIP-Seq(GSE31477)/Homer","SCCTAGCAACAG","1e-1","-3.759e+00","0.1365","40.0","2.88","984.9","2.06","1.39805825242718","0.145525267390077","0.145525267390077","46","RFX5"
"TEAD4(TEA)/Tropoblast-Tead4-ChIP-Seq(GSE37350)/Homer","CCWGGAATGY","1e-1","-3.548e+00","0.1643","96.0","6.91","2716.7","5.67","1.21869488536155","0.0858949884812918","0.0858949884812918","28","TEAD4"
"PBX2(Homeobox)/K562-PBX2-ChIP-Seq(Encode)/Homer","RTGATTKATRGN","1e-1","-3.490e+00","0.1717","173.0","12.46","5189.6","10.83","1.15050784856879","0.0608895856978305","0.0608895856978305","10","PBX2"
"Atf4(bZIP)/MEF-Atf4-ChIP-Seq(GSE35681)/Homer","MTGATGCAAT","1e-1","-3.400e+00","0.1856","65.0","4.68","1768.8","3.69","1.26829268292683","0.103219486915064","0.103219486915064","140","ATF4"
"Tlx?(NR)/NPC-H3K4me1-ChIP-Seq(GSE16256)/Homer","CTGGCAGSCTGCCA","1e-1","-3.344e+00","0.1938","35.0","2.52","868.6","1.81","1.39226519337017","0.14372196591236","0.14372196591236","131","NR2E1(NR)"
"Sox17(HMG)/Endoderm-Sox17-ChIP-Seq(GSE61475)/Homer","CCATTGTTYB","1e-1","-3.264e+00","0.2071","106.0","7.63","3070.9","6.41","1.19032761310452","0.075666508436063","0.075666508436063","73","SOX17"
"KLF10(Zf)/HEK293-KLF10.GFP-ChIP-Seq(GSE58341)/Homer","GGGGGTGTGTCC","1e-1","-3.219e+00","0.2140","144.0","10.37","4296.8","8.97","1.15607580824972","0.0629863133449488","0.0629863133449488","70","KLF10"
"RORa(NR)/Liver-Rora-ChIP-Seq(GSE101115)/Homer","AAWCTAGGTCARDNN","1e-1","-3.140e+00","0.2287","24.0","1.73","563.1","1.18","1.46610169491525","0.16616409582267","0.16616409582267","4","RORA(NR)"
"RUNX-AML(Runt)/CD4+-PolII-ChIP-Seq(Barski_et_al.)/Homer","GCTGTGGTTW","1e-1","-3.129e+00","0.2287","114.0","8.21","3345.1","6.98","1.17621776504298","0.0704877344962797","0.0704877344962797","41","RUNX1"
"Egr2(Zf)/Thymocytes-Egr2-ChIP-Seq(GSE34254)/Homer","NGCGTGGGCGGR","1e-1","-3.086e+00","0.2355","25.0","1.80","596.0","1.24","1.45161290322581","0.161850819941071","0.161850819941071","19","EGR2"
"TEAD3(TEA)/HepG2-TEAD3-ChIP-Seq(Encode)/Homer","TRCATTCCAG","1e-1","-3.034e+00","0.2452","124.0","8.93","3681.6","7.69","1.16124837451235","0.0649251190871154","0.0649251190871154","28","TEAD3"
"Sox2(HMG)/mES-Sox2-ChIP-Seq(GSE11431)/Homer","BCCATTGTTC","1e-1","-3.029e+00","0.2452","143.0","10.30","4296.3","8.97","1.14827201783724","0.0600447816610801","0.0600447816610801","74","SOX2"
"LEF1(HMG)/H1-LEF1-ChIP-Seq(GSE64758)/Homer","CCTTTGATST","1e-1","-2.959e+00","0.2583","112.0","8.06","3307.5","6.91","1.16642547033285","0.0668569944308922","0.0668569944308922","92","LEF1"
"EKLF(Zf)/Erythrocyte-Klf1-ChIP-Seq(GSE20478)/Homer","NWGGGTGTGGCY","1e-1","-2.920e+00","0.2652","23.0","1.66","548.7","1.15","1.44347826086957","0.159410247686443","0.159410247686443","35","KLF1"
"Sp5(Zf)/mES-Sp5.Flag-ChIP-Seq(GSE72989)/Homer","RGKGGGCGGAGC","1e-1","-2.900e+00","0.2675","121.0","8.71","3606.8","7.53","1.15670650730412","0.0632231788069627","0.0632231788069626","35","SP5"
"c-Jun-CRE(bZIP)/K562-cJun-ChIP-Seq(GSE31477)/Homer","ATGACGTCATCY","1e-1","-2.797e+00","0.2934","59.0","4.25","1648.7","3.44","1.23546511627907","0.0918304874787814","0.0918304874787814","96","JUN"
"Bach2(bZIP)/OCILy7-Bach2-ChIP-Seq(GSE44420)/Homer","TGCTGAGTCA","1e-1","-2.747e+00","0.3048","28.0","2.02","706.6","1.48","1.36486486486486","0.135089654051666","0.135089654051666","17","BACH2"
"ERE(NR) IR3/MCF7-ERa-ChIP-Seq(Unpublished)/Homer","VAGGTCACNSTGACC","1e-1","-2.737e+00","0.3048","33.0","2.38","856.8","1.79","1.32960893854749","0.123723926076619","0.123723926076619","18","ESR1(NR)"
"FOXP1(Forkhead)/H9-FOXP1-ChIP-Seq(GSE31006)/Homer","NYYTGTTTACHN","1e-1","-2.693e+00","0.3148","119.0","8.57","3576.2","7.47","1.14725568942436","0.0596602201077994","0.0596602201077994","30","FOXP1"
"Chop(bZIP)/MEF-Chop-ChIP-Seq(GSE35681)/Homer","ATTGCATCAT","1e-1","-2.690e+00","0.3148","50.0","3.60","1380.5","2.88","1.25","0.0969100130080564","0.0969100130080564","141","DDIT3"
"Zic3(Zf)/mES-Zic3-ChIP-Seq(GSE37889)/Homer","GGCCYCCTGCTGDGH","1e-1","-2.603e+00","0.3372","78.0","5.62","2273.0","4.75","1.18315789473684","0.0730427059441945","0.0730427059441945","12","ZIC3"
"PPARE(NR) DR1/3T3L1-Pparg-ChIP-Seq(GSE13511)/Homer","TGACCTTTGCCCCA","1e-1","-2.553e+00","0.3507","95.0","6.84","2824.2","5.90","1.15932203389831","0.064204090077972","0.064204090077972","22","PPARG(NR)"
"GATA3(Zf) DR4/iTreg-Gata3-ChIP-Seq(GSE20898)/Homer","AGATGKDGAGATAAG","1e-1","-2.550e+00","0.3507","16.0","1.15","370.0","0.77","1.49350649350649","0.17420711518113","0.17420711518113","144","GATA3"
"RORg(NR)/Liver-Rorc-ChIP-Seq(GSE101115)/Homer","WAABTAGGTCAV","1e-1","-2.536e+00","0.3507","18.0","1.30","428.8","0.90","1.44444444444444","0.159700842867512","0.159700842867512","4","RORG(NR)"
"Reverb(NR) DR2/RAW-Reverba.biotin-ChIP-Seq(GSE45914)/Homer","GTRGGTCASTGGGTCA","1e-1","-2.526e+00","0.3507","15.0","1.08","343.9","0.72","1.5","0.176091259055681","0.176091259055681","140","NR1D1(NR)"
"GLIS3(Zf)/Thyroid-Glis3.GFP-ChIP-Seq(GSE103297)/Homer","CTCCCTGGGAGGCCN","1e-1","-2.512e+00","0.3507","140.0","10.08","4293.8","8.96","1.125","0.0511525224473813","0.0511525224473813","14","GLIS3"
"Foxo1(Forkhead)/RAW-Foxo1-ChIP-Seq(Fan_et_al.)/Homer","CTGTTTAC","1e-1","-2.500e+00","0.3513","344.0","24.77","11088.0","23.15","1.06997840172786","0.029375011231865","0.029375011231865","94","FOXO1"
"Oct2(POU Homeobox)/Bcell-Oct2-ChIP-Seq(GSE21512)/Homer","ATATGCAAAT","1e-1","-2.484e+00","0.3534","45.0","3.24","1247.9","2.61","1.24137931034483","0.0939045028683312","0.0939045028683311","94","OCT2(POU2F2)"
"E2F6(E2F)/Hela-E2F6-ChIP-Seq(GSE31477)/Homer","GGCGGGAARN","1e-1","-2.447e+00","0.3632","45.0","3.24","1251.2","2.61","1.24137931034483","0.0939045028683312","0.0939045028683311","5","E2F6"
"JunB(bZIP)/DendriticCells-Junb-ChIP-Seq(GSE36099)/Homer","RATGASTCAT","1e-1","-2.430e+00","0.3657","81.0","5.83","2393.8","5.00","1.166","0.0666985504229952","0.0666985504229952","17","JunB"
"ZNF264(Zf)/HEK293-ZNF264.GFP-ChIP-Seq(GSE58341)/Homer","RGGGCACTAACY","1e-1","-2.395e+00","0.3753","75.0","5.40","2206.1","4.61","1.17136659436009","0.0686928344333204","0.0686928344333204","65","ZNF264"
"Fosl2(bZIP)/3T3L1-Fosl2-ChIP-Seq(GSE56872)/Homer","NATGASTCABNN","1e-1","-2.394e+00","0.3753","46.0","3.31","1288.6","2.69","1.23048327137546","0.0900757137733108","0.0900757137733108","17","FOSL2"
"RXR(NR) DR1/3T3L1-RXR-ChIP-Seq(GSE13511)/Homer","TAGGGCAAAGGTCA","1e-1","-2.364e+00","0.3797","109.0","7.85","3309.5","6.91","1.13603473227207","0.0553916093710541","0.0553916093710541","22","RXRA(NR)"
"Klf4(Zf)/mES-Klf4-ChIP-Seq(GSE11431)/Homer","GCCACACCCA","1e-1","-2.363e+00","0.3797","36.0","2.59","981.8","2.05","1.26341463414634","0.101545903025498","0.101545903025497","34","KLF4"
"COUP-TFII(NR)/K562-NR2F1-ChIP-Seq(Encode)/Homer","GKBCARAGGTCA","1e-1","-2.353e+00","0.3797","165.0","11.88","5148.5","10.75","1.10511627906977","0.0434079763935506","0.0434079763935506","60","NR2F2(NR)"
"Klf9(Zf)/GBM-Klf9-ChIP-Seq(GSE62211)/Homer","GCCACRCCCACY","1e-1","-2.345e+00","0.3797","44.0","3.17","1231.5","2.57","1.23346303501946","0.091126138886457","0.091126138886457","35","KLF9"
"Foxa2(Forkhead)/Liver-Foxa2-ChIP-Seq(GSE25694)/Homer","CYTGTTTACWYW","1e0","-2.282e+00","0.3971","169.0","12.17","5296.5","11.06","1.1003616636528","0.0415354512613855","0","30","FOXA2"
"CTCF(Zf)/CD4+-CTCF-ChIP-Seq(Barski_et_al.)/Homer","AYAGTGCCMYCTRGTGGCCA","1e0","-2.264e+00","0.4008","35.0","2.52","960.8","2.01","1.25373134328358","0.0982044833610552","0","83","CTCF"
"Ronin(THAP)/ES-Thap11-ChIP-Seq(GSE51522)/Homer","RACTACAACTCCCAGVAKGC","1e0","-2.223e+00","0.4137","4.0","0.29","62.6","0.13","2.23076923076923","0.348454645592119","0","45","THAP11"
"PAX5(Paired Homeobox)/GM12878-PAX5-ChIP-Seq(GSE32465)/Homer","GCAGCCAAGCRTGACH","1e0","-2.200e+00","0.4197","49.0","3.53","1405.5","2.93","1.20477815699659","0.0809070850337131","0","6","PAX5"
"LXRE(NR) DR4/RAW-LXRb.biotin-ChIP-Seq(GSE21512)/Homer","RGGTTACTANAGGTCA","1e0","-2.148e+00","0.4382","7.0","0.50","140.1","0.29","1.72413793103448","0.236572006437063","0","83","NR1H2(NR)"
"Atf7(bZIP)/3T3L1-Atf7-ChIP-Seq(GSE56872)/Homer","NGRTGACGTCAY","1e0","-2.131e+00","0.4419","83.0","5.98","2505.1","5.23","1.1434034416826","0.0581994951211366","0","98","ATF7"
"Tbx20(T-box)/Heart-Tbx20-ChIP-Seq(GSE29636)/Homer","GGTGYTGACAGS","1e0","-2.127e+00","0.4419","35.0","2.52","974.0","2.03","1.24137931034483","0.0939045028683312","0","106","TBX20"
"Hoxb4(Homeobox)/ES-Hoxb4-ChIP-Seq(GSE34014)/Homer","TGATTRATGGCY","1e0","-2.117e+00","0.4419","39.0","2.81","1100.8","2.30","1.22173913043478","0.086978483887487","0","10","HOXB4"
"PRDM10(Zf)/HEK293-PRDM10.eGFP-ChIP-Seq(Encode)/Homer","TGGTACATTCCA","1e0","-2.084e+00","0.4514","64.0","4.61","1899.9","3.97","1.16120906801008","0.0649104186265331","0","88","PRDM10"
"GFY-Staf(? Zf)/Promoter/Homer","RACTACAATTCCCAGAAKGC","1e0","-2.082e+00","0.4514","6.0","0.43","116.8","0.24","1.79166666666667","0.253257213867981","0","46","GFY"
"ZNF669(Zf)/HEK293-ZNF669.GFP-ChIP-Seq(GSE58341)/Homer","GARTGGTCATCGCCC","1e0","-2.026e+00","0.4705","10.0","0.72","228.8","0.48","1.5","0.176091259055681","0","74","ZNF669"
"TEAD(TEA)/Fibroblast-PU.1-ChIP-Seq(Unpublished)/Homer","YCWGGAATGY","1e0","-2.018e+00","0.4705","68.0","4.90","2038.4","4.26","1.15023474178404","0.0607864809257948","0","27","TEAD2"
"c-Myc(bHLH)/mES-cMyc-ChIP-Seq(GSE11431)/Homer","VVCCACGTGG","1e0","-2.010e+00","0.4705","51.0","3.67","1493.9","3.12","1.17628205128205","0.0705114702336466","0","13","MYC"
"HIC1(Zf)/Treg-ZBTB29-ChIP-Seq(GSE99889)/Homer","TGCCAGCB","1e0","-1.982e+00","0.4794","205.0","14.76","6569.9","13.72","1.07580174927114","0.0317322461162898","0","153","HIC1"
"CLOCK(bHLH)/Liver-Clock-ChIP-Seq(GSE39860)/Homer","GHCACGTG","1e0","-1.981e+00","0.4794","76.0","5.47","2303.5","4.81","1.13721413721414","0.055842249959599","0","13","CLOCK"
"Usf2(bHLH)/C2C12-Usf2-ChIP-Seq(GSE36030)/Homer","GTCACGTGGT","1e0","-1.963e+00","0.4809","45.0","3.24","1308.9","2.73","1.18681318681319","0.0743823631658561","0","99","USF2"
"VDR(NR) DR3/GM10855-VDR+vitD-ChIP-Seq(GSE22484)/Homer","ARAGGTCANWGAGTTCANNN","1e0","-1.912e+00","0.5018","25.0","1.80","685.2","1.43","1.25874125874126","0.0999364676382443","0","142","VDR(NR)"
"OCT:OCT(POU Homeobox IR1)/NPC-Brn2-ChIP-Seq(GSE35496)/Homer","ATGAATWATTCATGA","1e0","-1.899e+00","0.5043","5.0","0.36","96.9","0.20","1.8","0.255272505103306","0","37","BRN2(POU3F2)"
"FOXK2(Forkhead)/U2OS-FOXK2-ChIP-Seq(E-MTAB-2204)/Homer","SCHTGTTTACAT","1e0","-1.881e+00","0.5099","143.0","10.30","4528.5","9.45","1.08994708994709","0.0374054161959093","0","30","FOXK2"
"NF1(CTF)/LNCAP-NF1-ChIP-Seq(Unpublished)/Homer","CYTGGCABNSTGCCAR","1e0","-1.862e+00","0.5155","27.0","1.94","752.3","1.57","1.23566878980892","0.0919020775209924","0","132","NFIB"
"EBF(EBF)/proBcell-EBF-ChIP-Seq(GSE21978)/Homer","DGTCCCYRGGGA","1e0","-1.794e+00","0.5475","15.0","1.08","389.8","0.81","1.33333333333333","0.1249387366083","0","89","EBF1"
"E2F1(E2F)/Hela-E2F1-ChIP-Seq(GSE22478)/Homer","CWGGCGGGAA","1e0","-1.777e+00","0.5529","17.0","1.22","451.6","0.94","1.29787234042553","0.11323197707505","0","5","E2F1"
"BORIS(Zf)/K562-CTCFL-ChIP-Seq(GSE32465)/Homer","CNNBRGCGCCCCCTGSTGGC","1e0","-1.748e+00","0.5646","34.0","2.45","985.3","2.06","1.18932038834951","0.0752988639953791","0","83","CTCFL"
"Sp1(Zf)/Promoter/Homer","GGCCCCGCCCCC","1e0","-1.742e+00","0.5646","26.0","1.87","733.7","1.53","1.22222222222222","0.0871501757189002","0","35","SP1"
"NeuroD1(bHLH)/Islet-NeuroD1-ChIP-Seq(GSE30298)/Homer","GCCATCTGTT","1e0","-1.725e+00","0.5690","114.0","8.21","3602.4","7.52","1.09175531914894","0.0381253165277986","0","8","NEUROD1"
"ARE(NR)/LNCAP-AR-ChIP-Seq(GSE27824)/Homer","RGRACASNSTGTYCYB","1e0","-1.722e+00","0.5690","28.0","2.02","798.5","1.67","1.20958083832335","0.0826348982990405","0","79","AR(NR)"
"Sox15(HMG)/CPA-Sox15-ChIP-Seq(GSE62909)/Homer","RAACAATGGN","1e0","-1.712e+00","0.5690","161.0","11.59","5171.8","10.80","1.07314814814815","0.0306596804766462","0","74","SOX15"
"Fra2(bZIP)/Striatum-Fra2-ChIP-Seq(GSE43429)/Homer","GGATGACTCATC","1e0","-1.707e+00","0.5690","67.0","4.82","2057.1","4.29","1.12354312354312","0.0505897460541254","0","17","FOSL2"
"ZNF317(Zf)/HEK293-ZNF317.GFP-ChIP-Seq(GSE58341)/Homer","GTCWGCTGTYYCTCT","1e0","-1.700e+00","0.5690","18.0","1.30","488.5","1.02","1.27450980392157","0.105343180544919","0","129","ZNF317"
"Pax8(Paired Homeobox)/Thyroid-Pax8-ChIP-Seq(GSE26938)/Homer","GTCATGCHTGRCTGS","1e0","-1.692e+00","0.5690","33.0","2.38","960.8","2.01","1.18407960199005","0.0733808996360231","0","6","PAX8"
"Oct4(POU Homeobox)/mES-Oct4-ChIP-Seq(GSE11431)/Homer","ATTTGCATAW","1e0","-1.655e+00","0.5842","86.0","6.19","2691.8","5.62","1.10142348754448","0.0419543334510569","0","93","OCT4(POU5F1)"
"Smad4(MAD)/ESC-SMAD4-ChIP-Seq(GSE29422)/Homer","VBSYGTCTGG","1e0","-1.629e+00","0.5952","258.0","18.57","8461.8","17.67","1.0509337860781","0.0215753542330163","0","138","SMAD4"
"FOXA1(Forkhead)/MCF7-FOXA1-ChIP-Seq(GSE26831)/Homer","WAAGTAAACA","1e0","-1.599e+00","0.6090","214.0","15.41","6985.8","14.58","1.05692729766804","0.0240451147364635","0","30","FOXA1"
"Hnf6b(Homeobox)/LNCaP-Hnf6b-ChIP-Seq(GSE106305)/Homer","TATTGAYY","1e0","-1.594e+00","0.6090","139.0","10.01","4467.9","9.33","1.07288317256163","0.0305524337328186","0","160","ONECUT2"
"NF-E2(bZIP)/K562-NFE2-ChIP-Seq(GSE31477)/Homer","GATGACTCAGCA","1e0","-1.562e+00","0.6232","8.0","0.58","195.6","0.41","1.41463414634146","0.150644136843202","0","17","NFE2"
"GFX(?)/Promoter/Homer","ATTCTCGCGAGA","1e0","-1.530e+00","0.6392","2.0","0.14","30.7","0.06","2.33333333333333","0.367976785294594","0","136","GFX"
"CEBP:AP1(bZIP)/ThioMac-CEBPb-ChIP-Seq(GSE21512)/Homer","DRTGTTGCAA","1e0","-1.528e+00","0.6392","129.0","9.29","4150.3","8.66","1.07274826789838","0.0304978219762951","0","87","CEBPA_JUN(AP-1)"
"Oct4:Sox17(POU Homeobox HMG)/F9-Sox17-ChIP-Seq(GSE44553)/Homer","CCATTGTATGCAAAT","1e0","-1.502e+00","0.6482","22.0","1.58","632.9","1.32","1.1969696969697","0.0780831557485728","0","76","OCT4_SOX17"
"HOXA2(Homeobox)/mES-Hoxa2-ChIP-Seq(Donaldson_et_al.)/Homer","GYCATCMATCAT","1e0","-1.494e+00","0.6490","19.0","1.37","538.6","1.12","1.22321428571429","0.0875025444862251","0","10","HOXA2"
"Atf2(bZIP)/3T3L1-Atf2-ChIP-Seq(GSE56872)/Homer","NRRTGACGTCAT","1e0","-1.457e+00","0.6694","57.0","4.10","1774.6","3.71","1.10512129380054","0.0434099471046896","0","96","ATF2"
"Pit1+1bp(Homeobox)/GCrat-Pit1-ChIP-Seq(GSE58009)/Homer","ATGCATAATTCA","1e0","-1.447e+00","0.6712","72.0","5.18","2271.8","4.74","1.09282700421941","0.0385514180711479","0","36","PIT1(POU1F1)"
"CEBP:CEBP(bZIP)/MEF-Chop-ChIP-Seq(GSE35681)/Homer","NTNATGCAAYMNNHTGMAAY","1e0","-1.439e+00","0.6722","21.0","1.51","607.9","1.27","1.18897637795276","0.0751732263372125","0","102","CEBP_CEBP"
"Smad2(MAD)/ES-SMAD2-ChIP-Seq(GSE29422)/Homer","CTGTCTGG","1e0","-1.422e+00","0.6794","257.0","18.50","8502.8","17.75","1.04225352112676","0.0179733710119009","0","137","SMAD2"
"ZNF675(Zf)/HEK293-ZNF675.GFP-ChIP-Seq(GSE58341)/Homer","ARGAGGMCAAAATGW","1e0","-1.411e+00","0.6821","21.0","1.51","610.7","1.27","1.18897637795276","0.0751732263372125","0","38","ZNF675"
"Oct6(POU Homeobox)/NPC-Pou3f1-ChIP-Seq(GSE35496)/Homer","WATGCAAATGAG","1e0","-1.392e+00","0.6908","69.0","4.97","2183.0","4.56","1.08991228070175","0.0373915460688971","0","121","OCT6(POU3F1)"
"Srebp2(bHLH)/HepG2-Srebp2-ChIP-Seq(GSE31477)/Homer","CGGTCACSCCAC","1e0","-1.374e+00","0.6989","16.0","1.15","455.5","0.95","1.21052631578947","0.0829742350647639","0","68","SREBF2"
"LRF(Zf)/Erythroblasts-ZBTB7A-ChIP-Seq(GSE74977)/Homer","AAGACCCYYN","1e0","-1.365e+00","0.7004","131.0","9.43","4263.0","8.90","1.05955056179775","0.0251216860924156","0","127","ZBTB7A"
"Bach1(bZIP)/K562-Bach1-ChIP-Seq(GSE31477)/Homer","AWWNTGCTGAGTCAT","1e0","-1.331e+00","0.7201","8.0","0.58","210.0","0.44","1.31818181818182","0.11997531707675","0","17","BACH1"
"MNT(bHLH)/HepG2-MNT-ChIP-Seq(Encode)/Homer","DGCACACGTG","1e0","-1.311e+00","0.7304","128.0","9.22","4177.2","8.72","1.05733944954128","0.0242144361210621","0","144","MNT"
"BATF(bZIP)/Th17-BATF-ChIP-Seq(GSE39756)/Homer","DATGASTCAT","1e0","-1.280e+00","0.7487","90.0","6.48","2909.1","6.07","1.06754530477759","0.0283863147953357","0","17","BATF"
"Brn1(POU Homeobox)/NPC-Brn1-ChIP-Seq(GSE35496)/Homer","TATGCWAATBAV","1e0","-1.277e+00","0.7487","49.0","3.53","1543.9","3.22","1.09627329192547","0.0399188336919917","0","121","OCT8(POU3F3)"
"Sox6(HMG)/Myotubes-Sox6-ChIP-Seq(GSE32627)/Homer","CCATTGTTNY","1e0","-1.271e+00","0.7487","256.0","18.43","8527.4","17.80","1.03539325842697","0.0151053329101798","0","73","SOX6"
"Fra1(bZIP)/BT549-Fra1-ChIP-Seq(GSE46166)/Homer","NNATGASTCATH","1e0","-1.270e+00","0.7487","74.0","5.33","2376.2","4.96","1.07459677419355","0.0312455325363748","0","17","FOSL1"
"Six4(Homeobox)/MCF7-SIX4-ChIP-Seq(Encode)/Homer","TGWAAYCTGABACCB","1e0","-1.257e+00","0.7487","8.0","0.58","214.6","0.45","1.28888888888889","0.110215479787594","0","64","SIX4"
"THRb(NR)/HepG2-THRb.Flag-ChIP-Seq(Encode)/Homer","GGTCACCTGAGGTCA","1e0","-1.240e+00","0.7552","54.0","3.89","1716.3","3.58","1.08659217877095","0.0360665746818334","0","82","THRB(NR)"
"PBX1(Homeobox)/MCF7-PBX1-ChIP-Seq(GSE28007)/Homer","GSCTGTCACTCA","1e0","-1.237e+00","0.7552","12.0","0.86","341.7","0.71","1.2112676056338","0.0832401025244924","0","119","PBX1"
"Pax7(Paired Homeobox) long/Myoblast-Pax7-ChIP-Seq(GSE25064)/Homer","TAATCHGATTAC","1e0","-1.214e+00","0.7658","8.0","0.58","217.4","0.45","1.28888888888889","0.110215479787594","0","60","PAX7"
"KLF6(Zf)/PDAC-KLF6-ChIP-Seq(GSE64557)/Homer","MKGGGYGTGGCC","1e0","-1.188e+00","0.7813","92.0","6.62","3000.4","6.26","1.05750798722045","0.0242836562292703","0","35","KLF6"
"Zac1(Zf)/Neuro2A-Plagl1-ChIP-Seq(GSE75942)/Homer","HAWGRGGCCM","1e0","-1.186e+00","0.7813","235.0","16.92","7847.2","16.38","1.03296703296703","0.0140864612786051","0","61","PLAGL1"
"ZNF519(Zf)/HEK293-ZNF519.GFP-ChIP-Seq(GSE58341)/Homer","GAGSCCGAGC","1e0","-1.160e+00","0.7940","20.0","1.44","607.1","1.27","1.13385826771654","0.0545587711392928","0","143","ZNF519"
"HOXA1(Homeobox)/mES-Hoxa1-ChIP-Seq(SRP084292)/Homer","TGATKGATGR","1e0","-1.158e+00","0.7940","52.0","3.74","1666.8","3.48","1.07471264367816","0.0312923582538992","0","10","HOXA1"
"THRa(NR)/C17.2-THRa-ChIP-Seq(GSE38347)/Homer","GGTCANYTGAGGWCA","1e0","-1.144e+00","0.7969","35.0","2.52","1103.7","2.30","1.09565217391304","0.0396727047639513","0","82","THRA(NR)"
"Max(bHLH)/K562-Max-ChIP-Seq(GSE31477)/Homer","RCCACGTGGYYN","1e0","-1.129e+00","0.8050","74.0","5.33","2410.4","5.03","1.0596421471173","0.0251592239706448","0","13","MAX"
"Atf1(bZIP)/K562-ATF1-ChIP-Seq(GSE31477)/Homer","GATGACGTCA","1e0","-1.116e+00","0.8101","122.0","8.78","4034.4","8.42","1.04275534441805","0.018182424406453","0","97","ATF1"
"SpiB(ETS)/OCILY3-SPIB-ChIP-Seq(GSE56857)/Homer","AAAGRGGAAGTG","1e0","-1.110e+00","0.8110","29.0","2.09","910.4","1.90","1.1","0.041392685158225","0","56","SPIB"
"CEBP(bZIP)/ThioMac-CEBPb-ChIP-Seq(GSE21512)/Homer","ATTGCGCAAC","1e0","-1.098e+00","0.8157","96.0","6.91","3160.9","6.60","1.0469696969697","0.0199341118323298","0","165","CEBPB"
"ZFX(Zf)/mES-Zfx-ChIP-Seq(GSE11431)/Homer","AGGCCTRG","1e0","-1.095e+00","0.8157","86.0","6.19","2823.4","5.89","1.0509337860781","0.0215753542330163","0","84","ZFX"
"USF1(bHLH)/GM12878-Usf1-ChIP-Seq(GSE32465)/Homer","SGTCACGTGR","1e0","-1.085e+00","0.8169","55.0","3.96","1782.3","3.72","1.06451612903226","0.0271522460436149","0","13","USF1"
"Foxo3(Forkhead)/U2OS-Foxo3-ChIP-Seq(E-MTAB-2701)/Homer","DGTAAACA","1e0","-1.066e+00","0.8283","183.0","13.17","6125.1","12.79","1.02971071149335","0.0127152304831299","0","30","FOXO3"
"NFkB-p65-Rel(RHD)/ThioMac-LPS-Expression(GSE23622)/Homer","GGAAATTCCC","1e0","-1.060e+00","0.8283","6.0","0.43","165.0","0.34","1.26470588235294","0.101989538537331","0","53","NFKB1_RELA"
"FOXA1(Forkhead)/LNCAP-FOXA1-ChIP-Seq(GSE27824)/Homer","WAAGTAAACA","1e0","-1.046e+00","0.8351","251.0","18.07","8454.1","17.65","1.02379603399433","0.0102134428370905","0","30","FOXA1"
"Zfp281(Zf)/ES-Zfp281-ChIP-Seq(GSE81042)/Homer","CCCCTCCCCCAC","1e0","-1.042e+00","0.8351","14.0","1.01","425.2","0.89","1.13483146067416","0.0549313671377297","0","156","ZFP281"
"TFE3(bHLH)/MEF-TFE3-ChIP-Seq(GSE75757)/Homer","GTCACGTGACYV","1e0","-1.024e+00","0.8446","14.0","1.01","427.4","0.89","1.13483146067416","0.0549313671377297","0","13","TFE3"
"ZNF189(Zf)/HEK293-ZNF189.GFP-ChIP-Seq(GSE58341)/Homer","TGGAACAGMA","1e0","-1.015e+00","0.8473","77.0","5.54","2541.3","5.31","1.04331450094162","0.0184152436469607","0","108","ZNF189"
"Znf263(Zf)/K562-Znf263-ChIP-Seq(GSE31477)/Homer","CVGTSCTCCC","1e0","-1.011e+00","0.8473","285.0","20.52","9634.8","20.12","1.01988071570577","0.00854938005588889","0","80","ZNF263"
"Sox9(HMG)/Limb-SOX9-ChIP-Seq(GSE73225)/Homer","AGGVNCCTTTGT","1e0","-1.010e+00","0.8473","100.0","7.20","3322.6","6.94","1.03746397694524","0.0159730259764135","0","102","SOX9"
"JunD(bZIP)/K562-JunD-ChIP-Seq/Homer","ATGACGTCATCN","1e0","-1.002e+00","0.8473","21.0","1.51","661.7","1.38","1.09420289855072","0.039097860891933","0","98","JUND"
"Jun-AP1(bZIP)/K562-cJun-ChIP-Seq(GSE31477)/Homer","GATGASTCATCN","1e0","-1.001e+00","0.8473","27.0","1.94","861.1","1.80","1.07777777777778","0.03252922482692","0","17","JUN"
"Twist(bHLH)/HMLE-TWIST1-ChIP-Seq(Chang_et_al)/Homer","VCAKCTGGNNNCCAGMTGBN","1e0","-9.998e-01","0.8473","19.0","1.37","595.4","1.24","1.10483870967742","0.0432988819941717","0","8","TWIST1"
"FOXM1(Forkhead)/MCF7-FOXM1-ChIP-Seq(GSE72977)/Homer","TRTTTACTTW","1e0","-9.980e-01","0.8473","199.0","14.33","6699.3","13.99","1.02430307362402","0.0104284759055168","0","30","FOXM1"
"TCFL2(HMG)/K562-TCF7L2-ChIP-Seq(GSE29196)/Homer","ACWTCAAAGG","1e0","-9.900e-01","0.8473","13.0","0.94","398.0","0.83","1.13253012048193","0.0540497612236248","0","91","TCFL2"
"CUX1(Homeobox)/K562-CUX1-ChIP-Seq(GSE92882)/Homer","TATCGATNAN","1e0","-9.884e-01","0.8473","121.0","8.71","4043.3","8.44","1.03199052132701","0.0136757083820082","0","75","CUX1"
"Rbpj1(?)/Panc1-Rbpj1-ChIP-Seq(GSE47459)/Homer","HTTTCCCASG","1e0","-9.851e-01","0.8473","137.0","9.86","4589.2","9.58","1.02922755741127","0.0125114058626668","0","113","RBPJ"
"E2F7(E2F)/Hela-E2F7-ChIP-Seq(GSE32673)/Homer","VDTTTCCCGCCA","1e0","-9.844e-01","0.8473","8.0","0.58","235.2","0.49","1.18367346938776","0.0732319135344236","0","5","E2F7"
"GATA(Zf) IR4/iTreg-Gata3-ChIP-Seq(GSE20898)/Homer","NAGATWNBNATCTNN","1e0","-9.809e-01","0.8473","14.0","1.01","432.0","0.90","1.12222222222222","0.0500788643433177","0","135","GATA3"
"GATA3(Zf) DR8/iTreg-Gata3-ChIP-Seq(GSE20898)/Homer","AGATSTNDNNDSAGATAASN","1e0","-9.728e-01","0.8473","12.0","0.86","367.5","0.77","1.11688311688312","0.0480077260710858","0","167","GATA3"
"Gata2(Zf)/K562-GATA2-ChIP-Seq(GSE18829)/Homer","BBCTTATCTS","1e0","-9.476e-01","0.8473","93.0","6.70","3104.2","6.48","1.03395061728395","0.0144997968302331","0","31","GATA2"
"Six2(Homeobox)/NephronProgenitor-Six2-ChIP-Seq(GSE39837)/Homer","GWAAYHTGAKMC","1e0","-9.332e-01","0.8545","132.0","9.50","4438.5","9.27","1.02481121898598","0.0106438711443507","0","63","SIX2"
"STAT5(Stat)/mCD4+-Stat5-ChIP-Seq(GSE12346)/Homer","RTTTCTNAGAAA","1e0","-9.331e-01","0.8545","31.0","2.23","1007.5","2.10","1.06190476190476","0.0260855683142414","0","23","STAT5A"
"p53(p53)/mES-cMyc-ChIP-Seq(GSE11431)/Homer","ACATGCCCGGGCAT","1e0","-8.996e-01","0.8748","1.0","0.07","19.0","0.04","1.75","0.243038048686294","0","1","TP53"
"Foxa3(Forkhead)/Liver-Foxa3-ChIP-Seq(GSE77670)/Homer","BSNTGTTTACWYWGN","1e0","-8.966e-01","0.8748","68.0","4.90","2269.4","4.74","1.0337552742616","0.0144177383544286","0","29","FOXA3"
"Nrf2(bZIP)/Lymphoblast-Nrf2-ChIP-Seq(GSE37589)/Homer","HTGCTGAGTCAT","1e0","-8.856e-01","0.8783","6.0","0.43","178.6","0.37","1.16216216216216","0.0652667315125915","0","17","NFE2L2"
"MITF(bHLH)/MastCells-MITF-ChIP-Seq(GSE48085)/Homer","RTCATGTGAC","1e0","-8.853e-01","0.8783","112.0","8.06","3773.7","7.88","1.02284263959391","0.00980882431553538","0","139","MITF"
"ETS:E-box(ETS bHLH)/HPC7-Scl-ChIP-Seq(GSE22178)/Homer","AGGAARCAGCTG","1e0","-8.798e-01","0.8783","15.0","1.08","478.7","1.00","1.08","0.0334237554869497","0","98","ETS_E-box"
"RUNX1(Runt)/Jurkat-RUNX1-ChIP-Seq(GSE29180)/Homer","AAACCACARM","1e0","-8.760e-01","0.8783","154.0","11.09","5213.7","10.89","1.01836547291093","0.00790366639338512","0","43","RUNX1"
"HLF(bZIP)/HSC-HLF.Flag-ChIP-Seq(GSE69817)/Homer","RTTATGYAAB","1e0","-8.750e-01","0.8783","129.0","9.29","4358.5","9.10","1.02087912087912","0.00897432167254813","0","128","HLF"
"Six1(Homeobox)/Myoblast-Six1-ChIP-Chip(GSE20150)/Homer","GKVTCADRTTWC","1e0","-8.687e-01","0.8783","34.0","2.45","1121.5","2.34","1.04700854700855","0.0199502269543896","0","65","SIX1"
"KLF3(Zf)/MEF-Klf3-ChIP-Seq(GSE44748)/Homer","NRGCCCCRCCCHBNN","1e0","-8.661e-01","0.8783","42.0","3.02","1393.5","2.91","1.03780068728522","0.0161139539712433","0","35","KLF3"
"MafK(bZIP)/C2C12-MafK-ChIP-Seq(GSE36030)/Homer","GCTGASTCAGCA","1e0","-8.589e-01","0.8783","26.0","1.87","852.5","1.78","1.05056179775281","0.021421604227605","0","17","MAFK"
"bHLHE40(bHLH)/HepG2-BHLHE40-ChIP-Seq(GSE31477)/Homer","KCACGTGMCN","1e0","-8.490e-01","0.8783","38.0","2.74","1261.7","2.63","1.04182509505703","0.0177948143306301","0","13","BHLHE40"
"Atf3(bZIP)/GBM-ATF3-ChIP-Seq(GSE33912)/Homer","DATGASTCATHN","1e0","-8.469e-01","0.8783","85.0","6.12","2864.6","5.98","1.02341137123746","0.0100502381571503","0","17","ATF3"
"Pax7(Paired Homeobox) longest/Myoblast-Pax7-ChIP-Seq(GSE25064)/Homer","NTAATTDGCYAATTANNWWD","1e0","-8.375e-01","0.8783","6.0","0.43","182.5","0.38","1.13157894736842","0.0536848589627764","0","44","PAX7"
"ZNF143|STAF(Zf)/CUTLL-ZNF143-ChIP-Seq(GSE29600)/Homer","ATTTCCCAGVAKSCY","1e0","-8.356e-01","0.8783","32.0","2.30","1060.1","2.21","1.04072398190045","0.0173355623324821","0","46","ZNF143"
"PAX5(Paired Homeobox) condensed/GM12878-PAX5-ChIP-Seq(GSE32465)/Homer","GTCACGCTCSCTGM","1e0","-8.278e-01","0.8783","12.0","0.86","384.3","0.80","1.075","0.0314084642516241","0","32","PAX5"
"IRF:BATF(IRF:bZIP)/pDC-Irf8-ChIP-Seq(GSE66899)/Homer","CTTTCANTATGACTV","1e0","-8.242e-01","0.8783","19.0","1.37","621.4","1.30","1.05384615384615","0.02277721484957","0","25","BATF3_IRF8"
"HNF6(Homeobox)/Liver-Hnf6-ChIP-Seq(ERP000394)/Homer","NTATYGATCH","1e0","-8.211e-01","0.8783","91.0","6.55","3078.4","6.43","1.01866251944012","0.008030327067561","0","158","ONECUT1"
"p63(p53)/Keratinocyte-p63-ChIP-Seq(GSE17611)/Homer","NNDRCATGYCYNRRCATGYH","1e0","-8.081e-01","0.8831","35.0","2.52","1168.7","2.44","1.0327868852459","0.0140107144428147","0","1","TP63"
"YY1(Zf)/Promoter/Homer","CAAGATGGCGGC","1e0","-7.875e-01","0.8974","19.0","1.37","627.4","1.31","1.04580152671756","0.0194492715006425","0","35","YY1"
"n-Myc(bHLH)/mES-nMyc-ChIP-Seq(GSE11431)/Homer","VRCCACGTGG","1e0","-7.835e-01","0.8974","72.0","5.18","2440.6","5.10","1.0156862745098","0.00675958364729663","0","13","MYCN"
"PRDM9(Zf)/Testis-DMC1-ChIP-Seq(GSE35498)/Homer","ADGGYAGYAGCATCT","1e0","-7.831e-01","0.8974","60.0","4.32","2029.8","4.24","1.0188679245283","0.00811789022217946","0","167","PRDM9"
"GATA:SCL(Zf bHLH)/Ter119-SCL-ChIP-Seq(GSE18720)/Homer","CRGCTGBNGNSNNSAGATAA","1e0","-7.808e-01","0.8974","16.0","1.15","526.6","1.10","1.04545454545455","0.0193051551953865","0","142","TAL1_GATA1"
"NPAS(bHLH)/Liver-NPAS-ChIP-Seq(GSE39860)/Homer","NVCACGTG","1e0","-7.786e-01","0.8974","241.0","17.35","8247.3","17.22","1.0075493612079","0.00326633200925659","0","13","NPAS2"
"Mef2b(MADS)/HEK293-Mef2b.V5-ChIP-Seq(GSE67450)/Homer","GCTATTTTTGGM","1e0","-7.745e-01","0.8974","128.0","9.22","4365.9","9.12","1.0109649122807","0.0047360827252132","0","45","MEF2B"
"Sp2(Zf)/HEK293-Sp2.eGFP-ChIP-Seq(Encode)/Homer","YGGCCCCGCCCC","1e0","-7.704e-01","0.8974","140.0","10.08","4779.8","9.98","1.01002004008016","0.00432999082213533","0","35","SP2"
"NFIL3(bZIP)/HepG2-NFIL3-ChIP-Seq(Encode)/Homer","VTTACGTAAYNNNNN","1e0","-7.643e-01","0.8974","113.0","8.14","3854.4","8.05","1.0111801242236","0.00482852452133272","0","127","NFIL3"
"NFAT(RHD)/Jurkat-NFATC1-ChIP-Seq(Jolma_et_al.)/Homer","ATTTTCCATT","1e0","-7.560e-01","0.8974","120.0","8.64","4098.6","8.56","1.00934579439252","0.00403997780174011","0","17","NFATC1"
"Hoxa10(Homeobox)/ChickenMSG-Hoxa10.Flag-ChIP-Seq(GSE86088)/Homer","GGYAATGAAA","1e0","-7.283e-01","0.9142","86.0","6.19","2940.5","6.14","1.00814332247557","0.00352227787895039","0","32","HOXA10"
"PAX3:FKHR-fusion(Paired Homeobox)/Rh4-PAX3:FKHR-ChIP-Seq(GSE19063)/Homer","ACCRTGACTAATTNN","1e0","-6.989e-01","0.9374","29.0","2.09","987.5","2.06","1.01456310679612","0.0062790657419006","0","49","PAX3_FKHR_fusion"
"STAT1(Stat)/HelaS3-STAT1-ChIP-Seq(GSE12782)/Homer","NATTTCCNGGAAAT","1e0","-6.968e-01","0.9374","28.0","2.02","953.5","1.99","1.01507537688442","0.0064982930369171","0","23","STAT1"
"CRE(bZIP)/Promoter/Homer","CSGTGACGTCAC","1e0","-6.965e-01","0.9374","43.0","3.10","1470.5","3.07","1.00977198697068","0.0042233183570862","0","66","CREB1"
"ZNF136(Zf)/HEK293-ZNF136.GFP-ChIP-Seq(GSE58341)/Homer","YTKGATAHAGTATTCTWGGTNGGCA","1e0","-6.965e-01","0.9374","8.0","0.58","264.1","0.55","1.05454545454545","0.0230653040686934","0","168","ZNF136"
"KLF5(Zf)/LoVo-KLF5-ChIP-Seq(GSE49402)/Homer","DGGGYGKGGC","1e0","-6.957e-01","0.9374","115.0","8.28","3952.6","8.25","1.00363636363636","0.00157638823495507","0","34","KLF5"
"Pit1(Homeobox)/GCrat-Pit1-ChIP-Seq(GSE58009)/Homer","ATGMATATDC","1e0","-6.866e-01","0.9374","152.0","10.94","5232.8","10.93","1.00091491308326","0.000397160047709174","0","3","PIT1(POU1F1)"
"Foxf1(Forkhead)/Lung-Foxf1-ChIP-Seq(GSE77951)/Homer","WWATRTAAACAN","1e0","-6.779e-01","0.9374","218.0","15.69","7513.9","15.69","1","0","0","30","FOXF1"
"Nkx3.1(Homeobox)/LNCaP-Nkx3.1-ChIP-Seq(GSE28264)/Homer","AAGCACTTAA","1e0","-6.753e-01","0.9374","292.0","21.02","10067.6","21.02","1","0","0","11","NKX3-1"
"E2F4(E2F)/K562-E2F4-ChIP-Seq(GSE31477)/Homer","GGCGGGAAAH","1e0","-6.713e-01","0.9374","41.0","2.95","1408.3","2.94","1.00340136054422","0.00147468556600575","0","5","E2F4"
"Pitx1:Ebox(Homeobox bHLH)/Hindlimb-Pitx1-ChIP-Seq(GSE41591)/Homer","YTAATTRAWWCCAGATGT","1e0","-6.689e-01","0.9374","38.0","2.74","1305.3","2.73","1.003663003663","0.00158791577963192","0","8","PITX1"
"Mef2c(MADS)/GM12878-Mef2c-ChIP-Seq(GSE32465)/Homer","DCYAAAAATAGM","1e0","-6.569e-01","0.9374","74.0","5.33","2553.4","5.33","1","0","0","45","MEF2C"
"Cux2(Homeobox)/Liver-Cux2-ChIP-Seq(GSE35985)/Homer","HNRAATCAAT","1e0","-6.463e-01","0.9423","74.0","5.33","2557.6","5.34","0.99812734082397","-0.000814048001984156","0","58","CUX2"
"Erra(NR)/HepG2-Erra-ChIP-Seq(GSE31477)/Homer","CAAAGGTCAG","1e0","-6.451e-01","0.9423","222.0","15.98","7671.8","16.02","0.997503121098627","-0.00108573677024622","0","170","ESRRA(NR)"
"Mef2a(MADS)/HL1-Mef2a.biotin-ChIP-Seq(GSE21529)/Homer","CYAAAAATAG","1e0","-6.355e-01","0.9446","53.0","3.82","1834.9","3.83","0.997389033942559","-0.00113541105691401","0","44","MEF2A"
"RARa(NR)/K562-RARa-ChIP-Seq(Encode)/Homer","TTGAMCTTTG","1e0","-6.277e-01","0.9481","346.0","24.91","11964.6","24.98","0.997197758206565","-0.00121870650161022","0","160","RARA(NR)"
"Fox:Ebox(Forkhead bHLH)/Panc1-Foxa2-ChIP-Seq(GSE47459)/Homer","NNNVCTGWGYAAACASN","1e0","-6.200e-01","0.9514","159.0","11.45","5509.1","11.50","0.995652173913043","-0.00189235367770492","0","30","FOXA2"
"Mef2d(MADS)/Retina-Mef2d-ChIP-Seq(GSE61391)/Homer","GCTATTTTTAGC","1e0","-6.143e-01","0.9529","30.0","2.16","1042.5","2.18","0.990825688073394","-0.00400274245367396","0","44","MEF2D"
"ZKSCAN1(Zf)/HepG2-ZKSCAN1-ChIP-Seq(Encode)/Homer","GCACAYAGTAGGKCY","1e0","-6.105e-01","0.9529","1.0","0.07","27.9","0.06","1.16666666666667","0.0669467896306132","0","123","ZKSCAN1"
"Unknown-ESC-element(?)/mES-Nanog-ChIP-Seq(GSE11724)/Homer","CACAGCAGGGGG","1e0","-6.023e-01","0.9565","81.0","5.83","2817.2","5.88","0.991496598639456","-0.00370877131712438","0","12","Novel_ESC_element"
"Phox2b(Homeobox)/CLBGA-PHOX2B-ChIP-Seq(GSE90683)/Homer","TTAATTNAATTA","1e0","-6.002e-01","0.9565","44.0","3.17","1533.7","3.20","0.990625","-0.00409071610215449","0","60","PHOX2B"
"FOXA1:AR(Forkhead NR)/LNCAP-AR-ChIP-Seq(GSE27824)/Homer","AGTAAACAAAAAAGAACAND","1e0","-5.994e-01","0.9565","14.0","1.01","488.0","1.02","0.990196078431373","-0.00427879797927497","0","28","FOXA1"
"OCT4-SOX2-TCF-NANOG(POU Homeobox HMG)/mES-Oct4-ChIP-Seq(GSE11431)/Homer","ATTTGCATAACAATG","1e0","-5.989e-01","0.9565","30.0","2.16","1046.9","2.19","0.986301369863014","-0.00599036368918742","0","93","OCT4-SOX2-TCF-NANOG"
"ZNF768(Zf)/Rajj-ZNF768-ChIP-Seq(GSE111879)/Homer","RHHCAGAGAGGB","1e0","-5.782e-01","0.9642","3.0","0.22","101.6","0.21","1.04761904761905","0.020203386088287","0","175","ZNF768"
"OCT:OCT(POU Homeobox)/NPC-OCT6-ChIP-Seq(GSE43916)/Homer","YATGCATATRCATRT","1e0","-5.764e-01","0.9642","13.0","0.94","457.0","0.95","0.989473684210526","-0.00459575168914912","0","171","OCT6(POU3F1)"
"Srebp1a(bHLH)/HepG2-Srebp1a-ChIP-Seq(GSE31477)/Homer","RTCACSCCAY","1e0","-5.761e-01","0.9642","20.0","1.44","702.4","1.47","0.979591836734694","-0.00895484265292645","0","67","SREBF1"
"NFE2L2(bZIP)/HepG2-NFE2L2-ChIP-Seq(Encode)/Homer","AWWWTGCTGAGTCAT","1e0","-5.659e-01","0.9645","5.0","0.36","174.6","0.36","1","0","0","17","NFE2L2"
"AP-1(bZIP)/ThioMac-PU.1-ChIP-Seq(GSE21512)/Homer","VTGACTCATC","1e0","-5.580e-01","0.9683","95.0","6.84","3323.3","6.94","0.985590778097983","-0.00630336873473865","0","17","FOS"
"FoxL2(Forkhead)/Ovary-FoxL2-ChIP-Seq(GSE60858)/Homer","WWTRTAAACAVG","1e0","-5.530e-01","0.9693","195.0","14.04","6796.4","14.19","0.989429175475687","-0.00461528766368754","0","30","FOXL2"
"ZNF7(Zf)/HepG2-ZNF7.Flag-ChIP-Seq(Encode)/Homer","CTGCCWVCTTTTRTA","1e0","-5.509e-01","0.9693","71.0","5.11","2491.6","5.20","0.982692307692308","-0.0075824435000864","0","16","ZNF7"
"Foxh1(Forkhead)/hESC-FOXH1-ChIP-Seq(GSE29422)/Homer","NNTGTGGATTSS","1e0","-5.404e-01","0.9739","87.0","6.26","3054.0","6.38","0.981191222570533","-0.00824634551073264","0","107","FOXH1"
"E2F(E2F)/Hela-CellCycle-Expression/Homer","TTSGCGCGAAAA","1e0","-5.378e-01","0.9739","4.0","0.29","141.1","0.29","1","0","0","157","E2F"
"Hnf1(Homeobox)/Liver-Foxa2-Chip-Seq(GSE25694)/Homer","GGTTAAWCATTAA","1e0","-5.377e-01","0.9739","33.0","2.38","1168.7","2.44","0.975409836065574","-0.0108128692822175","0","124","HNF1A"
"OCT:OCT-short(POU Homeobox)/NPC-OCT6-ChIP-Seq(GSE43916)/Homer","ATGCATWATGCATRW","1e0","-5.315e-01","0.9739","105.0","7.56","3684.1","7.69","0.983094928478544","-0.00740454430022443","0","35","OCT6(POU3F1)"
"HNF4a(NR) DR1/HepG2-HNF4a-ChIP-Seq(GSE25021)/Homer","CARRGKBCAAAGTYCA","1e0","-5.248e-01","0.9740","45.0","3.24","1593.0","3.33","0.972972972972973","-0.0118992232997077","0","22","HNF4A(NR)"
"GFY(?)/Promoter/Homer","ACTACAATTCCC","1e0","-5.192e-01","0.9757","4.0","0.29","143.1","0.30","0.966666666666667","-0.0147232568207063","0","45","GFY"
"Brn2(POU Homeobox)/NPC-Brn2-ChIP-Seq(GSE35496)/Homer","ATGAATATTC","1e0","-5.176e-01","0.9757","13.0","0.94","467.2","0.98","0.959183673469388","-0.0180982220927962","0","3","OCT7(POU3F2)"
"Tbox:Smad(T-box MAD)/ESCd5-Smad2_3-ChIP-Seq(GSE29422)/Homer","AGGTGHCAGACA","1e0","-5.156e-01","0.9757","20.0","1.44","716.6","1.50","0.96","-0.0177287669604316","0","172","SMAD2_SMAD3(T-box)"
"HINFP(Zf)/K562-HINFP.eGFP-ChIP-Seq(Encode)/Homer","TWVGGTCCGC","1e0","-5.153e-01","0.9757","34.0","2.45","1210.2","2.53","0.968379446640316","-0.0139544368112855","0","104","HINFP"
"FOXK1(Forkhead)/HEK293-FOXK1-ChIP-Seq(GSE51673)/Homer","NVWTGTTTAC","1e0","-5.043e-01","0.9757","230.0","16.56","8044.3","16.79","0.986301369863014","-0.00599036368918746","0","30","FOXK1"
"OCT:OCT(POU Homeobox)/NPC-Brn1-ChIP-Seq(GSE35496)/Homer","ATGAATATTCATGAG","1e0","-5.029e-01","0.9757","1.0","0.07","32.8","0.07","1","0","0","3","OCT4(POU5F1)"
"DMRT6(DM)/Testis-DMRT6-ChIP-Seq(GSE60440)/Homer","YDGHTACAWTGTADC","1e0","-4.929e-01","0.9792","25.0","1.80","899.5","1.88","0.957446808510638","-0.0188853441603738","0","133","Dmrtb1(mouse)"
"GLI3(Zf)/Limb-GLI3-ChIP-Chip(GSE11077)/Homer","CGTGGGTGGTCC","1e0","-4.807e-01","0.9875","8.0","0.58","294.3","0.61","0.950819672131147","-0.0219018414478298","0","2","GIL3"
"BMAL1(bHLH)/Liver-Bmal1-ChIP-Seq(GSE39860)/Homer","GNCACGTG","1e0","-4.643e-01","1.0000","242.0","17.42","8492.1","17.73","0.982515510434292","-0.00766058492927339","0","13","ARNTL"
"ERRg(NR)/Kidney-ESRRG-ChIP-Seq(GSE104905)/Homer","GTGACCTTGRVN","1e0","-4.417e-01","1.0000","87.0","6.26","3103.4","6.48","0.966049382716049","-0.0150006726601637","0","155","ERRG(NR)"
"ZNF341(Zf)/EBV-ZNF341-ChIP-Seq(GSE113194)/Homer","GGAACAGCCG","1e0","-4.377e-01","1.0000","71.0","5.11","2543.1","5.31","0.962335216572505","-0.0166736209467563","0","146","ZNF341"
"SCRT1(Zf)/HEK293-SCRT1.eGFP-ChIP-Seq(Encode)/Homer","GCAACAGGTG","1e0","-4.370e-01","1.0000","47.0","3.38","1697.2","3.54","0.954802259887006","-0.0200865617481331","0","110","SCRT1"
"GRHL2(CP2)/HBE-GRHL2-ChIP-Seq(GSE46194)/Homer","AAACYKGTTWDACMRGTTTB","1e0","-4.361e-01","1.0000","46.0","3.31","1663.0","3.47","0.953890489913545","-0.0205014810151549","0","167","GRHL2"
"RAR:RXR(NR) DR5/ES-RAR-ChIP-Seq(GSE56893)/Homer","AGGTCAAGGTCA","1e0","-4.288e-01","1.0000","8.0","0.58","303.7","0.63","0.920634920634921","-0.0359125558906444","0","160","RAR_RXR(NR)"
"Zic(Zf)/Cerebellum-ZIC1.2-ChIP-Seq(GSE60731)/Homer","CCTGCTGAGH","1e0","-4.178e-01","1.0000","114.0","8.21","4064.8","8.49","0.967020023557126","-0.0145645331245119","0","12","ZIC1"
"Gata1(Zf)/K562-GATA1-ChIP-Seq(GSE18829)/Homer","SAGATAAGRV","1e0","-4.134e-01","1.0000","69.0","4.97","2485.2","5.19","0.957610789980732","-0.0188109691151258","0","31","GATA1"
"Pdx1(Homeobox)/Islet-Pdx1-ChIP-Seq(SRA008281)/Homer","YCATYAATCA","1e0","-3.968e-01","1.0000","168.0","12.10","5969.8","12.46","0.971107544141252","-0.0127326720067008","0","10","PDX1"
"PRDM1(Zf)/Hela-PRDM1-ChIP-Seq(GSE31477)/Homer","ACTTTCACTTTC","1e0","-3.955e-01","1.0000","65.0","4.68","2354.0","4.91","0.953156822810591","-0.0208356390488445","0","122","PRDM1"
"Meis1(Homeobox)/MastCells-Meis1-ChIP-Seq(GSE48085)/Homer","VGCTGWCAVB","1e0","-3.886e-01","1.0000","236.0","16.99","8349.3","17.43","0.974756167527252","-0.0111040082409476","0","174","MEIS1"
"PU.1:IRF8(ETS:IRF)/pDC-Irf8-ChIP-Seq(GSE66899)/Homer","GGAAGTGAAAST","1e0","-3.751e-01","1.0000","21.0","1.51","791.4","1.65","0.915151515151515","-0.0385069969207368","0","52","IRF8"
"ZNF692(Zf)/HEK293-ZNF692.GFP-ChIP-Seq(GSE58341)/Homer","GTGGGCCCCA","1e0","-3.742e-01","1.0000","5.0","0.36","200.9","0.42","0.857142857142857","-0.0669467896306132","0","84","ZNF692"
"Esrrb(NR)/mES-Esrrb-ChIP-Seq(GSE11431)/Homer","KTGACCTTGA","1e0","-3.585e-01","1.0000","71.0","5.11","2586.9","5.40","0.946296296296296","-0.0239728596882558","0","154","ESRRB(NR)"
"ZNF165(Zf)/WHIM12-ZNF165-ChIP-Seq(GSE65937)/Homer","AAGGKGRCGCAGGCA","1e0","-3.581e-01","1.0000","8.0","0.58","317.2","0.66","0.878787878787879","-0.0561159419789314","0","98","ZNF165"
"HIF2a(bHLH)/785_O-HIF2a-ChIP-Seq(GSE34871)/Homer","GCACGTACCC","1e0","-3.509e-01","1.0000","72.0","5.18","2626.1","5.48","0.945255474452555","-0.0244507987391362","0","81","EPAS1"
"p53(p53)/Saos-p53-ChIP-Seq/Homer","RRCATGYCYRGRCATGYYYN","1e0","-3.444e-01","1.0000","7.0","0.50","282.8","0.59","0.847457627118644","-0.0718820073061253","0","1","TP53"
"p53(p53)/Saos-p53-ChIP-Seq(GSE15780)/Homer","RRCATGYCYRGRCATGYYYN","1e0","-3.444e-01","1.0000","7.0","0.50","282.8","0.59","0.847457627118644","-0.0718820073061253","0","1","TP53"
"Tbx21(T-box)/GM12878-TBX21-ChIP-Seq(Encode)/Homer","AGGTGTGAAA","1e0","-3.434e-01","1.0000","158.0","11.38","5663.3","11.82","0.962774957698816","-0.0164752144861842","0","41","TBX21"
"Tcf7(HMG)/GM12878-TCF7-ChIP-Seq(Encode)/Homer","CTTTGATGTGSB","1e0","-3.415e-01","1.0000","50.0","3.60","1848.4","3.86","0.932642487046632","-0.0302848039044676","0","93","TCF7"
"Smad3(MAD)/NPC-Smad3-ChIP-Seq(GSE36673)/Homer","TWGTCTGV","1e0","-3.396e-01","1.0000","387.0","27.86","13654.7","28.51","0.97720098211154","-0.0100161052215154","0","135","SMAD3"
"HRE(HSF)/HepG2-HSF1-ChIP-Seq(GSE31477)/Homer","BSTTCTRGAABVTTCYAGAA","1e0","-3.394e-01","1.0000","11.0","0.79","434.7","0.91","0.868131868131868","-0.0614143010306522","0","149","HSF1(HRE)"
"NF1-halfsite(CTF)/LNCaP-NF1-ChIP-Seq(Unpublished)/Homer","YTGCCAAG","1e0","-3.345e-01","1.0000","152.0","10.94","5460.1","11.40","0.959649122807017","-0.0178875293390607","0","123","NF1"
"bZIP:IRF(bZIP IRF)/Th17-BatF-ChIP-Seq(GSE39756)/Homer","NAGTTTCABTHTGACTNW","1e0","-3.279e-01","1.0000","65.0","4.68","2391.8","4.99","0.937875751503006","-0.0278546925492659","0","24","IRF4"
"GRE(NR) IR3/A549-GR-ChIP-Seq(GSE32465)/Homer","NRGVACABNVTGTYCY","1e0","-3.258e-01","1.0000","10.0","0.72","400.5","0.84","0.857142857142857","-0.0669467896306132","0","80","NR3C1_GRE(NR)"
"GRE(NR) IR3/RAW264.7-GRE-ChIP-Seq(Unpublished)/Homer","VAGRACAKWCTGTYC","1e0","-3.234e-01","1.0000","25.0","1.80","955.0","1.99","0.904522613065327","-0.0435805713064006","0","78","GRE(NR)"
"HNF1b(Homeobox)/PDAC-HNF1B-ChIP-Seq(GSE64557)/Homer","GTTAATNATTAA","1e0","-3.176e-01","1.0000","32.0","2.30","1212.3","2.53","0.909090909090909","-0.0413926851582251","0","123","HNF1B"
"ZEB2(Zf)/SNU398-ZEB2-ChIP-Seq(GSE103048)/Homer","GNMCAGGTGTGC","1e0","-2.904e-01","1.0000","116.0","8.35","4229.2","8.83","0.94563986409966","-0.0242742280939665","0","8","ZEB2"
"EWS:ERG-fusion(ETS)/CADO_ES1-EWS:ERG-ChIP-Seq(SRA014231)/Homer","ATTTCCTGTN","1e0","-2.853e-01","1.0000","102.0","7.34","3737.0","7.80","0.941025641025641","-0.0263985427744099","0","24","EWSR1_ERG_fusion"
"CArG(MADS)/PUER-Srf-ChIP-Seq(Sullivan_et_al.)/Homer","CCATATATGGNM","1e0","-2.843e-01","1.0000","29.0","2.09","1118.8","2.34","0.893162393162393","-0.0490695712990888","0","98","SRF"
"Atoh1(bHLH)/Cerebellum-Atoh1-ChIP-Seq(GSE22111)/Homer","VNRVCAGCTGGY","1e0","-2.831e-01","1.0000","150.0","10.80","5437.2","11.35","0.951541850220264","-0.0215721060421918","0","8","ATOH1"
"Etv2(ETS)/ES-ER71-ChIP-Seq(GSE59402)/Homer","NNAYTTCCTGHN","1e0","-2.767e-01","1.0000","123.0","8.86","4489.3","9.37","0.945570971184632","-0.0243058690007275","0","24","ETV2"
"Tcf3(HMG)/mES-Tcf3-ChIP-Seq(GSE11724)/Homer","ASWTCAAAGG","1e0","-2.752e-01","1.0000","30.0","2.16","1159.5","2.42","0.892561983471075","-0.0493616148295003","0","92","TCF7L1"
"ELF3(ETS)/PDAC-ELF3-ChIP-Seq(GSE64557)/Homer","ANCAGGAAGT","1e0","-2.733e-01","1.0000","100.0","7.20","3676.3","7.68","0.9375","-0.0280287236002435","0","24","ELF3"
"ZBTB33(Zf)/GM12878-ZBTB33-ChIP-Seq(GSE32465)/Homer","GGVTCTCGCGAGAAC","1e0","-2.725e-01","1.0000","2.0","0.14","95.6","0.20","0.7","-0.154901959985743","0","136","ZBTB33"
"Stat3(Stat)/mES-Stat3-ChIP-Seq(GSE11431)/Homer","CTTCCGGGAA","1e0","-2.697e-01","1.0000","41.0","2.95","1563.4","3.26","0.904907975460123","-0.043395584089776","0","23","STAT3"
"MafB(bZIP)/BMM-Mafb-ChIP-Seq(GSE75722)/Homer","WNTGCTGASTCAGCANWTTY","1e0","-2.649e-01","1.0000","50.0","3.60","1892.9","3.95","0.911392405063291","-0.040294594859173","0","17","MAFB"
"ZSCAN22(Zf)/HEK293-ZSCAN22.GFP-ChIP-Seq(GSE58341)/Homer","SMCAGTCWGAKGGAGGAGGC","1e0","-2.616e-01","1.0000","6.0","0.43","262.2","0.55","0.781818181818182","-0.106894233914657","0","114","ZSCAN22"
"MYB(HTH)/ERMYB-Myb-ChIPSeq(GSE22095)/Homer","GGCVGTTR","1e0","-2.614e-01","1.0000","266.0","19.15","9536.8","19.91","0.961828227021597","-0.016902481722768","0","21","MYB"
"Cdx2(Homeobox)/mES-Cdx2-ChIP-Seq(GSE14586)/Homer","GYMATAAAAH","1e0","-2.590e-01","1.0000","143.0","10.30","5214.2","10.89","0.945821854912764","-0.0241906550506027","0","103","CDX2"
"Gfi1b(Zf)/HPC7-Gfi1b-ChIP-Seq(GSE22178)/Homer","MAATCACTGC","1e0","-2.561e-01","1.0000","88.0","6.34","3263.0","6.81","0.930983847283407","-0.0310578540310525","0","54","GFI1B"
"PU.1(ETS)/ThioMac-PU.1-ChIP-Seq(GSE21512)/Homer","AGAGGAAGTG","1e0","-2.550e-01","1.0000","53.0","3.82","2007.4","4.19","0.911694510739857","-0.0401506600545867","0","15","SPI1"
"MafF(bZIP)/HepG2-MafF-ChIP-Seq(GSE31477)/Homer","HWWGTCAGCAWWTTT","1e0","-2.511e-01","1.0000","41.0","2.95","1574.2","3.29","0.896656534954407","-0.0473738819718113","0","86","MAFF"
"RARg(NR)/ES-RARg-ChIP-Seq(GSE30538)/Homer","AGGTCAAGGTCA","1e0","-2.500e-01","1.0000","1.0","0.07","52.0","0.11","0.636363636363636","-0.196294645143968","0","117","RARG(NR)"
"E-box(bHLH)/Promoter/Homer","SSGGTCACGTGA","1e0","-2.469e-01","1.0000","8.0","0.58","345.8","0.72","0.805555555555556","-0.0939045028683312","0","13","EBOX_promoter"
"Duxbl(Homeobox)/NIH3T3-Duxbl.HA-ChIP-Seq(GSE119782)/Homer","TAAYCYAATCAA","1e0","-2.343e-01","1.0000","11.0","0.79","467.0","0.97","0.814432989690722","-0.0891446429758034","0","27","DUX4"
"FoxD3(forkhead)/ZebrafishEmbryo-Foxd3.biotin-ChIP-seq(GSE106676)/Homer","TGTTTAYTTAGC","1e0","-2.328e-01","1.0000","188.0","13.53","6833.3","14.27","0.948142957252978","-0.023126176517024","0","30","FOXD3"
"Stat3+il21(Stat)/CD4-Stat3-ChIP-Seq(GSE19198)/Homer","SVYTTCCNGGAARB","1e0","-2.266e-01","1.0000","56.0","4.03","2136.8","4.46","0.903587443946188","-0.0440298125710324","0","23","STAT3"
"ZNF41(Zf)/HEK293-ZNF41.GFP-ChIP-Seq(GSE58341)/Homer","CCTCATGGTGYCYTWYTCCCTTGTG","1e0","-2.266e-01","1.0000","1.0","0.07","55.3","0.12","0.583333333333333","-0.234083206033368","0","47","ZNF41"
"CTCF-SatelliteElement(Zf?)/CD4+-CTCF-ChIP-Seq(Barski_et_al.)/Homer","TGCAGTTCCMVNWRTGGCCA","1e0","-2.266e-01","1.0000","1.0","0.07","55.9","0.12","0.583333333333333","-0.234083206033368","0","20","CTCF-SatelliteElement"
"Gata6(Zf)/HUG1N-GATA6-ChIP-Seq(GSE51936)/Homer","YCTTATCTBN","1e0","-2.219e-01","1.0000","134.0","9.65","4935.0","10.30","0.936893203883495","-0.0283099113613797","0","31","GATA6"
"E2A(bHLH) near_PU.1/Bcell-PU.1-ChIP-Seq(GSE21512)/Homer","NVCACCTGBN","1e0","-2.127e-01","1.0000","171.0","12.31","6258.7","13.07","0.941851568477429","-0.026017534649228","0","8","TCF3"
"ELF5(ETS)/T47D-ELF5-ChIP-Seq(GSE30407)/Homer","ACVAGGAAGT","1e0","-2.056e-01","1.0000","92.0","6.62","3453.1","7.21","0.918169209431345","-0.0370772752797291","0","24","ELF5"
"ZNF652/HepG2-ZNF652.Flag-ChIP-Seq(Encode)/Homer","TTAACCCTTTVNKKN","1e0","-2.045e-01","1.0000","47.0","3.38","1825.9","3.81","0.887139107611548","-0.0520082753979646","0","109","ZNF652"
"ZNF711(Zf)/SHSY5Y-ZNF711-ChIP-Seq(GSE20673)/Homer","AGGCCTAG","1e0","-1.984e-01","1.0000","118.0","8.50","4392.9","9.17","0.926935659760087","-0.0329504099557283","0","85","ZNF711"
"CDX4(Homeobox)/ZebrafishEmbryos-Cdx4.Myc-ChIP-Seq(GSE48254)/Homer","NGYCATAAAWCH","1e0","-1.954e-01","1.0000","180.0","12.96","6600.7","13.78","0.940493468795356","-0.0266442160370324","0","32","CDX4"
"NFAT:AP1(RHD bZIP)/Jurkat-NFATC1-ChIP-Seq(Jolma_et_al.)/Homer","SARTGGAAAAWRTGAGTCAB","1e0","-1.907e-01","1.0000","15.0","1.08","639.8","1.34","0.805970149253731","-0.0936810428778579","0","17","NFAT_AP1_complex"
"Ets1-distal(ETS)/CD4+-PolII-ChIP-Seq(Barski_et_al.)/Homer","MACAGGAAGT","1e0","-1.904e-01","1.0000","43.0","3.10","1689.9","3.53","0.878186968838527","-0.0564130115535499","0","24","ETS1"
"HIF-1a(bHLH)/MCF7-HIF1a-ChIP-Seq(GSE28352)/Homer","TACGTGCV","1e0","-1.897e-01","1.0000","39.0","2.81","1542.7","3.22","0.872670807453416","-0.059149551790751","0","163","HIF1A"
"NFkB-p65(RHD)/GM12787-p65-ChIP-Seq(GSE19485)/Homer","WGGGGATTTCCC","1e0","-1.744e-01","1.0000","42.0","3.02","1665.7","3.48","0.867816091954023","-0.0615723009894303","0","53","NFKB1_RELA"
"Slug(Zf)/Mesoderm-Snai2-ChIP-Seq(GSE61475)/Homer","SNGCACCTGCHS","1e0","-1.668e-01","1.0000","57.0","4.10","2224.4","4.64","0.883620689655172","-0.0537341238351454","0","8","SNAI2"
"HRE(HSF)/Striatum-HSF1-ChIP-Seq(GSE38000)/Homer","TTCTAGAABNTTCTA","1e0","-1.640e-01","1.0000","15.0","1.08","653.3","1.36","0.794117647058824","-0.100115152883268","0","148","HRE"
"DMRT1(DM)/Testis-DMRT1-ChIP-Seq(GSE64892)/Homer","TWGHWACAWTGTWDC","1e0","-1.604e-01","1.0000","29.0","2.09","1191.7","2.49","0.839357429718875","-0.0760530609846824","0","134","DMRT1"
"ETS:RUNX(ETS Runt)/Jurkat-RUNX1-ChIP-Seq(GSE17954)/Homer","RCAGGATGTGGT","1e0","-1.578e-01","1.0000","5.0","0.36","253.0","0.53","0.679245283018868","-0.167973368833502","0","116","RUNX1"
"GATA(Zf) IR3/iTreg-Gata3-ChIP-Seq(GSE20898)/Homer","NNNNNBAGATAWYATCTVHN","1e0","-1.571e-01","1.0000","16.0","1.15","696.8","1.45","0.793103448275862","-0.100670161881363","0","38","GATA3"
"AMYB(HTH)/Testes-AMYB-ChIP-Seq(GSE44588)/Homer","TGGCAGTTGG","1e0","-1.506e-01","1.0000","223.0","16.05","8195.3","17.11","0.938047925189948","-0.0277749728002093","0","21","MYBL1"
"bHLHE41(bHLH)/proB-Bhlhe41-ChIP-Seq(GSE93764)/Homer","KCACGTGMCN","1e0","-1.504e-01","1.0000","143.0","10.30","5351.0","11.17","0.922112802148612","-0.0352159484104368","0","13","bHLHE41"
"AR-halfsite(NR)/LNCaP-AR-ChIP-Seq(GSE27824)/Homer","CCAGGAACAG","1e0","-1.462e-01","1.0000","401.0","28.87","14458.4","30.19","0.956276912885061","-0.0194163291423773","0","145","AR(NR)"
"ETS(ETS)/Promoter/Homer","AACCGGAAGT","1e0","-1.350e-01","1.0000","39.0","2.81","1589.5","3.32","0.846385542168675","-0.0724317637989564","0","24","ETS1"
"REST-NRSF(Zf)/Jurkat-NRSF-ChIP-Seq/Homer","GGMGCTGTCCATGGTGCTGA","1e0","-1.321e-01","1.0000","1.0","0.07","72.5","0.15","0.466666666666667","-0.330993219041424","0","50","REST"
"ZNF415(Zf)/HEK293-ZNF415.GFP-ChIP-Seq(GSE58341)/Homer","GRTGMTRGAGCC","1e0","-1.293e-01","1.0000","57.0","4.10","2265.1","4.73","0.866807610993657","-0.0620772840180761","0","145","ZNF415"
"EWS:FLI1-fusion(ETS)/SK_N_MC-EWS:FLI1-ChIP-Seq(SRA014231)/Homer","VACAGGAAAT","1e0","-1.278e-01","1.0000","79.0","5.69","3075.8","6.42","0.886292834890966","-0.0524227616737821","0","24","EWSR1_FLI1_fusion"
"Bcl11a(Zf)/HSPC-BCL11A-ChIP-Seq(GSE104676)/Homer","TYTGACCASWRG","1e0","-1.276e-01","1.0000","75.0","5.40","2929.3","6.12","0.882352941176471","-0.0543576623225926","0","130","BCL11A"
"FXR(NR) IR1/Liver-FXR-ChIP-Seq(Chong_et_al.)/Homer","AGGTCANTGACCTB","1e0","-1.228e-01","1.0000","24.0","1.73","1031.8","2.15","0.804651162790698","-0.0943923567868099","0","74","NR1H4(NR)"
"ETS1(ETS)/Jurkat-ETS1-ChIP-Seq(GSE17954)/Homer","ACAGGAAGTG","1e0","-1.218e-01","1.0000","133.0","9.58","5042.0","10.53","0.909781576448243","-0.0410628621069421","0","24","ETS1"
"ZNF322(Zf)/HEK293-ZNF322.GFP-ChIP-Seq(GSE58341)/Homer","GAGCCTGGTACTGWGCCTGR","1e0","-1.202e-01","1.0000","15.0","1.08","681.6","1.42","0.76056338028169","-0.118864588896107","0","167","ZNF322"
"ZBTB12(Zf)/HEK293-ZBTB12.GFP-ChIP-Seq(GSE58341)/Homer","NGNTCTAGAACCNGV","1e0","-1.173e-01","1.0000","38.0","2.74","1570.0","3.28","0.835365853658537","-0.0781232808912911","0","148","ZBTB12"
"PR(NR)/T47D-PR-ChIP-Seq(GSE31130)/Homer","VAGRACAKNCTGTBC","1e0","-1.153e-01","1.0000","260.0","18.72","9580.8","20.00","0.936","-0.0287241512618948","0","80","PGR(NR)"
"Otx2(Homeobox)/EpiLC-Otx2-ChIP-Seq(GSE56098)/Homer","NYTAATCCYB","1e0","-1.152e-01","1.0000","98.0","7.06","3787.0","7.91","0.892541087231353","-0.0493717824458728","0","37","OTX2"
"NF1:FOXA1(CTF Forkhead)/LNCAP-FOXA1-ChIP-Seq(GSE27824)/Homer","WNTGTTTRYTTTGGCA","1e0","-1.117e-01","1.0000","4.0","0.29","227.9","0.48","0.604166666666667","-0.218843239476631","0","55","FOXA1_NF1"
"RBPJ:Ebox(? bHLH)/Panc1-Rbpj1-ChIP-Seq(GSE47459)/Homer","GGGRAARRGRMCAGMTG","1e0","-1.115e-01","1.0000","25.0","1.80","1080.7","2.26","0.796460176991151","-0.0988359340440948","0","8","RBPJ"
"Gli2(Zf)/GM2-Gli2-ChIP-Chip(GSE112702)/Homer","YSTGGGTGGTCT","1e0","-1.027e-01","1.0000","13.0","0.94","614.4","1.28","0.734375","-0.13408211604817","0","2","GIL2"
"Tbet(T-box)/CD8-Tbet-ChIP-Seq(GSE33802)/Homer","AGGTGTGAAM","1e0","-1.005e-01","1.0000","161.0","11.59","6091.3","12.72","0.911163522012579","-0.0404036753487991","0","41","TBX21"
"BMYB(HTH)/Hela-BMYB-ChIP-Seq(GSE27030)/Homer","NHAACBGYYV","1e0","-9.481e-02","1.0000","265.0","19.08","9812.7","20.49","0.931185944363104","-0.0309635880331187","0","21","MYBL2"
"Elf4(ETS)/BMDM-Elf4-ChIP-Seq(GSE88699)/Homer","ACTTCCKGKT","1e0","-9.390e-02","1.0000","121.0","8.71","4663.2","9.74","0.894250513347023","-0.0485408018709523","0","24","ELF4"
"HOXB13(Homeobox)/ProstateTumor-HOXB13-ChIP-Seq(GSE56288)/Homer","TTTTATKRGG","1e0","-9.377e-02","1.0000","192.0","13.82","7218.1","15.07","0.917053749170538","-0.0376052092764522","0","32","HOXB13"
"GATA3(Zf)/iTreg-Gata3-ChIP-Seq(GSE20898)/Homer","AGATAASR","1e0","-9.275e-02","1.0000","214.0","15.41","8006.1","16.72","0.921650717703349","-0.0354336343845782","0","31","GATA3"
"Ap4(bHLH)/AML-Tfap4-ChIP-Seq(GSE45738)/Homer","NAHCAGCTGD","1e0","-8.711e-02","1.0000","225.0","16.20","8414.9","17.57","0.922026180990324","-0.035256746952664","0","8","TFAP4"
"AP-2alpha(AP2)/Hela-AP2alpha-ChIP-Seq(GSE31477)/Homer","ATGCCCTGAGGC","1e0","-7.245e-02","1.0000","44.0","3.17","1860.4","3.88","0.81701030927835","-0.0877724633764557","0","114","TFAP2A"
"PAX6(Paired Homeobox)/Forebrain-Pax6-ChIP-Seq(GSE66961)/Homer","NGTGTTCAVTSAAGCGKAAA","1e0","-6.868e-02","1.0000","9.0","0.65","477.7","1.00","0.65","-0.187086643357144","0","61","PAX6"
"Mouse_Recombination_Hotspot(Zf)/Testis-DMC1-ChIP-Seq(GSE24438)/Homer","ACTYKNATTCGTGNTACTTC","1e0","-6.640e-02","1.0000","5.0","0.36","301.5","0.63","0.571428571428571","-0.243038048686294","0","173","DMC1"
"Zfp57(Zf)/H1-ZFP57.HA-ChIP-Seq(GSE115387)/Homer","NANTGCSGCA","1e0","-6.622e-02","1.0000","30.0","2.16","1331.7","2.78","0.776978417266187","-0.109591044767145","0","173","ZFP57"
"ISRE(IRF)/ThioMac-LPS-Expression(GSE23622)/Homer","AGTTTCASTTTC","1e0","-6.621e-02","1.0000","6.0","0.43","347.8","0.73","0.589041095890411","-0.229854404540869","0","53","ISRE(STAT1/STAT2/IRF9)"
"Hoxa9(Homeobox)/ChickenMSG-Hoxa9.Flag-ChIP-Seq(GSE86088)/Homer","RGCAATNAAA","1e0","-6.339e-02","1.0000","428.0","30.81","15669.8","32.72","0.941625916870416","-0.0261215966823448","0","32","HOXA9"
"MYNN(Zf)/HEK293-MYNN.eGFP-ChIP-Seq(Encode)/Homer","TTCAAAWTAAAAGTC","1e0","-6.227e-02","1.0000","43.0","3.10","1841.7","3.85","0.805194805194805","-0.094099035674228","0","159","MYNN"
"IRF1(IRF)/PBMC-IRF1-ChIP-Seq(GSE43036)/Homer","GAAAGTGAAAGT","1e0","-5.566e-02","1.0000","15.0","1.08","746.9","1.56","0.692307692307692","-0.159700842867512","0","53","IRF1"
"PGR(NR)/EndoStromal-PGR-ChIP-Seq(GSE69539)/Homer","AAGAACATWHTGTTC","1e0","-5.067e-02","1.0000","21.0","1.51","1000.5","2.09","0.722488038277512","-0.141169338817884","0","80","PGR(NR)"
"Ascl1(bHLH)/NeuralTubes-Ascl1-ChIP-Seq(GSE55840)/Homer","NNVVCAGCTGBN","1e0","-4.705e-02","1.0000","195.0","14.04","7486.8","15.63","0.898272552783109","-0.0465918702254005","0","8","ASCL1"
"p73(p53)/Trachea-p73-ChIP-Seq(PRJNA310161)/Homer","NRRRCAWGTCCDGRCATGYY","1e0","-4.689e-02","1.0000","2.0","0.14","167.1","0.35","0.4","-0.397940008672037","0","1","TP73"
"PU.1-IRF(ETS:IRF)/Bcell-PU.1-ChIP-Seq(GSE21512)/Homer","MGGAAGTGAAAC","1e0","-4.180e-02","1.0000","132.0","9.50","5223.0","10.90","0.871559633027523","-0.0597028926517759","0","53","SPI1"
"Tcfcp2l1(CP2)/mES-Tcfcp2l1-ChIP-Seq(GSE11431)/Homer","NRAACCRGTTYRAACCRGYT","1e0","-4.131e-02","1.0000","12.0","0.86","642.4","1.34","0.641791044776119","-0.19260634712124","0","1","TFCP2L1"
"PRDM14(Zf)/H1-PRDM14-ChIP-Seq(GSE22767)/Homer","RGGTCTCTAACY","1e0","-4.058e-02","1.0000","24.0","1.73","1142.3","2.38","0.726890756302521","-0.138530853927717","0","147","PRDM14"
"DUX4(Homeobox)/Myoblasts-DUX4.V5-ChIP-Seq(GSE75791)/Homer","NWTAAYCYAATCAWN","1e0","-3.954e-02","1.0000","5.0","0.36","329.4","0.69","0.521739130434783","-0.282546589969968","0","26","DUX4"
"Bapx1(Homeobox)/VertebralCol-Bapx1-ChIP-Seq(GSE36672)/Homer","TTRAGTGSYK","1e0","-3.716e-02","1.0000","267.0","19.22","10123.9","21.14","0.909176915799432","-0.0413515996388809","0","11","NKX3-2"
"AP-2gamma(AP2)/MCF7-TFAP2C-ChIP-Seq(GSE21234)/Homer","SCCTSAGGSCAW","1e0","-3.614e-02","1.0000","57.0","4.10","2447.4","5.11","0.802348336594912","-0.0956370434149773","0","115","TFAP2C"
"EHF(ETS)/LoVo-EHF-ChIP-Seq(GSE49402)/Homer","AVCAGGAAGT","1e0","-3.559e-02","1.0000","160.0","11.52","6277.0","13.11","0.878718535469108","-0.056150212602891","0","48","EHF"
"Arnt:Ahr(bHLH)/MCF7-Arnt-ChIP-Seq(Lo_et_al.)/Homer","TBGCACGCAA","1e0","-3.558e-02","1.0000","95.0","6.84","3883.1","8.11","0.843403205918619","-0.0739647524910398","0","77","ARNT(HIF1B)"
"ZEB1(Zf)/PDAC-ZEB1-ChIP-Seq(GSE64557)/Homer","VCAGGTRDRY","1e0","-3.518e-02","1.0000","197.0","14.18","7621.1","15.91","0.891263356379635","-0.0499939487995338","0","8","ZEB1"
"Gata4(Zf)/Heart-Gata4-ChIP-Seq(GSE35151)/Homer","NBWGATAAGR","1e0","-3.506e-02","1.0000","137.0","9.86","5438.2","11.35","0.868722466960352","-0.0611189465879303","0","30","GATA4"
"PSE(SNAPc)/K562-mStart-Seq/Homer","WAVTCACCMTAASYDAAAAG","1e0","-3.365e-02","1.0000","66.0","4.75","2800.2","5.85","0.811965811965812","-0.0904622564573139","0","126","PSE"
"Unknown(Homeobox)/Limb-p300-ChIP-Seq/Homer","SSCMATWAAA","1e0","-3.203e-02","1.0000","103.0","7.42","4198.8","8.77","0.846066134549601","-0.0725956880870134","0","32","Unknown"
"Brachyury(T-box)/Mesoendoderm-Brachyury-ChIP-exo(GSE54963)/Homer","ANTTMRCASBNNNGTGYKAAN","1e0","-3.171e-02","1.0000","37.0","2.66","1686.7","3.52","0.755681818181818","-0.121661026847064","0","41","TBXT"
"Hoxd10(Homeobox)/ChickenMSG-Hoxd10.Flag-ChIP-Seq(GSE86088)/Homer","GGCMATGAAA","1e0","-3.071e-02","1.0000","167.0","12.02","6560.4","13.70","0.877372262773723","-0.0568160994896861","0","32","HOXD10"
"NRF(NRF)/Promoter/Homer","STGCGCATGCGC","1e0","-2.947e-02","1.0000","11.0","0.79","622.8","1.30","0.607692307692308","-0.216316261016395","0","7","NRF1"
"Nkx2.2(Homeobox)/NPC-Nkx2.2-ChIP-Seq(GSE61673)/Homer","BTBRAGTGSN","1e0","-2.939e-02","1.0000","228.0","16.41","8778.5","18.33","0.895253682487725","-0.0480538839091234","0","11","NKX2-2"
"Fli1(ETS)/CD8-FLI-ChIP-Seq(GSE20898)/Homer","NRYTTCCGGH","1e0","-2.896e-02","1.0000","144.0","10.37","5731.0","11.97","0.866332497911445","-0.0623153940173697","0","24","FLI1"
"Hoxd12(Homeobox)/ChickenMSG-Hoxd12.Flag-ChIP-Seq(GSE86088)/Homer","HDGYAATGAAAN","1e0","-2.450e-02","1.0000","290.0","20.88","11042.9","23.06","0.905464006938422","-0.0431288086284556","0","32","HOXD12"
"GABPA(ETS)/Jurkat-GABPa-ChIP-Seq(GSE17954)/Homer","RACCGGAAGT","1e0","-2.324e-02","1.0000","105.0","7.56","4324.0","9.03","0.837209302325582","-0.0771659548122992","0","24","GABPA"
"EBF2(EBF)/BrownAdipose-EBF2-ChIP-Seq(GSE97114)/Homer","NABTCCCWDGGGAVH","1e0","-2.298e-02","1.0000","46.0","3.31","2076.8","4.34","0.762672811059908","-0.117661735736792","0","90","EBF2"
"MyoG(bHLH)/C2C12-MyoG-ChIP-Seq(GSE36024)/Homer","AACAGCTG","1e0","-2.117e-02","1.0000","180.0","12.96","7106.9","14.84","0.873315363881402","-0.0588288994084337","0","8","MYOG"
"Nr5a2(NR)/Pancreas-LRH1-ChIP-Seq(GSE34295)/Homer","BTCAAGGTCA","1e0","-1.950e-02","1.0000","43.0","3.10","1976.8","4.13","0.750605326876513","-0.124588357822128","0","71","NR5A2(NR)"
"HEB(bHLH)/mES-Heb-ChIP-Seq(GSE53233)/Homer","VCAGCTGBNN","1e0","-1.781e-02","1.0000","240.0","17.28","9317.5","19.45","0.888431876606684","-0.051375867518852","0","8","TCF12"
"STAT6(Stat)/Macrophage-Stat6-ChIP-Seq(GSE38377)/Homer","TTCCKNAGAA","1e0","-1.634e-02","1.0000","46.0","3.31","2114.7","4.42","0.748868778280543","-0.125594275573373","0","111","STAT6"
"ETV1(ETS)/GIST48-ETV1-ChIP-Seq(GSE22441)/Homer","AACCGGAAGT","1e0","-1.625e-02","1.0000","165.0","11.88","6606.8","13.79","0.861493836113126","-0.064747825530675","0","24","ETV1"
"Elk1(ETS)/Hela-Elk1-ChIP-Seq(GSE31477)/Homer","HACTTCCGGY","1e0","-1.624e-02","1.0000","62.0","4.46","2741.4","5.72","0.77972027972028","-0.108061170080882","0","24","ELK1"
"IRF4(IRF)/GM12878-IRF4-ChIP-Seq(GSE32465)/Homer","ACTGAAACCA","1e0","-1.460e-02","1.0000","49.0","3.53","2245.9","4.69","0.752665245202559","-0.123398137327261","0","169","IRF4"
"THRb(NR)/Liver-NR1A2-ChIP-Seq(GSE52613)/Homer","TRAGGTCA","1e0","-1.390e-02","1.0000","434.0","31.25","16282.1","33.99","0.919388055310385","-0.0365011429029657","0","61","THRB(NR)"
"ELF1(ETS)/Jurkat-ELF1-ChIP-Seq(SRA014231)/Homer","AVCCGGAAGT","1e0","-1.363e-02","1.0000","52.0","3.74","2371.4","4.95","0.755555555555556","-0.121733596733089","0","24","ELF1"
"SF1(NR)/H295R-Nr5a1-ChIP-Seq(GSE44220)/Homer","CAAGGHCANV","1e0","-1.188e-02","1.0000","27.0","1.94","1376.8","2.87","0.67595818815331","-0.170080166803766","0","162","NR5A1(NR)"
"Tcf12(bHLH)/GM12878-Tcf12-ChIP-Seq(GSE32465)/Homer","VCAGCTGYTG","1e0","-1.175e-02","1.0000","154.0","11.09","6257.1","13.06","0.849157733537519","-0.0710116307898951","0","8","TCF12"
"EBF1(EBF)/Near-E2A-ChIP-Seq(GSE21512)/Homer","GTCCCCWGGGGA","1e0","-1.088e-02","1.0000","56.0","4.03","2554.1","5.33","0.75609756097561","-0.121422162885463","0","118","EBF1"
"HIF-1b(HLH)/T47D-HIF1b-ChIP-Seq(GSE59937)/Homer","RTACGTGC","1e0","-1.072e-02","1.0000","187.0","13.46","7488.8","15.64","0.860613810741688","-0.0651916888358712","0","80","ARNT(HIF1B)"
"Elk4(ETS)/Hela-Elk4-ChIP-Seq(GSE31477)/Homer","NRYTTCCGGY","1e0","-8.556e-03","1.0000","67.0","4.82","3013.4","6.29","0.766295707472178","-0.115603607206419","0","24","ELK4"
"Hoxd11(Homeobox)/ChickenMSG-Hoxd11.Flag-ChIP-Seq(GSE86088)/Homer","VGCCATAAAA","1e0","-8.312e-03","1.0000","400.0","28.80","15199.2","31.73","0.907658367475575","-0.0420775843411814","0","31","HOXD11"
"ERG(ETS)/VCaP-ERG-ChIP-Seq(GSE14097)/Homer","ACAGGAAGTG","1e0","-4.958e-03","1.0000","176.0","12.67","7214.9","15.06","0.841301460823373","-0.0750483569812405","0","24","ERG"
"Tbx6(T-box)/ESC-Tbx6-ChIP-Seq(GSE93524)/Homer","DAGGTGTBAA","1e0","-4.739e-03","1.0000","125.0","9.00","5314.9","11.10","0.810810810810811","-0.0910804693473325","0","40","TBX6"
"Zfp809(Zf)/ES-Zfp809-ChIP-Seq(GSE70799)/Homer","GGGGCTYGKCTGGGA","1e0","-4.481e-03","1.0000","7.0","0.50","544.8","1.14","0.43859649122807","-0.357934847000454","0","131","Zfp809(mouse)"
"SPDEF(ETS)/VCaP-SPDEF-ChIP-Seq(SRA014231)/Homer","ASWTCCTGBT","1e0","-4.063e-03","1.0000","123.0","8.86","5260.9","10.98","0.806921675774135","-0.0931686182270224","0","47","SPDEF"
"Ascl2(bHLH)/ESC-Ascl2-ChIP-Seq(GSE97712)/Homer","SSRGCAGCTGCH","1e0","-3.404e-03","1.0000","144.0","10.37","6078.0","12.69","0.817178881008668","-0.0876828657056638","0","8","ASCL2"
"Nkx2.5(Homeobox)/HL1-Nkx2.5.biotin-ChIP-Seq(GSE21529)/Homer","RRSCACTYAA","1e0","-3.030e-03","1.0000","249.0","17.93","9979.3","20.83","0.86077772443591","-0.065108980385563","0","11","NKX2-5"
"Myf5(bHLH)/GM-Myf5-ChIP-Seq(GSE24852)/Homer","BAACAGCTGT","1e0","-2.465e-03","1.0000","120.0","8.64","5214.3","10.89","0.793388429752066","-0.100514137276882","0","8","MYF5"
"MyoD(bHLH)/Myotube-MyoD-ChIP-Seq(GSE21614)/Homer","RRCAGCTGYTSY","1e0","-2.268e-03","1.0000","132.0","9.50","5682.2","11.86","0.801011804384486","-0.096361083739396","0","8","MYOD1"
"E2A(bHLH)/proBcell-E2A-ChIP-Seq(GSE21978)/Homer","DNRCAGCTGY","1e0","-1.892e-03","1.0000","177.0","12.74","7401.0","15.45","0.824595469255664","-0.0837590557615218","0","8","TCF3"
"Nr5a2(NR)/mES-Nr5a2-ChIP-Seq(GSE19019)/Homer","BTCAAGGTCA","1e0","-1.862e-03","1.0000","23.0","1.66","1350.3","2.82","0.588652482269504","-0.230141020279306","0","72","NR5A2(NR)"
"NRF1(NRF)/MCF7-NRF1-ChIP-Seq(Unpublished)/Homer","CTGCGCATGCGC","1e0","-1.352e-03","1.0000","2.0","0.14","306.9","0.64","0.21875","-0.660051938305649","0","7","NRF1"
"Hoxa11(Homeobox)/ChickenMSG-Hoxa11.Flag-ChIP-Seq(GSE86088)/Homer","TTTTATGGCM","1e0","-1.339e-03","1.0000","398.0","28.65","15495.1","32.35","0.885625965996909","-0.0527496587013105","0","32","HOXA11"
"NFkB-p50 p52(RHD)/Monocyte-p50-ChIP-Chip(Schreiber_et_al.)/Homer","GGGGGAATCCCC","1e0","-1.090e-03","1.0000","6.0","0.43","561.0","1.17","0.367521367521368","-0.434717406166575","0","54","NFKB1"
"STAT6(Stat)/CD4-Stat6-ChIP-Seq(GSE22104)/Homer","ABTTCYYRRGAA","1e0","-9.630e-04","1.0000","42.0","3.02","2222.4","4.64","0.650862068965517","-0.18651103759773","0","112","STAT6"
"ETV4(ETS)/HepG2-ETV4-ChIP-Seq(ENCODE)/Homer","ACCGGAAGTG","1e0","-8.180e-04","1.0000","113.0","8.14","5084.4","10.62","0.766478342749529","-0.115500111856249","0","24","ETV4"
"Eomes(T-box)/H9-Eomes-ChIP-Seq(GSE26097)/Homer","ATTAACACCT","1e0","-6.010e-04","1.0000","308.0","22.17","12399.5","25.89","0.856315179606026","-0.0673663573203838","0","41","EOMES"
"Barx1(Homeobox)/Stomach-Barx1.3xFlag-ChIP-Seq(GSE69483)/Homer","AAACMATTAN","1e0","-2.750e-04","1.0000","63.0","4.54","3208.8","6.70","0.677611940298507","-0.169018949843722","0","25","BARX1"
"Tbr1(T-box)/Cortex-Tbr1-ChIP-Seq(GSE71384)/Homer","AAGGTGTKAA","1e0","-2.400e-05","1.0000","211.0","15.19","9264.2","19.34","0.785418821096174","-0.104898695884197","0","41","TBR1"
"DUX(Homeobox)/C2C12-Dux-ChIP-Seq(GSE87279)/Homer","BCWGATTCAATCAAN","1e0","0.000e+00","1.0000","0.0","0.00","24.2","0.05","0","0","0","152","DUX4"
"ZNF382(Zf)/HEK293-ZNF382.GFP-ChIP-Seq(GSE58341)/Homer","GNCTGTASTRNTGBCTCHTT","1e0","0.000e+00","1.0000","0.0","0.00","91.8","0.19","0","0","0","88","ZNF382"
"T1ISRE(IRF)/ThioMac-Ifnb-Expression/Homer","ACTTTCGTTTCT","1e0","0.000e+00","1.0000","0.0","0.00","61.2","0.13","0","0","0","49","SRF(SRE)"
"ZNF16(Zf)/HEK293-ZNF16.GFP-ChIP-Seq(GSE58341)/Homer","MACCTTCYATGGCTCCCTAKTGCCY","1e0","0.000e+00","1.0000","0.0","0.00","5.6","0.01","0","0","0","65","ZNF16"
"ZNF528(Zf)/HEK293-ZNF528.GFP-ChIP-Seq(GSE58341)/Homer","AGAAATGACTTCCCT","1e0","0.000e+00","1.0000","0.0","0.00","22.2","0.05","0","0","0","62","ZNF528"
"ZFP3(Zf)/HEK293-ZFP3.GFP-ChIP-Seq(GSE58341)/Homer","GGGTTTTGAAGGATGARTAGGAGTT","1e0","0.000e+00","1.0000","0.0","0.00","39.5","0.08","0","0","0","121","ZFP3"
"EBNA1(EBV-virus)/Raji-EBNA1-ChIP-Seq(GSE30709)/Homer","GGYAGCAYDTGCTDCCCNNN","1e0","0.000e+00","1.0000","0.0","0.00","32.5","0.07","0","0","0","151","EBNA1(EBV-virus)"
"RAR:RXR(NR) DR5/ES-RAR-ChIP-Seq(GSE56893)/Homer","RGGTCADNNAGAGGTCAV","1e0","0.000e+00","1.0000","0.0","0.00","109.1","0.23","0","0","0","160","RAR_RXR(NR)"
